Transaction_ID,Loan_ID,Customer_ID,EMI_Amount,Principal_Component,Interest_Component,Payment_Date,Payment_Status
TXN_LOAN0001_1,LOAN0001,CUST0153,27990.39,21525.71,6464.68,2023-05-02,Paid
TXN_LOAN0001_2,LOAN0001,CUST0153,27990.39,21683.31,6307.08,2023-06-02,Paid
TXN_LOAN0001_3,LOAN0001,CUST0153,27990.39,21842.06,6148.33,2023-07-02,Paid
TXN_LOAN0001_4,LOAN0001,CUST0153,27990.39,22001.98,5988.41,2023-08-02,Paid
TXN_LOAN0001_5,LOAN0001,CUST0153,27990.39,22163.06,5827.33,2023-09-02,Paid
TXN_LOAN0001_6,LOAN0001,CUST0153,27990.39,22325.33,5665.06,2023-10-02,Paid
TXN_LOAN0001_7,LOAN0001,CUST0153,27990.39,22488.79,5501.6,2023-11-02,Paid
TXN_LOAN0001_8,LOAN0001,CUST0153,27990.39,22653.44,5336.95,2023-12-02,Paid
TXN_LOAN0001_9,LOAN0001,CUST0153,27990.39,22819.29,5171.1,2024-01-02,Missed
TXN_LOAN0001_10,LOAN0001,CUST0153,27990.39,22986.37,5004.02,2024-02-02,Paid
TXN_LOAN0001_11,LOAN0001,CUST0153,27990.39,23154.66,4835.73,2024-03-02,Paid
TXN_LOAN0001_12,LOAN0001,CUST0153,27990.39,23324.19,4666.2,2024-04-02,Missed
TXN_LOAN0001_13,LOAN0001,CUST0153,27990.39,23494.95,4495.44,2024-05-02,Paid
TXN_LOAN0001_14,LOAN0001,CUST0153,27990.39,23666.97,4323.42,2024-06-02,Paid
TXN_LOAN0001_15,LOAN0001,CUST0153,27990.39,23840.25,4150.14,2024-07-02,Missed
TXN_LOAN0001_16,LOAN0001,CUST0153,27990.39,24014.8,3975.59,2024-08-02,Paid
TXN_LOAN0001_17,LOAN0001,CUST0153,27990.39,24190.62,3799.77,2024-09-02,Paid
TXN_LOAN0001_18,LOAN0001,CUST0153,27990.39,24367.73,3622.66,2024-10-02,Paid
TXN_LOAN0001_19,LOAN0001,CUST0153,27990.39,24546.14,3444.25,2024-11-02,Paid
TXN_LOAN0001_20,LOAN0001,CUST0153,27990.39,24725.85,3264.54,2024-12-02,Paid
TXN_LOAN0001_21,LOAN0001,CUST0153,27990.39,24906.88,3083.51,2025-01-02,Missed
TXN_LOAN0001_22,LOAN0001,CUST0153,27990.39,25089.24,2901.15,2025-02-02,Paid
TXN_LOAN0001_23,LOAN0001,CUST0153,27990.39,25272.93,2717.46,2025-03-02,Paid
TXN_LOAN0001_24,LOAN0001,CUST0153,27990.39,25457.96,2532.43,2025-04-02,Paid
TXN_LOAN0001_25,LOAN0001,CUST0153,27990.39,25644.35,2346.04,2025-05-02,Paid
TXN_LOAN0001_26,LOAN0001,CUST0153,27990.39,25832.11,2158.28,2025-06-02,Paid
TXN_LOAN0001_27,LOAN0001,CUST0153,27990.39,26021.24,1969.15,2025-07-02,Paid
TXN_LOAN0001_28,LOAN0001,CUST0153,27990.39,26211.75,1778.64,2025-08-02,Paid
TXN_LOAN0001_29,LOAN0001,CUST0153,27990.39,26403.66,1586.73,2025-09-02,Paid
TXN_LOAN0001_30,LOAN0001,CUST0153,27990.39,26596.98,1393.41,2025-10-02,Missed
TXN_LOAN0001_31,LOAN0001,CUST0153,27990.39,26791.71,1198.68,2025-11-02,Paid
TXN_LOAN0001_32,LOAN0001,CUST0153,27990.39,26987.86,1002.53,2025-12-02,Paid
TXN_LOAN0001_33,LOAN0001,CUST0153,27990.39,27185.45,804.94,2026-01-02,Paid
TXN_LOAN0001_34,LOAN0001,CUST0153,27990.39,27384.49,605.9,2026-02-02,Missed
TXN_LOAN0001_35,LOAN0001,CUST0153,27990.39,27584.99,405.4,2026-03-02,Missed
TXN_LOAN0001_36,LOAN0001,CUST0153,27990.39,27786.9,203.49,2026-04-02,Paid
TXN_LOAN0002_1,LOAN0002,CUST0145,85587.23,75977.46,9609.77,2023-02-14,Paid
TXN_LOAN0002_2,LOAN0002,CUST0145,85587.23,76735.29,8851.94,2023-03-14,Paid
TXN_LOAN0002_3,LOAN0002,CUST0145,85587.23,77500.67,8086.56,2023-04-14,Paid
TXN_LOAN0002_4,LOAN0002,CUST0145,85587.23,78273.69,7313.54,2023-05-14,Paid
TXN_LOAN0002_5,LOAN0002,CUST0145,85587.23,79054.42,6532.81,2023-06-14,Paid
TXN_LOAN0002_6,LOAN0002,CUST0145,85587.23,79842.94,5744.29,2023-07-14,Missed
TXN_LOAN0002_7,LOAN0002,CUST0145,85587.23,80639.32,4947.91,2023-08-14,Paid
TXN_LOAN0002_8,LOAN0002,CUST0145,85587.23,81443.65,4143.58,2023-09-14,Paid
TXN_LOAN0002_9,LOAN0002,CUST0145,85587.23,82256.0,3331.23,2023-10-14,Paid
TXN_LOAN0002_10,LOAN0002,CUST0145,85587.23,83076.45,2510.78,2023-11-14,Paid
TXN_LOAN0002_11,LOAN0002,CUST0145,85587.23,83905.08,1682.15,2023-12-14,Paid
TXN_LOAN0002_12,LOAN0002,CUST0145,85587.23,84742.03,845.2,2024-01-14,Paid
TXN_LOAN0003_1,LOAN0003,CUST0194,76999.06,70167.29,6831.77,2023-09-17,Paid
TXN_LOAN0003_2,LOAN0003,CUST0194,76999.06,70712.67,6286.39,2023-10-17,Paid
TXN_LOAN0003_3,LOAN0003,CUST0194,76999.06,71262.3,5736.76,2023-11-17,Missed
TXN_LOAN0003_4,LOAN0003,CUST0194,76999.06,71816.19,5182.87,2023-12-17,Paid
TXN_LOAN0003_5,LOAN0003,CUST0194,76999.06,72374.39,4624.67,2024-01-17,Paid
TXN_LOAN0003_6,LOAN0003,CUST0194,76999.06,72936.93,4062.13,2024-02-17,Paid
TXN_LOAN0003_7,LOAN0003,CUST0194,76999.06,73503.85,3495.21,2024-03-17,Paid
TXN_LOAN0003_8,LOAN0003,CUST0194,76999.06,74075.16,2923.9,2024-04-17,Paid
TXN_LOAN0003_9,LOAN0003,CUST0194,76999.06,74650.92,2348.14,2024-05-17,Paid
TXN_LOAN0003_10,LOAN0003,CUST0194,76999.06,75231.16,1767.9,2024-06-17,Paid
TXN_LOAN0003_11,LOAN0003,CUST0194,76999.06,75815.9,1183.16,2024-07-17,Paid
TXN_LOAN0003_12,LOAN0003,CUST0194,76999.06,76405.24,593.82,2024-08-17,Paid
TXN_LOAN0004_1,LOAN0004,CUST0053,12822.75,8527.35,4295.4,2023-04-27,Paid
TXN_LOAN0004_2,LOAN0004,CUST0053,12822.75,8624.53,4198.22,2023-05-27,Paid
TXN_LOAN0004_3,LOAN0004,CUST0053,12822.75,8722.82,4099.93,2023-06-27,Paid
TXN_LOAN0004_4,LOAN0004,CUST0053,12822.75,8822.22,4000.53,2023-07-27,Paid
TXN_LOAN0004_5,LOAN0004,CUST0053,12822.75,8922.76,3899.99,2023-08-27,Paid
TXN_LOAN0004_6,LOAN0004,CUST0053,12822.75,9024.45,3798.3,2023-09-27,Paid
TXN_LOAN0004_7,LOAN0004,CUST0053,12822.75,9127.29,3695.46,2023-10-27,Paid
TXN_LOAN0004_8,LOAN0004,CUST0053,12822.75,9231.31,3591.44,2023-11-27,Paid
TXN_LOAN0004_9,LOAN0004,CUST0053,12822.75,9336.51,3486.24,2023-12-27,Paid
TXN_LOAN0004_10,LOAN0004,CUST0053,12822.75,9442.91,3379.84,2024-01-27,Paid
TXN_LOAN0004_11,LOAN0004,CUST0053,12822.75,9550.52,3272.23,2024-02-27,Paid
TXN_LOAN0004_12,LOAN0004,CUST0053,12822.75,9659.36,3163.39,2024-03-27,Paid
TXN_LOAN0004_13,LOAN0004,CUST0053,12822.75,9769.44,3053.31,2024-04-27,Paid
TXN_LOAN0004_14,LOAN0004,CUST0053,12822.75,9880.78,2941.97,2024-05-27,Paid
TXN_LOAN0004_15,LOAN0004,CUST0053,12822.75,9993.38,2829.37,2024-06-27,Missed
TXN_LOAN0004_16,LOAN0004,CUST0053,12822.75,10107.27,2715.48,2024-07-27,Paid
TXN_LOAN0004_17,LOAN0004,CUST0053,12822.75,10222.45,2600.3,2024-08-27,Paid
TXN_LOAN0004_18,LOAN0004,CUST0053,12822.75,10338.95,2483.8,2024-09-27,Paid
TXN_LOAN0004_19,LOAN0004,CUST0053,12822.75,10456.77,2365.98,2024-10-27,Paid
TXN_LOAN0004_20,LOAN0004,CUST0053,12822.75,10575.94,2246.81,2024-11-27,Paid
TXN_LOAN0004_21,LOAN0004,CUST0053,12822.75,10696.46,2126.29,2024-12-27,Missed
TXN_LOAN0004_22,LOAN0004,CUST0053,12822.75,10818.36,2004.39,2025-01-27,Missed
TXN_LOAN0004_23,LOAN0004,CUST0053,12822.75,10941.65,1881.1,2025-02-27,Paid
TXN_LOAN0004_24,LOAN0004,CUST0053,12822.75,11066.34,1756.41,2025-03-27,Paid
TXN_LOAN0004_25,LOAN0004,CUST0053,12822.75,11192.46,1630.29,2025-04-27,Paid
TXN_LOAN0004_26,LOAN0004,CUST0053,12822.75,11320.01,1502.74,2025-05-27,Paid
TXN_LOAN0004_27,LOAN0004,CUST0053,12822.75,11449.01,1373.74,2025-06-27,Paid
TXN_LOAN0004_28,LOAN0004,CUST0053,12822.75,11579.49,1243.26,2025-07-27,Paid
TXN_LOAN0004_29,LOAN0004,CUST0053,12822.75,11711.45,1111.3,2025-08-27,Paid
TXN_LOAN0004_30,LOAN0004,CUST0053,12822.75,11844.92,977.83,2025-09-27,Missed
TXN_LOAN0004_31,LOAN0004,CUST0053,12822.75,11979.9,842.85,2025-10-27,Paid
TXN_LOAN0004_32,LOAN0004,CUST0053,12822.75,12116.43,706.32,2025-11-27,Paid
TXN_LOAN0004_33,LOAN0004,CUST0053,12822.75,12254.51,568.24,2025-12-27,Paid
TXN_LOAN0004_34,LOAN0004,CUST0053,12822.75,12394.16,428.59,2026-01-27,Paid
TXN_LOAN0004_35,LOAN0004,CUST0053,12822.75,12535.41,287.34,2026-02-27,Paid
TXN_LOAN0004_36,LOAN0004,CUST0053,12822.75,12678.43,144.32,2026-03-27,Paid
TXN_LOAN0005_1,LOAN0005,CUST0104,17375.35,11144.69,6230.66,2023-06-13,Paid
TXN_LOAN0005_2,LOAN0005,CUST0104,17375.35,11283.02,6092.33,2023-07-13,Paid
TXN_LOAN0005_3,LOAN0005,CUST0104,17375.35,11423.07,5952.28,2023-08-13,Paid
TXN_LOAN0005_4,LOAN0005,CUST0104,17375.35,11564.86,5810.49,2023-09-13,Paid
TXN_LOAN0005_5,LOAN0005,CUST0104,17375.35,11708.4,5666.95,2023-10-13,Paid
TXN_LOAN0005_6,LOAN0005,CUST0104,17375.35,11853.73,5521.62,2023-11-13,Paid
TXN_LOAN0005_7,LOAN0005,CUST0104,17375.35,12000.86,5374.49,2023-12-13,Paid
TXN_LOAN0005_8,LOAN0005,CUST0104,17375.35,12149.82,5225.53,2024-01-13,Paid
TXN_LOAN0005_9,LOAN0005,CUST0104,17375.35,12300.62,5074.73,2024-02-13,Paid
TXN_LOAN0005_10,LOAN0005,CUST0104,17375.35,12453.3,4922.05,2024-03-13,Paid
TXN_LOAN0005_11,LOAN0005,CUST0104,17375.35,12607.88,4767.47,2024-04-13,Paid
TXN_LOAN0005_12,LOAN0005,CUST0104,17375.35,12764.37,4610.98,2024-05-13,Paid
TXN_LOAN0005_13,LOAN0005,CUST0104,17375.35,12922.8,4452.55,2024-06-13,Paid
TXN_LOAN0005_14,LOAN0005,CUST0104,17375.35,13083.2,4292.15,2024-07-13,Paid
TXN_LOAN0005_15,LOAN0005,CUST0104,17375.35,13245.59,4129.76,2024-08-13,Missed
TXN_LOAN0005_16,LOAN0005,CUST0104,17375.35,13410.0,3965.35,2024-09-13,Paid
TXN_LOAN0005_17,LOAN0005,CUST0104,17375.35,13576.45,3798.9,2024-10-13,Paid
TXN_LOAN0005_18,LOAN0005,CUST0104,17375.35,13744.96,3630.39,2024-11-13,Paid
TXN_LOAN0005_19,LOAN0005,CUST0104,17375.35,13915.57,3459.78,2024-12-13,Paid
TXN_LOAN0005_20,LOAN0005,CUST0104,17375.35,14088.29,3287.06,2025-01-13,Paid
TXN_LOAN0005_21,LOAN0005,CUST0104,17375.35,14263.16,3112.19,2025-02-13,Paid
TXN_LOAN0005_22,LOAN0005,CUST0104,17375.35,14440.19,2935.16,2025-03-13,Paid
TXN_LOAN0005_23,LOAN0005,CUST0104,17375.35,14619.43,2755.92,2025-04-13,Paid
TXN_LOAN0005_24,LOAN0005,CUST0104,17375.35,14800.89,2574.46,2025-05-13,Paid
TXN_LOAN0005_25,LOAN0005,CUST0104,17375.35,14984.6,2390.75,2025-06-13,Paid
TXN_LOAN0005_26,LOAN0005,CUST0104,17375.35,15170.59,2204.76,2025-07-13,Paid
TXN_LOAN0005_27,LOAN0005,CUST0104,17375.35,15358.89,2016.46,2025-08-13,Paid
TXN_LOAN0005_28,LOAN0005,CUST0104,17375.35,15549.53,1825.82,2025-09-13,Missed
TXN_LOAN0005_29,LOAN0005,CUST0104,17375.35,15742.53,1632.82,2025-10-13,Paid
TXN_LOAN0005_30,LOAN0005,CUST0104,17375.35,15937.93,1437.42,2025-11-13,Paid
TXN_LOAN0005_31,LOAN0005,CUST0104,17375.35,16135.76,1239.59,2025-12-13,Paid
TXN_LOAN0005_32,LOAN0005,CUST0104,17375.35,16336.04,1039.31,2026-01-13,Paid
TXN_LOAN0005_33,LOAN0005,CUST0104,17375.35,16538.8,836.55,2026-02-13,Paid
TXN_LOAN0005_34,LOAN0005,CUST0104,17375.35,16744.09,631.26,2026-03-13,Paid
TXN_LOAN0005_35,LOAN0005,CUST0104,17375.35,16951.92,423.43,2026-04-13,Paid
TXN_LOAN0005_36,LOAN0005,CUST0104,17375.35,17162.17,213.18,2026-05-13,Paid
TXN_LOAN0006_1,LOAN0006,CUST0104,10267.36,5435.59,4831.77,2023-08-02,Paid
TXN_LOAN0006_2,LOAN0006,CUST0104,10267.36,5508.09,4759.27,2023-09-02,Paid
TXN_LOAN0006_3,LOAN0006,CUST0104,10267.36,5581.56,4685.8,2023-10-02,Paid
TXN_LOAN0006_4,LOAN0006,CUST0104,10267.36,5656.01,4611.35,2023-11-02,Paid
TXN_LOAN0006_5,LOAN0006,CUST0104,10267.36,5731.45,4535.91,2023-12-02,Paid
TXN_LOAN0006_6,LOAN0006,CUST0104,10267.36,5807.89,4459.47,2024-01-02,Paid
TXN_LOAN0006_7,LOAN0006,CUST0104,10267.36,5885.36,4382.0,2024-02-02,Paid
TXN_LOAN0006_8,LOAN0006,CUST0104,10267.36,5963.86,4303.5,2024-03-02,Paid
TXN_LOAN0006_9,LOAN0006,CUST0104,10267.36,6043.41,4223.95,2024-04-02,Paid
TXN_LOAN0006_10,LOAN0006,CUST0104,10267.36,6124.02,4143.34,2024-05-02,Paid
TXN_LOAN0006_11,LOAN0006,CUST0104,10267.36,6205.7,4061.66,2024-06-02,Paid
TXN_LOAN0006_12,LOAN0006,CUST0104,10267.36,6288.47,3978.89,2024-07-02,Paid
TXN_LOAN0006_13,LOAN0006,CUST0104,10267.36,6372.35,3895.01,2024-08-02,Paid
TXN_LOAN0006_14,LOAN0006,CUST0104,10267.36,6457.35,3810.01,2024-09-02,Paid
TXN_LOAN0006_15,LOAN0006,CUST0104,10267.36,6543.48,3723.88,2024-10-02,Paid
TXN_LOAN0006_16,LOAN0006,CUST0104,10267.36,6630.75,3636.61,2024-11-02,Paid
TXN_LOAN0006_17,LOAN0006,CUST0104,10267.36,6719.2,3548.16,2024-12-02,Paid
TXN_LOAN0006_18,LOAN0006,CUST0104,10267.36,6808.82,3458.54,2025-01-02,Paid
TXN_LOAN0006_19,LOAN0006,CUST0104,10267.36,6899.64,3367.72,2025-02-02,Paid
TXN_LOAN0006_20,LOAN0006,CUST0104,10267.36,6991.67,3275.69,2025-03-02,Paid
TXN_LOAN0006_21,LOAN0006,CUST0104,10267.36,7084.92,3182.44,2025-04-02,Paid
TXN_LOAN0006_22,LOAN0006,CUST0104,10267.36,7179.42,3087.94,2025-05-02,Paid
TXN_LOAN0006_23,LOAN0006,CUST0104,10267.36,7275.18,2992.18,2025-06-02,Paid
TXN_LOAN0006_24,LOAN0006,CUST0104,10267.36,7372.22,2895.14,2025-07-02,Paid
TXN_LOAN0006_25,LOAN0006,CUST0104,10267.36,7470.55,2796.81,2025-08-02,Paid
TXN_LOAN0006_26,LOAN0006,CUST0104,10267.36,7570.2,2697.16,2025-09-02,Paid
TXN_LOAN0006_27,LOAN0006,CUST0104,10267.36,7671.17,2596.19,2025-10-02,Paid
TXN_LOAN0006_28,LOAN0006,CUST0104,10267.36,7773.49,2493.87,2025-11-02,Paid
TXN_LOAN0006_29,LOAN0006,CUST0104,10267.36,7877.17,2390.19,2025-12-02,Paid
TXN_LOAN0006_30,LOAN0006,CUST0104,10267.36,7982.24,2285.12,2026-01-02,Paid
TXN_LOAN0006_31,LOAN0006,CUST0104,10267.36,8088.71,2178.65,2026-02-02,Paid
TXN_LOAN0006_32,LOAN0006,CUST0104,10267.36,8196.6,2070.76,2026-03-02,Paid
TXN_LOAN0006_33,LOAN0006,CUST0104,10267.36,8305.93,1961.43,2026-04-02,Missed
TXN_LOAN0006_34,LOAN0006,CUST0104,10267.36,8416.71,1850.65,2026-05-02,Paid
TXN_LOAN0006_35,LOAN0006,CUST0104,10267.36,8528.98,1738.38,2026-06-02,Paid
TXN_LOAN0006_36,LOAN0006,CUST0104,10267.36,8642.74,1624.62,2026-07-02,Paid
TXN_LOAN0006_37,LOAN0006,CUST0104,10267.36,8758.02,1509.34,2026-08-02,Paid
TXN_LOAN0006_38,LOAN0006,CUST0104,10267.36,8874.84,1392.52,2026-09-02,Missed
TXN_LOAN0006_39,LOAN0006,CUST0104,10267.36,8993.21,1274.15,2026-10-02,Paid
TXN_LOAN0006_40,LOAN0006,CUST0104,10267.36,9113.16,1154.2,2026-11-02,Paid
TXN_LOAN0006_41,LOAN0006,CUST0104,10267.36,9234.72,1032.64,2026-12-02,Paid
TXN_LOAN0006_42,LOAN0006,CUST0104,10267.36,9357.89,909.47,2027-01-02,Paid
TXN_LOAN0006_43,LOAN0006,CUST0104,10267.36,9482.71,784.65,2027-02-02,Missed
TXN_LOAN0006_44,LOAN0006,CUST0104,10267.36,9609.19,658.17,2027-03-02,Missed
TXN_LOAN0006_45,LOAN0006,CUST0104,10267.36,9737.36,530.0,2027-04-02,Paid
TXN_LOAN0006_46,LOAN0006,CUST0104,10267.36,9867.24,400.12,2027-05-02,Paid
TXN_LOAN0006_47,LOAN0006,CUST0104,10267.36,9998.85,268.51,2027-06-02,Paid
TXN_LOAN0006_48,LOAN0006,CUST0104,10267.36,10131.91,135.45,2027-07-02,Paid
TXN_LOAN0007_1,LOAN0007,CUST0179,16623.34,11160.78,5462.56,2023-04-03,Paid
TXN_LOAN0007_2,LOAN0007,CUST0179,16623.34,11253.8,5369.54,2023-05-03,Paid
TXN_LOAN0007_3,LOAN0007,CUST0179,16623.34,11347.59,5275.75,2023-06-03,Paid
TXN_LOAN0007_4,LOAN0007,CUST0179,16623.34,11442.17,5181.17,2023-07-03,Paid
TXN_LOAN0007_5,LOAN0007,CUST0179,16623.34,11537.54,5085.8,2023-08-03,Missed
TXN_LOAN0007_6,LOAN0007,CUST0179,16623.34,11633.7,4989.64,2023-09-03,Paid
TXN_LOAN0007_7,LOAN0007,CUST0179,16623.34,11730.66,4892.68,2023-10-03,Paid
TXN_LOAN0007_8,LOAN0007,CUST0179,16623.34,11828.43,4794.91,2023-11-03,Missed
TXN_LOAN0007_9,LOAN0007,CUST0179,16623.34,11927.02,4696.32,2023-12-03,Paid
TXN_LOAN0007_10,LOAN0007,CUST0179,16623.34,12026.42,4596.92,2024-01-03,Paid
TXN_LOAN0007_11,LOAN0007,CUST0179,16623.34,12126.66,4496.68,2024-02-03,Missed
TXN_LOAN0007_12,LOAN0007,CUST0179,16623.34,12227.73,4395.61,2024-03-03,Missed
TXN_LOAN0007_13,LOAN0007,CUST0179,16623.34,12329.64,4293.7,2024-04-03,Paid
TXN_LOAN0007_14,LOAN0007,CUST0179,16623.34,12432.4,4190.94,2024-05-03,Paid
TXN_LOAN0007_15,LOAN0007,CUST0179,16623.34,12536.02,4087.32,2024-06-03,Paid
TXN_LOAN0007_16,LOAN0007,CUST0179,16623.34,12640.5,3982.84,2024-07-03,Paid
TXN_LOAN0007_17,LOAN0007,CUST0179,16623.34,12745.86,3877.48,2024-08-03,Paid
TXN_LOAN0007_18,LOAN0007,CUST0179,16623.34,12852.09,3771.25,2024-09-03,Paid
TXN_LOAN0007_19,LOAN0007,CUST0179,16623.34,12959.21,3664.13,2024-10-03,Paid
TXN_LOAN0007_20,LOAN0007,CUST0179,16623.34,13067.22,3556.12,2024-11-03,Paid
TXN_LOAN0007_21,LOAN0007,CUST0179,16623.34,13176.13,3447.21,2024-12-03,Paid
TXN_LOAN0007_22,LOAN0007,CUST0179,16623.34,13285.94,3337.4,2025-01-03,Paid
TXN_LOAN0007_23,LOAN0007,CUST0179,16623.34,13396.68,3226.66,2025-02-03,Paid
TXN_LOAN0007_24,LOAN0007,CUST0179,16623.34,13508.33,3115.01,2025-03-03,Missed
TXN_LOAN0007_25,LOAN0007,CUST0179,16623.34,13620.92,3002.42,2025-04-03,Paid
TXN_LOAN0007_26,LOAN0007,CUST0179,16623.34,13734.44,2888.9,2025-05-03,Paid
TXN_LOAN0007_27,LOAN0007,CUST0179,16623.34,13848.91,2774.43,2025-06-03,Paid
TXN_LOAN0007_28,LOAN0007,CUST0179,16623.34,13964.34,2659.0,2025-07-03,Paid
TXN_LOAN0007_29,LOAN0007,CUST0179,16623.34,14080.73,2542.61,2025-08-03,Paid
TXN_LOAN0007_30,LOAN0007,CUST0179,16623.34,14198.08,2425.26,2025-09-03,Paid
TXN_LOAN0007_31,LOAN0007,CUST0179,16623.34,14316.42,2306.92,2025-10-03,Paid
TXN_LOAN0007_32,LOAN0007,CUST0179,16623.34,14435.74,2187.6,2025-11-03,Paid
TXN_LOAN0007_33,LOAN0007,CUST0179,16623.34,14556.06,2067.28,2025-12-03,Paid
TXN_LOAN0007_34,LOAN0007,CUST0179,16623.34,14677.37,1945.97,2026-01-03,Paid
TXN_LOAN0007_35,LOAN0007,CUST0179,16623.34,14799.7,1823.64,2026-02-03,Paid
TXN_LOAN0007_36,LOAN0007,CUST0179,16623.34,14923.05,1700.29,2026-03-03,Paid
TXN_LOAN0007_37,LOAN0007,CUST0179,16623.34,15047.43,1575.91,2026-04-03,Paid
TXN_LOAN0007_38,LOAN0007,CUST0179,16623.34,15172.84,1450.5,2026-05-03,Paid
TXN_LOAN0007_39,LOAN0007,CUST0179,16623.34,15299.3,1324.04,2026-06-03,Paid
TXN_LOAN0007_40,LOAN0007,CUST0179,16623.34,15426.82,1196.52,2026-07-03,Paid
TXN_LOAN0007_41,LOAN0007,CUST0179,16623.34,15555.39,1067.95,2026-08-03,Paid
TXN_LOAN0007_42,LOAN0007,CUST0179,16623.34,15685.04,938.3,2026-09-03,Missed
TXN_LOAN0007_43,LOAN0007,CUST0179,16623.34,15815.77,807.57,2026-10-03,Paid
TXN_LOAN0007_44,LOAN0007,CUST0179,16623.34,15947.59,675.75,2026-11-03,Paid
TXN_LOAN0007_45,LOAN0007,CUST0179,16623.34,16080.5,542.84,2026-12-03,Paid
TXN_LOAN0007_46,LOAN0007,CUST0179,16623.34,16214.53,408.81,2027-01-03,Paid
TXN_LOAN0007_47,LOAN0007,CUST0179,16623.34,16349.67,273.67,2027-02-03,Paid
TXN_LOAN0007_48,LOAN0007,CUST0179,16623.34,16485.84,137.5,2027-03-03,Paid
TXN_LOAN0008_1,LOAN0008,CUST0039,3475.34,2866.16,609.18,2023-09-07,Paid
TXN_LOAN0008_2,LOAN0008,CUST0039,3475.34,2889.26,586.08,2023-10-07,Paid
TXN_LOAN0008_3,LOAN0008,CUST0039,3475.34,2912.56,562.78,2023-11-07,Paid
TXN_LOAN0008_4,LOAN0008,CUST0039,3475.34,2936.04,539.3,2023-12-07,Paid
TXN_LOAN0008_5,LOAN0008,CUST0039,3475.34,2959.71,515.63,2024-01-07,Missed
TXN_LOAN0008_6,LOAN0008,CUST0039,3475.34,2983.57,491.77,2024-02-07,Paid
TXN_LOAN0008_7,LOAN0008,CUST0039,3475.34,3007.63,467.71,2024-03-07,Paid
TXN_LOAN0008_8,LOAN0008,CUST0039,3475.34,3031.88,443.46,2024-04-07,Paid
TXN_LOAN0008_9,LOAN0008,CUST0039,3475.34,3056.32,419.02,2024-05-07,Paid
TXN_LOAN0008_10,LOAN0008,CUST0039,3475.34,3080.96,394.38,2024-06-07,Paid
TXN_LOAN0008_11,LOAN0008,CUST0039,3475.34,3105.8,369.54,2024-07-07,Paid
TXN_LOAN0008_12,LOAN0008,CUST0039,3475.34,3130.84,344.5,2024-08-07,Paid
TXN_LOAN0008_13,LOAN0008,CUST0039,3475.34,3156.08,319.26,2024-09-07,Paid
TXN_LOAN0008_14,LOAN0008,CUST0039,3475.34,3181.53,293.81,2024-10-07,Paid
TXN_LOAN0008_15,LOAN0008,CUST0039,3475.34,3207.18,268.16,2024-11-07,Paid
TXN_LOAN0008_16,LOAN0008,CUST0039,3475.34,3233.04,242.3,2024-12-07,Paid
TXN_LOAN0008_17,LOAN0008,CUST0039,3475.34,3259.1,216.24,2025-01-07,Paid
TXN_LOAN0008_18,LOAN0008,CUST0039,3475.34,3285.38,189.96,2025-02-07,Paid
TXN_LOAN0008_19,LOAN0008,CUST0039,3475.34,3311.87,163.47,2025-03-07,Paid
TXN_LOAN0008_20,LOAN0008,CUST0039,3475.34,3338.57,136.77,2025-04-07,Paid
TXN_LOAN0008_21,LOAN0008,CUST0039,3475.34,3365.49,109.85,2025-05-07,Paid
TXN_LOAN0008_22,LOAN0008,CUST0039,3475.34,3392.62,82.72,2025-06-07,Paid
TXN_LOAN0008_23,LOAN0008,CUST0039,3475.34,3419.97,55.37,2025-07-07,Paid
TXN_LOAN0008_24,LOAN0008,CUST0039,3475.34,3447.44,27.9,2025-08-07,Paid
TXN_LOAN0009_1,LOAN0009,CUST0179,29976.24,22875.18,7101.06,2023-10-03,Missed
TXN_LOAN0009_2,LOAN0009,CUST0179,29976.24,23047.61,6928.63,2023-11-03,Paid
TXN_LOAN0009_3,LOAN0009,CUST0179,29976.24,23221.35,6754.89,2023-12-03,Paid
TXN_LOAN0009_4,LOAN0009,CUST0179,29976.24,23396.39,6579.85,2024-01-03,Missed
TXN_LOAN0009_5,LOAN0009,CUST0179,29976.24,23572.76,6403.48,2024-02-03,Paid
TXN_LOAN0009_6,LOAN0009,CUST0179,29976.24,23750.45,6225.79,2024-03-03,Paid
TXN_LOAN0009_7,LOAN0009,CUST0179,29976.24,23929.48,6046.76,2024-04-03,Paid
TXN_LOAN0009_8,LOAN0009,CUST0179,29976.24,24109.86,5866.38,2024-05-03,Missed
TXN_LOAN0009_9,LOAN0009,CUST0179,29976.24,24291.6,5684.64,2024-06-03,Paid
TXN_LOAN0009_10,LOAN0009,CUST0179,29976.24,24474.72,5501.52,2024-07-03,Paid
TXN_LOAN0009_11,LOAN0009,CUST0179,29976.24,24659.21,5317.03,2024-08-03,Paid
TXN_LOAN0009_12,LOAN0009,CUST0179,29976.24,24845.09,5131.15,2024-09-03,Paid
TXN_LOAN0009_13,LOAN0009,CUST0179,29976.24,25032.37,4943.87,2024-10-03,Paid
TXN_LOAN0009_14,LOAN0009,CUST0179,29976.24,25221.07,4755.17,2024-11-03,Paid
TXN_LOAN0009_15,LOAN0009,CUST0179,29976.24,25411.19,4565.05,2024-12-03,Paid
TXN_LOAN0009_16,LOAN0009,CUST0179,29976.24,25602.74,4373.5,2025-01-03,Paid
TXN_LOAN0009_17,LOAN0009,CUST0179,29976.24,25795.74,4180.5,2025-02-03,Paid
TXN_LOAN0009_18,LOAN0009,CUST0179,29976.24,25990.18,3986.06,2025-03-03,Paid
TXN_LOAN0009_19,LOAN0009,CUST0179,29976.24,26186.1,3790.14,2025-04-03,Paid
TXN_LOAN0009_20,LOAN0009,CUST0179,29976.24,26383.49,3592.75,2025-05-03,Paid
TXN_LOAN0009_21,LOAN0009,CUST0179,29976.24,26582.37,3393.87,2025-06-03,Paid
TXN_LOAN0009_22,LOAN0009,CUST0179,29976.24,26782.75,3193.49,2025-07-03,Paid
TXN_LOAN0009_23,LOAN0009,CUST0179,29976.24,26984.64,2991.6,2025-08-03,Paid
TXN_LOAN0009_24,LOAN0009,CUST0179,29976.24,27188.06,2788.18,2025-09-03,Paid
TXN_LOAN0009_25,LOAN0009,CUST0179,29976.24,27393.0,2583.24,2025-10-03,Paid
TXN_LOAN0009_26,LOAN0009,CUST0179,29976.24,27599.49,2376.75,2025-11-03,Paid
TXN_LOAN0009_27,LOAN0009,CUST0179,29976.24,27807.54,2168.7,2025-12-03,Paid
TXN_LOAN0009_28,LOAN0009,CUST0179,29976.24,28017.15,1959.09,2026-01-03,Paid
TXN_LOAN0009_29,LOAN0009,CUST0179,29976.24,28228.35,1747.89,2026-02-03,Paid
TXN_LOAN0009_30,LOAN0009,CUST0179,29976.24,28441.14,1535.1,2026-03-03,Paid
TXN_LOAN0009_31,LOAN0009,CUST0179,29976.24,28655.53,1320.71,2026-04-03,Paid
TXN_LOAN0009_32,LOAN0009,CUST0179,29976.24,28871.53,1104.71,2026-05-03,Missed
TXN_LOAN0009_33,LOAN0009,CUST0179,29976.24,29089.17,887.07,2026-06-03,Paid
TXN_LOAN0009_34,LOAN0009,CUST0179,29976.24,29308.45,667.79,2026-07-03,Paid
TXN_LOAN0009_35,LOAN0009,CUST0179,29976.24,29529.37,446.87,2026-08-03,Paid
TXN_LOAN0009_36,LOAN0009,CUST0179,29976.24,29751.88,224.36,2026-09-03,Paid
TXN_LOAN0010_1,LOAN0010,CUST0198,16726.65,9448.38,7278.27,2023-09-18,Paid
TXN_LOAN0010_2,LOAN0010,CUST0198,16726.65,9561.48,7165.17,2023-10-18,Paid
TXN_LOAN0010_3,LOAN0010,CUST0198,16726.65,9675.93,7050.72,2023-11-18,Paid
TXN_LOAN0010_4,LOAN0010,CUST0198,16726.65,9791.75,6934.9,2023-12-18,Paid
TXN_LOAN0010_5,LOAN0010,CUST0198,16726.65,9908.96,6817.69,2024-01-18,Paid
TXN_LOAN0010_6,LOAN0010,CUST0198,16726.65,10027.58,6699.07,2024-02-18,Paid
TXN_LOAN0010_7,LOAN0010,CUST0198,16726.65,10147.61,6579.04,2024-03-18,Paid
TXN_LOAN0010_8,LOAN0010,CUST0198,16726.65,10269.08,6457.57,2024-04-18,Paid
TXN_LOAN0010_9,LOAN0010,CUST0198,16726.65,10392.0,6334.65,2024-05-18,Paid
TXN_LOAN0010_10,LOAN0010,CUST0198,16726.65,10516.4,6210.25,2024-06-18,Paid
TXN_LOAN0010_11,LOAN0010,CUST0198,16726.65,10642.28,6084.37,2024-07-18,Paid
TXN_LOAN0010_12,LOAN0010,CUST0198,16726.65,10769.67,5956.98,2024-08-18,Paid
TXN_LOAN0010_13,LOAN0010,CUST0198,16726.65,10898.59,5828.06,2024-09-18,Paid
TXN_LOAN0010_14,LOAN0010,CUST0198,16726.65,11029.05,5697.6,2024-10-18,Missed
TXN_LOAN0010_15,LOAN0010,CUST0198,16726.65,11161.07,5565.58,2024-11-18,Paid
TXN_LOAN0010_16,LOAN0010,CUST0198,16726.65,11294.67,5431.98,2024-12-18,Paid
TXN_LOAN0010_17,LOAN0010,CUST0198,16726.65,11429.87,5296.78,2025-01-18,Paid
TXN_LOAN0010_18,LOAN0010,CUST0198,16726.65,11566.69,5159.96,2025-02-18,Missed
TXN_LOAN0010_19,LOAN0010,CUST0198,16726.65,11705.14,5021.51,2025-03-18,Paid
TXN_LOAN0010_20,LOAN0010,CUST0198,16726.65,11845.26,4881.39,2025-04-18,Paid
TXN_LOAN0010_21,LOAN0010,CUST0198,16726.65,11987.05,4739.6,2025-05-18,Paid
TXN_LOAN0010_22,LOAN0010,CUST0198,16726.65,12130.53,4596.12,2025-06-18,Paid
TXN_LOAN0010_23,LOAN0010,CUST0198,16726.65,12275.74,4450.91,2025-07-18,Paid
TXN_LOAN0010_24,LOAN0010,CUST0198,16726.65,12422.68,4303.97,2025-08-18,Missed
TXN_LOAN0010_25,LOAN0010,CUST0198,16726.65,12571.39,4155.26,2025-09-18,Paid
TXN_LOAN0010_26,LOAN0010,CUST0198,16726.65,12721.87,4004.78,2025-10-18,Paid
TXN_LOAN0010_27,LOAN0010,CUST0198,16726.65,12874.15,3852.5,2025-11-18,Paid
TXN_LOAN0010_28,LOAN0010,CUST0198,16726.65,13028.26,3698.39,2025-12-18,Paid
TXN_LOAN0010_29,LOAN0010,CUST0198,16726.65,13184.21,3542.44,2026-01-18,Paid
TXN_LOAN0010_30,LOAN0010,CUST0198,16726.65,13342.03,3384.62,2026-02-18,Paid
TXN_LOAN0010_31,LOAN0010,CUST0198,16726.65,13501.74,3224.91,2026-03-18,Paid
TXN_LOAN0010_32,LOAN0010,CUST0198,16726.65,13663.36,3063.29,2026-04-18,Missed
TXN_LOAN0010_33,LOAN0010,CUST0198,16726.65,13826.91,2899.74,2026-05-18,Paid
TXN_LOAN0010_34,LOAN0010,CUST0198,16726.65,13992.42,2734.23,2026-06-18,Paid
TXN_LOAN0010_35,LOAN0010,CUST0198,16726.65,14159.91,2566.74,2026-07-18,Paid
TXN_LOAN0010_36,LOAN0010,CUST0198,16726.65,14329.41,2397.24,2026-08-18,Missed
TXN_LOAN0010_37,LOAN0010,CUST0198,16726.65,14500.94,2225.71,2026-09-18,Paid
TXN_LOAN0010_38,LOAN0010,CUST0198,16726.65,14674.52,2052.13,2026-10-18,Paid
TXN_LOAN0010_39,LOAN0010,CUST0198,16726.65,14850.18,1876.47,2026-11-18,Paid
TXN_LOAN0010_40,LOAN0010,CUST0198,16726.65,15027.94,1698.71,2026-12-18,Paid
TXN_LOAN0010_41,LOAN0010,CUST0198,16726.65,15207.82,1518.83,2027-01-18,Paid
TXN_LOAN0010_42,LOAN0010,CUST0198,16726.65,15389.87,1336.78,2027-02-18,Paid
TXN_LOAN0010_43,LOAN0010,CUST0198,16726.65,15574.09,1152.56,2027-03-18,Missed
TXN_LOAN0010_44,LOAN0010,CUST0198,16726.65,15760.51,966.14,2027-04-18,Paid
TXN_LOAN0010_45,LOAN0010,CUST0198,16726.65,15949.17,777.48,2027-05-18,Paid
TXN_LOAN0010_46,LOAN0010,CUST0198,16726.65,16140.09,586.56,2027-06-18,Paid
TXN_LOAN0010_47,LOAN0010,CUST0198,16726.65,16333.29,393.36,2027-07-18,Paid
TXN_LOAN0010_48,LOAN0010,CUST0198,16726.65,16528.46,198.19,2027-08-18,Paid
TXN_LOAN0011_1,LOAN0011,CUST0134,43961.68,32586.52,11375.16,2023-04-20,Paid
TXN_LOAN0011_2,LOAN0011,CUST0134,43961.68,32995.61,10966.07,2023-05-20,Paid
TXN_LOAN0011_3,LOAN0011,CUST0134,43961.68,33409.84,10551.84,2023-06-20,Paid
TXN_LOAN0011_4,LOAN0011,CUST0134,43961.68,33829.26,10132.42,2023-07-20,Paid
TXN_LOAN0011_5,LOAN0011,CUST0134,43961.68,34253.95,9707.73,2023-08-20,Paid
TXN_LOAN0011_6,LOAN0011,CUST0134,43961.68,34683.98,9277.7,2023-09-20,Paid
TXN_LOAN0011_7,LOAN0011,CUST0134,43961.68,35119.4,8842.28,2023-10-20,Paid
TXN_LOAN0011_8,LOAN0011,CUST0134,43961.68,35560.29,8401.39,2023-11-20,Paid
TXN_LOAN0011_9,LOAN0011,CUST0134,43961.68,36006.71,7954.97,2023-12-20,Paid
TXN_LOAN0011_10,LOAN0011,CUST0134,43961.68,36458.73,7502.95,2024-01-20,Paid
TXN_LOAN0011_11,LOAN0011,CUST0134,43961.68,36916.44,7045.24,2024-02-20,Paid
TXN_LOAN0011_12,LOAN0011,CUST0134,43961.68,37379.88,6581.8,2024-03-20,Paid
TXN_LOAN0011_13,LOAN0011,CUST0134,43961.68,37849.15,6112.53,2024-04-20,Paid
TXN_LOAN0011_14,LOAN0011,CUST0134,43961.68,38324.31,5637.37,2024-05-20,Paid
TXN_LOAN0011_15,LOAN0011,CUST0134,43961.68,38805.43,5156.25,2024-06-20,Paid
TXN_LOAN0011_16,LOAN0011,CUST0134,43961.68,39292.59,4669.09,2024-07-20,Paid
TXN_LOAN0011_17,LOAN0011,CUST0134,43961.68,39785.87,4175.81,2024-08-20,Paid
TXN_LOAN0011_18,LOAN0011,CUST0134,43961.68,40285.34,3676.34,2024-09-20,Paid
TXN_LOAN0011_19,LOAN0011,CUST0134,43961.68,40791.08,3170.6,2024-10-20,Paid
TXN_LOAN0011_20,LOAN0011,CUST0134,43961.68,41303.17,2658.51,2024-11-20,Paid
TXN_LOAN0011_21,LOAN0011,CUST0134,43961.68,41821.69,2139.99,2024-12-20,Paid
TXN_LOAN0011_22,LOAN0011,CUST0134,43961.68,42346.72,1614.96,2025-01-20,Paid
TXN_LOAN0011_23,LOAN0011,CUST0134,43961.68,42878.34,1083.34,2025-02-20,Paid
TXN_LOAN0011_24,LOAN0011,CUST0134,43961.68,43416.7,544.98,2025-03-20,Paid
TXN_LOAN0012_1,LOAN0012,CUST0067,32990.24,27951.42,5038.82,2023-06-29,Paid
TXN_LOAN0012_2,LOAN0012,CUST0067,32990.24,28145.12,4845.12,2023-07-29,Paid
TXN_LOAN0012_3,LOAN0012,CUST0067,32990.24,28340.17,4650.07,2023-08-29,Missed
TXN_LOAN0012_4,LOAN0012,CUST0067,32990.24,28536.56,4453.68,2023-09-29,Paid
TXN_LOAN0012_5,LOAN0012,CUST0067,32990.24,28734.32,4255.92,2023-10-29,Paid
TXN_LOAN0012_6,LOAN0012,CUST0067,32990.24,28933.44,4056.8,2023-11-29,Paid
TXN_LOAN0012_7,LOAN0012,CUST0067,32990.24,29133.95,3856.29,2023-12-29,Paid
TXN_LOAN0012_8,LOAN0012,CUST0067,32990.24,29335.84,3654.4,2024-01-29,Paid
TXN_LOAN0012_9,LOAN0012,CUST0067,32990.24,29539.14,3451.1,2024-02-29,Paid
TXN_LOAN0012_10,LOAN0012,CUST0067,32990.24,29743.84,3246.4,2024-03-29,Paid
TXN_LOAN0012_11,LOAN0012,CUST0067,32990.24,29949.96,3040.28,2024-04-29,Paid
TXN_LOAN0012_12,LOAN0012,CUST0067,32990.24,30157.51,2832.73,2024-05-29,Paid
TXN_LOAN0012_13,LOAN0012,CUST0067,32990.24,30366.5,2623.74,2024-06-29,Missed
TXN_LOAN0012_14,LOAN0012,CUST0067,32990.24,30576.93,2413.31,2024-07-29,Paid
TXN_LOAN0012_15,LOAN0012,CUST0067,32990.24,30788.83,2201.41,2024-08-29,Paid
TXN_LOAN0012_16,LOAN0012,CUST0067,32990.24,31002.19,1988.05,2024-09-29,Paid
TXN_LOAN0012_17,LOAN0012,CUST0067,32990.24,31217.03,1773.21,2024-10-29,Paid
TXN_LOAN0012_18,LOAN0012,CUST0067,32990.24,31433.36,1556.88,2024-11-29,Paid
TXN_LOAN0012_19,LOAN0012,CUST0067,32990.24,31651.19,1339.05,2024-12-29,Paid
TXN_LOAN0012_20,LOAN0012,CUST0067,32990.24,31870.53,1119.71,2025-01-29,Paid
TXN_LOAN0012_21,LOAN0012,CUST0067,32990.24,32091.39,898.85,2025-02-28,Paid
TXN_LOAN0012_22,LOAN0012,CUST0067,32990.24,32313.78,676.46,2025-03-29,Paid
TXN_LOAN0012_23,LOAN0012,CUST0067,32990.24,32537.71,452.53,2025-04-29,Paid
TXN_LOAN0012_24,LOAN0012,CUST0067,32990.24,32763.29,226.95,2025-05-29,Paid
TXN_LOAN0013_1,LOAN0013,CUST0135,9181.22,6503.92,2677.3,2023-06-18,Paid
TXN_LOAN0013_2,LOAN0013,CUST0135,9181.22,6598.02,2583.2,2023-07-18,Paid
TXN_LOAN0013_3,LOAN0013,CUST0135,9181.22,6693.49,2487.73,2023-08-18,Paid
TXN_LOAN0013_4,LOAN0013,CUST0135,9181.22,6790.33,2390.89,2023-09-18,Missed
TXN_LOAN0013_5,LOAN0013,CUST0135,9181.22,6888.58,2292.64,2023-10-18,Paid
TXN_LOAN0013_6,LOAN0013,CUST0135,9181.22,6988.24,2192.98,2023-11-18,Paid
TXN_LOAN0013_7,LOAN0013,CUST0135,9181.22,7089.35,2091.87,2023-12-18,Paid
TXN_LOAN0013_8,LOAN0013,CUST0135,9181.22,7191.92,1989.3,2024-01-18,Paid
TXN_LOAN0013_9,LOAN0013,CUST0135,9181.22,7295.98,1885.24,2024-02-18,Paid
TXN_LOAN0013_10,LOAN0013,CUST0135,9181.22,7401.54,1779.68,2024-03-18,Paid
TXN_LOAN0013_11,LOAN0013,CUST0135,9181.22,7508.63,1672.59,2024-04-18,Paid
TXN_LOAN0013_12,LOAN0013,CUST0135,9181.22,7617.27,1563.95,2024-05-18,Paid
TXN_LOAN0013_13,LOAN0013,CUST0135,9181.22,7727.48,1453.74,2024-06-18,Paid
TXN_LOAN0013_14,LOAN0013,CUST0135,9181.22,7839.28,1341.94,2024-07-18,Paid
TXN_LOAN0013_15,LOAN0013,CUST0135,9181.22,7952.71,1228.51,2024-08-18,Paid
TXN_LOAN0013_16,LOAN0013,CUST0135,9181.22,8067.77,1113.45,2024-09-18,Paid
TXN_LOAN0013_17,LOAN0013,CUST0135,9181.22,8184.5,996.72,2024-10-18,Paid
TXN_LOAN0013_18,LOAN0013,CUST0135,9181.22,8302.91,878.31,2024-11-18,Paid
TXN_LOAN0013_19,LOAN0013,CUST0135,9181.22,8423.04,758.18,2024-12-18,Paid
TXN_LOAN0013_20,LOAN0013,CUST0135,9181.22,8544.91,636.31,2025-01-18,Paid
TXN_LOAN0013_21,LOAN0013,CUST0135,9181.22,8668.54,512.68,2025-02-18,Paid
TXN_LOAN0013_22,LOAN0013,CUST0135,9181.22,8793.96,387.26,2025-03-18,Missed
TXN_LOAN0013_23,LOAN0013,CUST0135,9181.22,8921.2,260.02,2025-04-18,Paid
TXN_LOAN0013_24,LOAN0013,CUST0135,9181.22,9050.43,130.79,2025-05-18,Paid
TXN_LOAN0014_1,LOAN0014,CUST0179,22370.94,15929.59,6441.35,2023-12-10,Paid
TXN_LOAN0014_2,LOAN0014,CUST0179,22370.94,16042.69,6328.25,2024-01-10,Paid
TXN_LOAN0014_3,LOAN0014,CUST0179,22370.94,16156.59,6214.35,2024-02-10,Paid
TXN_LOAN0014_4,LOAN0014,CUST0179,22370.94,16271.29,6099.65,2024-03-10,Paid
TXN_LOAN0014_5,LOAN0014,CUST0179,22370.94,16386.82,5984.12,2024-04-10,Missed
TXN_LOAN0014_6,LOAN0014,CUST0179,22370.94,16503.16,5867.78,2024-05-10,Paid
TXN_LOAN0014_7,LOAN0014,CUST0179,22370.94,16620.33,5750.61,2024-06-10,Paid
TXN_LOAN0014_8,LOAN0014,CUST0179,22370.94,16738.33,5632.61,2024-07-10,Paid
TXN_LOAN0014_9,LOAN0014,CUST0179,22370.94,16857.17,5513.77,2024-08-10,Paid
TXN_LOAN0014_10,LOAN0014,CUST0179,22370.94,16976.85,5394.09,2024-09-10,Paid
TXN_LOAN0014_11,LOAN0014,CUST0179,22370.94,17097.38,5273.56,2024-10-10,Paid
TXN_LOAN0014_12,LOAN0014,CUST0179,22370.94,17218.77,5152.17,2024-11-10,Paid
TXN_LOAN0014_13,LOAN0014,CUST0179,22370.94,17341.01,5029.93,2024-12-10,Paid
TXN_LOAN0014_14,LOAN0014,CUST0179,22370.94,17464.13,4906.81,2025-01-10,Paid
TXN_LOAN0014_15,LOAN0014,CUST0179,22370.94,17588.12,4782.82,2025-02-10,Paid
TXN_LOAN0014_16,LOAN0014,CUST0179,22370.94,17712.99,4657.95,2025-03-10,Paid
TXN_LOAN0014_17,LOAN0014,CUST0179,22370.94,17838.75,4532.19,2025-04-10,Paid
TXN_LOAN0014_18,LOAN0014,CUST0179,22370.94,17965.4,4405.54,2025-05-10,Paid
TXN_LOAN0014_19,LOAN0014,CUST0179,22370.94,18092.95,4277.99,2025-06-10,Paid
TXN_LOAN0014_20,LOAN0014,CUST0179,22370.94,18221.41,4149.53,2025-07-10,Paid
TXN_LOAN0014_21,LOAN0014,CUST0179,22370.94,18350.78,4020.16,2025-08-10,Paid
TXN_LOAN0014_22,LOAN0014,CUST0179,22370.94,18481.06,3889.88,2025-09-10,Paid
TXN_LOAN0014_23,LOAN0014,CUST0179,22370.94,18612.27,3758.67,2025-10-10,Paid
TXN_LOAN0014_24,LOAN0014,CUST0179,22370.94,18744.42,3626.52,2025-11-10,Paid
TXN_LOAN0014_25,LOAN0014,CUST0179,22370.94,18877.5,3493.44,2025-12-10,Paid
TXN_LOAN0014_26,LOAN0014,CUST0179,22370.94,19011.52,3359.42,2026-01-10,Paid
TXN_LOAN0014_27,LOAN0014,CUST0179,22370.94,19146.5,3224.44,2026-02-10,Paid
TXN_LOAN0014_28,LOAN0014,CUST0179,22370.94,19282.44,3088.5,2026-03-10,Paid
TXN_LOAN0014_29,LOAN0014,CUST0179,22370.94,19419.34,2951.6,2026-04-10,Paid
TXN_LOAN0014_30,LOAN0014,CUST0179,22370.94,19557.21,2813.73,2026-05-10,Paid
TXN_LOAN0014_31,LOAN0014,CUST0179,22370.94,19696.06,2674.88,2026-06-10,Paid
TXN_LOAN0014_32,LOAN0014,CUST0179,22370.94,19835.9,2535.04,2026-07-10,Paid
TXN_LOAN0014_33,LOAN0014,CUST0179,22370.94,19976.73,2394.21,2026-08-10,Paid
TXN_LOAN0014_34,LOAN0014,CUST0179,22370.94,20118.56,2252.38,2026-09-10,Paid
TXN_LOAN0014_35,LOAN0014,CUST0179,22370.94,20261.4,2109.54,2026-10-10,Missed
TXN_LOAN0014_36,LOAN0014,CUST0179,22370.94,20405.25,1965.69,2026-11-10,Paid
TXN_LOAN0014_37,LOAN0014,CUST0179,22370.94,20550.12,1820.82,2026-12-10,Paid
TXN_LOAN0014_38,LOAN0014,CUST0179,22370.94,20696.02,1674.92,2027-01-10,Paid
TXN_LOAN0014_39,LOAN0014,CUST0179,22370.94,20842.96,1527.98,2027-02-10,Paid
TXN_LOAN0014_40,LOAN0014,CUST0179,22370.94,20990.94,1380.0,2027-03-10,Paid
TXN_LOAN0014_41,LOAN0014,CUST0179,22370.94,21139.97,1230.97,2027-04-10,Paid
TXN_LOAN0014_42,LOAN0014,CUST0179,22370.94,21290.06,1080.88,2027-05-10,Paid
TXN_LOAN0014_43,LOAN0014,CUST0179,22370.94,21441.21,929.73,2027-06-10,Paid
TXN_LOAN0014_44,LOAN0014,CUST0179,22370.94,21593.44,777.5,2027-07-10,Paid
TXN_LOAN0014_45,LOAN0014,CUST0179,22370.94,21746.75,624.19,2027-08-10,Paid
TXN_LOAN0014_46,LOAN0014,CUST0179,22370.94,21901.14,469.8,2027-09-10,Paid
TXN_LOAN0014_47,LOAN0014,CUST0179,22370.94,22056.64,314.3,2027-10-10,Paid
TXN_LOAN0014_48,LOAN0014,CUST0179,22370.94,22213.08,157.86,2027-11-10,Paid
TXN_LOAN0015_1,LOAN0015,CUST0200,5498.05,3684.87,1813.18,2023-04-06,Paid
TXN_LOAN0015_2,LOAN0015,CUST0200,5498.05,3726.06,1771.99,2023-05-06,Paid
TXN_LOAN0015_3,LOAN0015,CUST0200,5498.05,3767.71,1730.34,2023-06-06,Missed
TXN_LOAN0015_4,LOAN0015,CUST0200,5498.05,3809.82,1688.23,2023-07-06,Paid
TXN_LOAN0015_5,LOAN0015,CUST0200,5498.05,3852.41,1645.64,2023-08-06,Missed
TXN_LOAN0015_6,LOAN0015,CUST0200,5498.05,3895.47,1602.58,2023-09-06,Paid
TXN_LOAN0015_7,LOAN0015,CUST0200,5498.05,3939.01,1559.04,2023-10-06,Paid
TXN_LOAN0015_8,LOAN0015,CUST0200,5498.05,3983.04,1515.01,2023-11-06,Paid
TXN_LOAN0015_9,LOAN0015,CUST0200,5498.05,4027.56,1470.49,2023-12-06,Paid
TXN_LOAN0015_10,LOAN0015,CUST0200,5498.05,4072.58,1425.47,2024-01-06,Missed
TXN_LOAN0015_11,LOAN0015,CUST0200,5498.05,4118.1,1379.95,2024-02-06,Paid
TXN_LOAN0015_12,LOAN0015,CUST0200,5498.05,4164.13,1333.92,2024-03-06,Paid
TXN_LOAN0015_13,LOAN0015,CUST0200,5498.05,4210.67,1287.38,2024-04-06,Paid
TXN_LOAN0015_14,LOAN0015,CUST0200,5498.05,4257.74,1240.31,2024-05-06,Paid
TXN_LOAN0015_15,LOAN0015,CUST0200,5498.05,4305.33,1192.72,2024-06-06,Paid
TXN_LOAN0015_16,LOAN0015,CUST0200,5498.05,4353.45,1144.6,2024-07-06,Paid
TXN_LOAN0015_17,LOAN0015,CUST0200,5498.05,4402.11,1095.94,2024-08-06,Paid
TXN_LOAN0015_18,LOAN0015,CUST0200,5498.05,4451.31,1046.74,2024-09-06,Paid
TXN_LOAN0015_19,LOAN0015,CUST0200,5498.05,4501.07,996.98,2024-10-06,Paid
TXN_LOAN0015_20,LOAN0015,CUST0200,5498.05,4551.38,946.67,2024-11-06,Paid
TXN_LOAN0015_21,LOAN0015,CUST0200,5498.05,4602.25,895.8,2024-12-06,Paid
TXN_LOAN0015_22,LOAN0015,CUST0200,5498.05,4653.69,844.36,2025-01-06,Missed
TXN_LOAN0015_23,LOAN0015,CUST0200,5498.05,4705.71,792.34,2025-02-06,Paid
TXN_LOAN0015_24,LOAN0015,CUST0200,5498.05,4758.31,739.74,2025-03-06,Paid
TXN_LOAN0015_25,LOAN0015,CUST0200,5498.05,4811.49,686.56,2025-04-06,Paid
TXN_LOAN0015_26,LOAN0015,CUST0200,5498.05,4865.27,632.78,2025-05-06,Paid
TXN_LOAN0015_27,LOAN0015,CUST0200,5498.05,4919.66,578.39,2025-06-06,Paid
TXN_LOAN0015_28,LOAN0015,CUST0200,5498.05,4974.64,523.41,2025-07-06,Missed
TXN_LOAN0015_29,LOAN0015,CUST0200,5498.05,5030.25,467.8,2025-08-06,Paid
TXN_LOAN0015_30,LOAN0015,CUST0200,5498.05,5086.47,411.58,2025-09-06,Missed
TXN_LOAN0015_31,LOAN0015,CUST0200,5498.05,5143.33,354.72,2025-10-06,Paid
TXN_LOAN0015_32,LOAN0015,CUST0200,5498.05,5200.82,297.23,2025-11-06,Paid
TXN_LOAN0015_33,LOAN0015,CUST0200,5498.05,5258.95,239.1,2025-12-06,Paid
TXN_LOAN0015_34,LOAN0015,CUST0200,5498.05,5317.73,180.32,2026-01-06,Paid
TXN_LOAN0015_35,LOAN0015,CUST0200,5498.05,5377.17,120.88,2026-02-06,Paid
TXN_LOAN0015_36,LOAN0015,CUST0200,5498.05,5437.44,60.61,2026-03-06,Paid
TXN_LOAN0016_1,LOAN0016,CUST0042,55640.0,47891.46,7748.54,2023-02-13,Paid
TXN_LOAN0016_2,LOAN0016,CUST0042,55640.0,48493.72,7146.28,2023-03-13,Paid
TXN_LOAN0016_3,LOAN0016,CUST0042,55640.0,49103.56,6536.44,2023-04-13,Paid
TXN_LOAN0016_4,LOAN0016,CUST0042,55640.0,49721.06,5918.94,2023-05-13,Paid
TXN_LOAN0016_5,LOAN0016,CUST0042,55640.0,50346.33,5293.67,2023-06-13,Paid
TXN_LOAN0016_6,LOAN0016,CUST0042,55640.0,50979.46,4660.54,2023-07-13,Paid
TXN_LOAN0016_7,LOAN0016,CUST0042,55640.0,51620.55,4019.45,2023-08-13,Paid
TXN_LOAN0016_8,LOAN0016,CUST0042,55640.0,52269.7,3370.3,2023-09-13,Paid
TXN_LOAN0016_9,LOAN0016,CUST0042,55640.0,52927.02,2712.98,2023-10-13,Paid
TXN_LOAN0016_10,LOAN0016,CUST0042,55640.0,53592.61,2047.39,2023-11-13,Paid
TXN_LOAN0016_11,LOAN0016,CUST0042,55640.0,54266.56,1373.44,2023-12-13,Missed
TXN_LOAN0016_12,LOAN0016,CUST0042,55640.0,54948.97,691.03,2024-01-13,Paid
TXN_LOAN0017_1,LOAN0017,CUST0192,46490.85,33360.32,13130.53,2023-09-01,Paid
TXN_LOAN0017_2,LOAN0017,CUST0192,46490.85,33824.85,12666.0,2023-10-01,Paid
TXN_LOAN0017_3,LOAN0017,CUST0192,46490.85,34295.86,12194.99,2023-11-01,Paid
TXN_LOAN0017_4,LOAN0017,CUST0192,46490.85,34773.42,11717.43,2023-12-01,Paid
TXN_LOAN0017_5,LOAN0017,CUST0192,46490.85,35257.63,11233.22,2024-01-01,Paid
TXN_LOAN0017_6,LOAN0017,CUST0192,46490.85,35748.58,10742.27,2024-02-01,Paid
TXN_LOAN0017_7,LOAN0017,CUST0192,46490.85,36246.37,10244.48,2024-03-01,Paid
TXN_LOAN0017_8,LOAN0017,CUST0192,46490.85,36751.09,9739.76,2024-04-01,Paid
TXN_LOAN0017_9,LOAN0017,CUST0192,46490.85,37262.84,9228.01,2024-05-01,Paid
TXN_LOAN0017_10,LOAN0017,CUST0192,46490.85,37781.72,8709.13,2024-06-01,Paid
TXN_LOAN0017_11,LOAN0017,CUST0192,46490.85,38307.82,8183.03,2024-07-01,Paid
TXN_LOAN0017_12,LOAN0017,CUST0192,46490.85,38841.24,7649.61,2024-08-01,Paid
TXN_LOAN0017_13,LOAN0017,CUST0192,46490.85,39382.1,7108.75,2024-09-01,Missed
TXN_LOAN0017_14,LOAN0017,CUST0192,46490.85,39930.48,6560.37,2024-10-01,Paid
TXN_LOAN0017_15,LOAN0017,CUST0192,46490.85,40486.51,6004.34,2024-11-01,Paid
TXN_LOAN0017_16,LOAN0017,CUST0192,46490.85,41050.27,5440.58,2024-12-01,Paid
TXN_LOAN0017_17,LOAN0017,CUST0192,46490.85,41621.88,4868.97,2025-01-01,Paid
TXN_LOAN0017_18,LOAN0017,CUST0192,46490.85,42201.46,4289.39,2025-02-01,Paid
TXN_LOAN0017_19,LOAN0017,CUST0192,46490.85,42789.1,3701.75,2025-03-01,Paid
TXN_LOAN0017_20,LOAN0017,CUST0192,46490.85,43384.93,3105.92,2025-04-01,Paid
TXN_LOAN0017_21,LOAN0017,CUST0192,46490.85,43989.05,2501.8,2025-05-01,Paid
TXN_LOAN0017_22,LOAN0017,CUST0192,46490.85,44601.59,1889.26,2025-06-01,Paid
TXN_LOAN0017_23,LOAN0017,CUST0192,46490.85,45222.66,1268.19,2025-07-01,Paid
TXN_LOAN0017_24,LOAN0017,CUST0192,46490.85,45852.23,638.62,2025-08-01,Paid
TXN_LOAN0018_1,LOAN0018,CUST0015,26861.43,14714.68,12146.75,2023-09-30,Paid
TXN_LOAN0018_2,LOAN0018,CUST0015,26861.43,14900.34,11961.09,2023-10-30,Missed
TXN_LOAN0018_3,LOAN0018,CUST0015,26861.43,15088.34,11773.09,2023-11-30,Missed
TXN_LOAN0018_4,LOAN0018,CUST0015,26861.43,15278.72,11582.71,2023-12-30,Paid
TXN_LOAN0018_5,LOAN0018,CUST0015,26861.43,15471.5,11389.93,2024-01-30,Paid
TXN_LOAN0018_6,LOAN0018,CUST0015,26861.43,15666.71,11194.72,2024-02-29,Paid
TXN_LOAN0018_7,LOAN0018,CUST0015,26861.43,15864.38,10997.05,2024-03-30,Paid
TXN_LOAN0018_8,LOAN0018,CUST0015,26861.43,16064.55,10796.88,2024-04-30,Paid
TXN_LOAN0018_9,LOAN0018,CUST0015,26861.43,16267.24,10594.19,2024-05-30,Paid
TXN_LOAN0018_10,LOAN0018,CUST0015,26861.43,16472.49,10388.94,2024-06-30,Paid
TXN_LOAN0018_11,LOAN0018,CUST0015,26861.43,16680.33,10181.1,2024-07-30,Paid
TXN_LOAN0018_12,LOAN0018,CUST0015,26861.43,16890.79,9970.64,2024-08-30,Paid
TXN_LOAN0018_13,LOAN0018,CUST0015,26861.43,17103.91,9757.52,2024-09-30,Paid
TXN_LOAN0018_14,LOAN0018,CUST0015,26861.43,17319.72,9541.71,2024-10-30,Missed
TXN_LOAN0018_15,LOAN0018,CUST0015,26861.43,17538.25,9323.18,2024-11-30,Paid
TXN_LOAN0018_16,LOAN0018,CUST0015,26861.43,17759.53,9101.9,2024-12-30,Paid
TXN_LOAN0018_17,LOAN0018,CUST0015,26861.43,17983.61,8877.82,2025-01-30,Paid
TXN_LOAN0018_18,LOAN0018,CUST0015,26861.43,18210.52,8650.91,2025-02-28,Paid
TXN_LOAN0018_19,LOAN0018,CUST0015,26861.43,18440.29,8421.14,2025-03-30,Paid
TXN_LOAN0018_20,LOAN0018,CUST0015,26861.43,18672.96,8188.47,2025-04-30,Paid
TXN_LOAN0018_21,LOAN0018,CUST0015,26861.43,18908.56,7952.87,2025-05-30,Paid
TXN_LOAN0018_22,LOAN0018,CUST0015,26861.43,19147.14,7714.29,2025-06-30,Paid
TXN_LOAN0018_23,LOAN0018,CUST0015,26861.43,19388.72,7472.71,2025-07-30,Paid
TXN_LOAN0018_24,LOAN0018,CUST0015,26861.43,19633.36,7228.07,2025-08-30,Missed
TXN_LOAN0018_25,LOAN0018,CUST0015,26861.43,19881.08,6980.35,2025-09-30,Paid
TXN_LOAN0018_26,LOAN0018,CUST0015,26861.43,20131.93,6729.5,2025-10-30,Paid
TXN_LOAN0018_27,LOAN0018,CUST0015,26861.43,20385.94,6475.49,2025-11-30,Paid
TXN_LOAN0018_28,LOAN0018,CUST0015,26861.43,20643.16,6218.27,2025-12-30,Paid
TXN_LOAN0018_29,LOAN0018,CUST0015,26861.43,20903.62,5957.81,2026-01-30,Paid
TXN_LOAN0018_30,LOAN0018,CUST0015,26861.43,21167.37,5694.06,2026-02-28,Paid
TXN_LOAN0018_31,LOAN0018,CUST0015,26861.43,21434.45,5426.98,2026-03-30,Paid
TXN_LOAN0018_32,LOAN0018,CUST0015,26861.43,21704.89,5156.54,2026-04-30,Paid
TXN_LOAN0018_33,LOAN0018,CUST0015,26861.43,21978.75,4882.68,2026-05-30,Missed
TXN_LOAN0018_34,LOAN0018,CUST0015,26861.43,22256.07,4605.36,2026-06-30,Paid
TXN_LOAN0018_35,LOAN0018,CUST0015,26861.43,22536.88,4324.55,2026-07-30,Paid
TXN_LOAN0018_36,LOAN0018,CUST0015,26861.43,22821.24,4040.19,2026-08-30,Paid
TXN_LOAN0018_37,LOAN0018,CUST0015,26861.43,23109.18,3752.25,2026-09-30,Missed
TXN_LOAN0018_38,LOAN0018,CUST0015,26861.43,23400.76,3460.67,2026-10-30,Paid
TXN_LOAN0018_39,LOAN0018,CUST0015,26861.43,23696.02,3165.41,2026-11-30,Paid
TXN_LOAN0018_40,LOAN0018,CUST0015,26861.43,23995.0,2866.43,2026-12-30,Paid
TXN_LOAN0018_41,LOAN0018,CUST0015,26861.43,24297.75,2563.68,2027-01-30,Paid
TXN_LOAN0018_42,LOAN0018,CUST0015,26861.43,24604.33,2257.1,2027-02-28,Paid
TXN_LOAN0018_43,LOAN0018,CUST0015,26861.43,24914.77,1946.66,2027-03-30,Paid
TXN_LOAN0018_44,LOAN0018,CUST0015,26861.43,25229.13,1632.3,2027-04-30,Paid
TXN_LOAN0018_45,LOAN0018,CUST0015,26861.43,25547.45,1313.98,2027-05-30,Paid
TXN_LOAN0018_46,LOAN0018,CUST0015,26861.43,25869.8,991.63,2027-06-30,Paid
TXN_LOAN0018_47,LOAN0018,CUST0015,26861.43,26196.21,665.22,2027-07-30,Paid
TXN_LOAN0018_48,LOAN0018,CUST0015,26861.43,26526.58,334.85,2027-08-30,Missed
TXN_LOAN0019_1,LOAN0019,CUST0111,12845.53,6797.42,6048.11,2023-09-01,Paid
TXN_LOAN0019_2,LOAN0019,CUST0111,12845.53,6888.15,5957.38,2023-10-01,Missed
TXN_LOAN0019_3,LOAN0019,CUST0111,12845.53,6980.09,5865.44,2023-11-01,Paid
TXN_LOAN0019_4,LOAN0019,CUST0111,12845.53,7073.26,5772.27,2023-12-01,Paid
TXN_LOAN0019_5,LOAN0019,CUST0111,12845.53,7167.67,5677.86,2024-01-01,Paid
TXN_LOAN0019_6,LOAN0019,CUST0111,12845.53,7263.34,5582.19,2024-02-01,Paid
TXN_LOAN0019_7,LOAN0019,CUST0111,12845.53,7360.29,5485.24,2024-03-01,Paid
TXN_LOAN0019_8,LOAN0019,CUST0111,12845.53,7458.53,5387.0,2024-04-01,Paid
TXN_LOAN0019_9,LOAN0019,CUST0111,12845.53,7558.09,5287.44,2024-05-01,Paid
TXN_LOAN0019_10,LOAN0019,CUST0111,12845.53,7658.97,5186.56,2024-06-01,Missed
TXN_LOAN0019_11,LOAN0019,CUST0111,12845.53,7761.2,5084.33,2024-07-01,Paid
TXN_LOAN0019_12,LOAN0019,CUST0111,12845.53,7864.8,4980.73,2024-08-01,Paid
TXN_LOAN0019_13,LOAN0019,CUST0111,12845.53,7969.77,4875.76,2024-09-01,Paid
TXN_LOAN0019_14,LOAN0019,CUST0111,12845.53,8076.15,4769.38,2024-10-01,Paid
TXN_LOAN0019_15,LOAN0019,CUST0111,12845.53,8183.95,4661.58,2024-11-01,Paid
TXN_LOAN0019_16,LOAN0019,CUST0111,12845.53,8293.19,4552.34,2024-12-01,Paid
TXN_LOAN0019_17,LOAN0019,CUST0111,12845.53,8403.88,4441.65,2025-01-01,Paid
TXN_LOAN0019_18,LOAN0019,CUST0111,12845.53,8516.06,4329.47,2025-02-01,Paid
TXN_LOAN0019_19,LOAN0019,CUST0111,12845.53,8629.73,4215.8,2025-03-01,Paid
TXN_LOAN0019_20,LOAN0019,CUST0111,12845.53,8744.91,4100.62,2025-04-01,Paid
TXN_LOAN0019_21,LOAN0019,CUST0111,12845.53,8861.64,3983.89,2025-05-01,Paid
TXN_LOAN0019_22,LOAN0019,CUST0111,12845.53,8979.92,3865.61,2025-06-01,Paid
TXN_LOAN0019_23,LOAN0019,CUST0111,12845.53,9099.78,3745.75,2025-07-01,Paid
TXN_LOAN0019_24,LOAN0019,CUST0111,12845.53,9221.24,3624.29,2025-08-01,Paid
TXN_LOAN0019_25,LOAN0019,CUST0111,12845.53,9344.33,3501.2,2025-09-01,Paid
TXN_LOAN0019_26,LOAN0019,CUST0111,12845.53,9469.05,3376.48,2025-10-01,Paid
TXN_LOAN0019_27,LOAN0019,CUST0111,12845.53,9595.44,3250.09,2025-11-01,Paid
TXN_LOAN0019_28,LOAN0019,CUST0111,12845.53,9723.52,3122.01,2025-12-01,Paid
TXN_LOAN0019_29,LOAN0019,CUST0111,12845.53,9853.31,2992.22,2026-01-01,Paid
TXN_LOAN0019_30,LOAN0019,CUST0111,12845.53,9984.83,2860.7,2026-02-01,Paid
TXN_LOAN0019_31,LOAN0019,CUST0111,12845.53,10118.1,2727.43,2026-03-01,Paid
TXN_LOAN0019_32,LOAN0019,CUST0111,12845.53,10253.15,2592.38,2026-04-01,Paid
TXN_LOAN0019_33,LOAN0019,CUST0111,12845.53,10390.01,2455.52,2026-05-01,Paid
TXN_LOAN0019_34,LOAN0019,CUST0111,12845.53,10528.69,2316.84,2026-06-01,Paid
TXN_LOAN0019_35,LOAN0019,CUST0111,12845.53,10669.23,2176.3,2026-07-01,Paid
TXN_LOAN0019_36,LOAN0019,CUST0111,12845.53,10811.64,2033.89,2026-08-01,Paid
TXN_LOAN0019_37,LOAN0019,CUST0111,12845.53,10955.95,1889.58,2026-09-01,Paid
TXN_LOAN0019_38,LOAN0019,CUST0111,12845.53,11102.19,1743.34,2026-10-01,Paid
TXN_LOAN0019_39,LOAN0019,CUST0111,12845.53,11250.38,1595.15,2026-11-01,Paid
TXN_LOAN0019_40,LOAN0019,CUST0111,12845.53,11400.54,1444.99,2026-12-01,Paid
TXN_LOAN0019_41,LOAN0019,CUST0111,12845.53,11552.71,1292.82,2027-01-01,Paid
TXN_LOAN0019_42,LOAN0019,CUST0111,12845.53,11706.92,1138.61,2027-02-01,Paid
TXN_LOAN0019_43,LOAN0019,CUST0111,12845.53,11863.18,982.35,2027-03-01,Paid
TXN_LOAN0019_44,LOAN0019,CUST0111,12845.53,12021.52,824.01,2027-04-01,Paid
TXN_LOAN0019_45,LOAN0019,CUST0111,12845.53,12181.98,663.55,2027-05-01,Paid
TXN_LOAN0019_46,LOAN0019,CUST0111,12845.53,12344.59,500.94,2027-06-01,Paid
TXN_LOAN0019_47,LOAN0019,CUST0111,12845.53,12509.36,336.17,2027-07-01,Paid
TXN_LOAN0019_48,LOAN0019,CUST0111,12845.53,12676.35,169.18,2027-08-01,Paid
TXN_LOAN0020_1,LOAN0020,CUST0157,62738.23,56011.87,6726.36,2023-07-30,Paid
TXN_LOAN0020_2,LOAN0020,CUST0157,62738.23,56543.72,6194.51,2023-08-30,Paid
TXN_LOAN0020_3,LOAN0020,CUST0157,62738.23,57080.63,5657.6,2023-09-30,Paid
TXN_LOAN0020_4,LOAN0020,CUST0157,62738.23,57622.63,5115.6,2023-10-30,Paid
TXN_LOAN0020_5,LOAN0020,CUST0157,62738.23,58169.78,4568.45,2023-11-30,Paid
TXN_LOAN0020_6,LOAN0020,CUST0157,62738.23,58722.13,4016.1,2023-12-30,Paid
TXN_LOAN0020_7,LOAN0020,CUST0157,62738.23,59279.72,3458.51,2024-01-30,Paid
TXN_LOAN0020_8,LOAN0020,CUST0157,62738.23,59842.61,2895.62,2024-02-29,Paid
TXN_LOAN0020_9,LOAN0020,CUST0157,62738.23,60410.84,2327.39,2024-03-30,Paid
TXN_LOAN0020_10,LOAN0020,CUST0157,62738.23,60984.46,1753.77,2024-04-30,Paid
TXN_LOAN0020_11,LOAN0020,CUST0157,62738.23,61563.54,1174.69,2024-05-30,Paid
TXN_LOAN0020_12,LOAN0020,CUST0157,62738.23,62148.07,590.16,2024-06-30,Paid
TXN_LOAN0021_1,LOAN0021,CUST0033,79740.28,67922.63,11817.65,2024-01-04,Paid
TXN_LOAN0021_2,LOAN0021,CUST0033,79740.28,68836.65,10903.63,2024-02-04,Paid
TXN_LOAN0021_3,LOAN0021,CUST0033,79740.28,69762.98,9977.3,2024-03-04,Paid
TXN_LOAN0021_4,LOAN0021,CUST0033,79740.28,70701.77,9038.51,2024-04-04,Paid
TXN_LOAN0021_5,LOAN0021,CUST0033,79740.28,71653.2,8087.08,2024-05-04,Paid
TXN_LOAN0021_6,LOAN0021,CUST0033,79740.28,72617.42,7122.86,2024-06-04,Missed
TXN_LOAN0021_7,LOAN0021,CUST0033,79740.28,73594.63,6145.65,2024-07-04,Paid
TXN_LOAN0021_8,LOAN0021,CUST0033,79740.28,74584.98,5155.3,2024-08-04,Paid
TXN_LOAN0021_9,LOAN0021,CUST0033,79740.28,75588.66,4151.62,2024-09-04,Paid
TXN_LOAN0021_10,LOAN0021,CUST0033,79740.28,76605.85,3134.43,2024-10-04,Paid
TXN_LOAN0021_11,LOAN0021,CUST0033,79740.28,77636.72,2103.56,2024-11-04,Paid
TXN_LOAN0021_12,LOAN0021,CUST0033,79740.28,78681.51,1058.77,2024-12-04,Paid
TXN_LOAN0022_1,LOAN0022,CUST0155,22866.67,16101.61,6765.06,2023-07-22,Paid
TXN_LOAN0022_2,LOAN0022,CUST0155,22866.67,16219.7,6646.97,2023-08-22,Paid
TXN_LOAN0022_3,LOAN0022,CUST0155,22866.67,16338.66,6528.01,2023-09-22,Paid
TXN_LOAN0022_4,LOAN0022,CUST0155,22866.67,16458.49,6408.18,2023-10-22,Paid
TXN_LOAN0022_5,LOAN0022,CUST0155,22866.67,16579.21,6287.46,2023-11-22,Paid
TXN_LOAN0022_6,LOAN0022,CUST0155,22866.67,16700.8,6165.87,2023-12-22,Paid
TXN_LOAN0022_7,LOAN0022,CUST0155,22866.67,16823.29,6043.38,2024-01-22,Paid
TXN_LOAN0022_8,LOAN0022,CUST0155,22866.67,16946.68,5919.99,2024-02-22,Paid
TXN_LOAN0022_9,LOAN0022,CUST0155,22866.67,17070.97,5795.7,2024-03-22,Paid
TXN_LOAN0022_10,LOAN0022,CUST0155,22866.67,17196.17,5670.5,2024-04-22,Paid
TXN_LOAN0022_11,LOAN0022,CUST0155,22866.67,17322.3,5544.37,2024-05-22,Paid
TXN_LOAN0022_12,LOAN0022,CUST0155,22866.67,17449.34,5417.33,2024-06-22,Missed
TXN_LOAN0022_13,LOAN0022,CUST0155,22866.67,17577.32,5289.35,2024-07-22,Paid
TXN_LOAN0022_14,LOAN0022,CUST0155,22866.67,17706.24,5160.43,2024-08-22,Missed
TXN_LOAN0022_15,LOAN0022,CUST0155,22866.67,17836.1,5030.57,2024-09-22,Paid
TXN_LOAN0022_16,LOAN0022,CUST0155,22866.67,17966.92,4899.75,2024-10-22,Paid
TXN_LOAN0022_17,LOAN0022,CUST0155,22866.67,18098.69,4767.98,2024-11-22,Paid
TXN_LOAN0022_18,LOAN0022,CUST0155,22866.67,18231.43,4635.24,2024-12-22,Paid
TXN_LOAN0022_19,LOAN0022,CUST0155,22866.67,18365.15,4501.52,2025-01-22,Paid
TXN_LOAN0022_20,LOAN0022,CUST0155,22866.67,18499.84,4366.83,2025-02-22,Missed
TXN_LOAN0022_21,LOAN0022,CUST0155,22866.67,18635.52,4231.15,2025-03-22,Missed
TXN_LOAN0022_22,LOAN0022,CUST0155,22866.67,18772.2,4094.47,2025-04-22,Paid
TXN_LOAN0022_23,LOAN0022,CUST0155,22866.67,18909.88,3956.79,2025-05-22,Paid
TXN_LOAN0022_24,LOAN0022,CUST0155,22866.67,19048.57,3818.1,2025-06-22,Missed
TXN_LOAN0022_25,LOAN0022,CUST0155,22866.67,19188.28,3678.39,2025-07-22,Paid
TXN_LOAN0022_26,LOAN0022,CUST0155,22866.67,19329.01,3537.66,2025-08-22,Paid
TXN_LOAN0022_27,LOAN0022,CUST0155,22866.67,19470.78,3395.89,2025-09-22,Paid
TXN_LOAN0022_28,LOAN0022,CUST0155,22866.67,19613.58,3253.09,2025-10-22,Paid
TXN_LOAN0022_29,LOAN0022,CUST0155,22866.67,19757.43,3109.24,2025-11-22,Missed
TXN_LOAN0022_30,LOAN0022,CUST0155,22866.67,19902.34,2964.33,2025-12-22,Paid
TXN_LOAN0022_31,LOAN0022,CUST0155,22866.67,20048.31,2818.36,2026-01-22,Paid
TXN_LOAN0022_32,LOAN0022,CUST0155,22866.67,20195.35,2671.32,2026-02-22,Paid
TXN_LOAN0022_33,LOAN0022,CUST0155,22866.67,20343.47,2523.2,2026-03-22,Paid
TXN_LOAN0022_34,LOAN0022,CUST0155,22866.67,20492.67,2374.0,2026-04-22,Paid
TXN_LOAN0022_35,LOAN0022,CUST0155,22866.67,20642.97,2223.7,2026-05-22,Paid
TXN_LOAN0022_36,LOAN0022,CUST0155,22866.67,20794.38,2072.29,2026-06-22,Paid
TXN_LOAN0022_37,LOAN0022,CUST0155,22866.67,20946.89,1919.78,2026-07-22,Paid
TXN_LOAN0022_38,LOAN0022,CUST0155,22866.67,21100.52,1766.15,2026-08-22,Paid
TXN_LOAN0022_39,LOAN0022,CUST0155,22866.67,21255.28,1611.39,2026-09-22,Missed
TXN_LOAN0022_40,LOAN0022,CUST0155,22866.67,21411.17,1455.5,2026-10-22,Paid
TXN_LOAN0022_41,LOAN0022,CUST0155,22866.67,21568.2,1298.47,2026-11-22,Paid
TXN_LOAN0022_42,LOAN0022,CUST0155,22866.67,21726.39,1140.28,2026-12-22,Paid
TXN_LOAN0022_43,LOAN0022,CUST0155,22866.67,21885.74,980.93,2027-01-22,Missed
TXN_LOAN0022_44,LOAN0022,CUST0155,22866.67,22046.26,820.41,2027-02-22,Paid
TXN_LOAN0022_45,LOAN0022,CUST0155,22866.67,22207.95,658.72,2027-03-22,Paid
TXN_LOAN0022_46,LOAN0022,CUST0155,22866.67,22370.83,495.84,2027-04-22,Paid
TXN_LOAN0022_47,LOAN0022,CUST0155,22866.67,22534.9,331.77,2027-05-22,Paid
TXN_LOAN0022_48,LOAN0022,CUST0155,22866.67,22700.22,166.45,2027-06-22,Paid
TXN_LOAN0023_1,LOAN0023,CUST0164,4880.46,2945.71,1934.75,2023-07-09,Paid
TXN_LOAN0023_2,LOAN0023,CUST0164,4880.46,2987.32,1893.14,2023-08-09,Paid
TXN_LOAN0023_3,LOAN0023,CUST0164,4880.46,3029.51,1850.95,2023-09-09,Paid
TXN_LOAN0023_4,LOAN0023,CUST0164,4880.46,3072.3,1808.16,2023-10-09,Paid
TXN_LOAN0023_5,LOAN0023,CUST0164,4880.46,3115.69,1764.77,2023-11-09,Paid
TXN_LOAN0023_6,LOAN0023,CUST0164,4880.46,3159.69,1720.77,2023-12-09,Paid
TXN_LOAN0023_7,LOAN0023,CUST0164,4880.46,3204.32,1676.14,2024-01-09,Paid
TXN_LOAN0023_8,LOAN0023,CUST0164,4880.46,3249.57,1630.89,2024-02-09,Paid
TXN_LOAN0023_9,LOAN0023,CUST0164,4880.46,3295.47,1584.99,2024-03-09,Paid
TXN_LOAN0023_10,LOAN0023,CUST0164,4880.46,3342.01,1538.45,2024-04-09,Paid
TXN_LOAN0023_11,LOAN0023,CUST0164,4880.46,3389.21,1491.25,2024-05-09,Paid
TXN_LOAN0023_12,LOAN0023,CUST0164,4880.46,3437.08,1443.38,2024-06-09,Paid
TXN_LOAN0023_13,LOAN0023,CUST0164,4880.46,3485.62,1394.84,2024-07-09,Paid
TXN_LOAN0023_14,LOAN0023,CUST0164,4880.46,3534.85,1345.61,2024-08-09,Paid
TXN_LOAN0023_15,LOAN0023,CUST0164,4880.46,3584.78,1295.68,2024-09-09,Paid
TXN_LOAN0023_16,LOAN0023,CUST0164,4880.46,3635.41,1245.05,2024-10-09,Paid
TXN_LOAN0023_17,LOAN0023,CUST0164,4880.46,3686.75,1193.71,2024-11-09,Paid
TXN_LOAN0023_18,LOAN0023,CUST0164,4880.46,3738.82,1141.64,2024-12-09,Missed
TXN_LOAN0023_19,LOAN0023,CUST0164,4880.46,3791.63,1088.83,2025-01-09,Paid
TXN_LOAN0023_20,LOAN0023,CUST0164,4880.46,3845.18,1035.28,2025-02-09,Paid
TXN_LOAN0023_21,LOAN0023,CUST0164,4880.46,3899.48,980.98,2025-03-09,Missed
TXN_LOAN0023_22,LOAN0023,CUST0164,4880.46,3954.56,925.9,2025-04-09,Paid
TXN_LOAN0023_23,LOAN0023,CUST0164,4880.46,4010.41,870.05,2025-05-09,Paid
TXN_LOAN0023_24,LOAN0023,CUST0164,4880.46,4067.05,813.41,2025-06-09,Paid
TXN_LOAN0023_25,LOAN0023,CUST0164,4880.46,4124.49,755.97,2025-07-09,Paid
TXN_LOAN0023_26,LOAN0023,CUST0164,4880.46,4182.75,697.71,2025-08-09,Paid
TXN_LOAN0023_27,LOAN0023,CUST0164,4880.46,4241.82,638.64,2025-09-09,Paid
TXN_LOAN0023_28,LOAN0023,CUST0164,4880.46,4301.73,578.73,2025-10-09,Paid
TXN_LOAN0023_29,LOAN0023,CUST0164,4880.46,4362.48,517.98,2025-11-09,Paid
TXN_LOAN0023_30,LOAN0023,CUST0164,4880.46,4424.1,456.36,2025-12-09,Paid
TXN_LOAN0023_31,LOAN0023,CUST0164,4880.46,4486.58,393.88,2026-01-09,Paid
TXN_LOAN0023_32,LOAN0023,CUST0164,4880.46,4549.95,330.51,2026-02-09,Paid
TXN_LOAN0023_33,LOAN0023,CUST0164,4880.46,4614.21,266.25,2026-03-09,Paid
TXN_LOAN0023_34,LOAN0023,CUST0164,4880.46,4679.38,201.08,2026-04-09,Paid
TXN_LOAN0023_35,LOAN0023,CUST0164,4880.46,4745.47,134.99,2026-05-09,Missed
TXN_LOAN0023_36,LOAN0023,CUST0164,4880.46,4812.62,67.84,2026-06-09,Paid
TXN_LOAN0024_1,LOAN0024,CUST0157,55509.51,48547.67,6961.84,2023-07-13,Paid
TXN_LOAN0024_2,LOAN0024,CUST0157,55509.51,49092.86,6416.65,2023-08-13,Missed
TXN_LOAN0024_3,LOAN0024,CUST0157,55509.51,49644.17,5865.34,2023-09-13,Paid
TXN_LOAN0024_4,LOAN0024,CUST0157,55509.51,50201.67,5307.84,2023-10-13,Paid
TXN_LOAN0024_5,LOAN0024,CUST0157,55509.51,50765.43,4744.08,2023-11-13,Paid
TXN_LOAN0024_6,LOAN0024,CUST0157,55509.51,51335.52,4173.99,2023-12-13,Missed
TXN_LOAN0024_7,LOAN0024,CUST0157,55509.51,51912.01,3597.5,2024-01-13,Paid
TXN_LOAN0024_8,LOAN0024,CUST0157,55509.51,52494.98,3014.53,2024-02-13,Paid
TXN_LOAN0024_9,LOAN0024,CUST0157,55509.51,53084.5,2425.01,2024-03-13,Paid
TXN_LOAN0024_10,LOAN0024,CUST0157,55509.51,53680.63,1828.88,2024-04-13,Paid
TXN_LOAN0024_11,LOAN0024,CUST0157,55509.51,54283.46,1226.05,2024-05-13,Paid
TXN_LOAN0024_12,LOAN0024,CUST0157,55509.51,54893.1,616.41,2024-06-13,Paid
TXN_LOAN0025_1,LOAN0025,CUST0038,5003.24,2631.32,2371.92,2023-08-07,Paid
TXN_LOAN0025_2,LOAN0025,CUST0038,5003.24,2666.79,2336.45,2023-09-07,Paid
TXN_LOAN0025_3,LOAN0025,CUST0038,5003.24,2702.73,2300.51,2023-10-07,Paid
TXN_LOAN0025_4,LOAN0025,CUST0038,5003.24,2739.16,2264.08,2023-11-07,Paid
TXN_LOAN0025_5,LOAN0025,CUST0038,5003.24,2776.07,2227.17,2023-12-07,Paid
TXN_LOAN0025_6,LOAN0025,CUST0038,5003.24,2813.49,2189.75,2024-01-07,Paid
TXN_LOAN0025_7,LOAN0025,CUST0038,5003.24,2851.41,2151.83,2024-02-07,Paid
TXN_LOAN0025_8,LOAN0025,CUST0038,5003.24,2889.84,2113.4,2024-03-07,Paid
TXN_LOAN0025_9,LOAN0025,CUST0038,5003.24,2928.78,2074.46,2024-04-07,Paid
TXN_LOAN0025_10,LOAN0025,CUST0038,5003.24,2968.26,2034.98,2024-05-07,Paid
TXN_LOAN0025_11,LOAN0025,CUST0038,5003.24,3008.26,1994.98,2024-06-07,Paid
TXN_LOAN0025_12,LOAN0025,CUST0038,5003.24,3048.8,1954.44,2024-07-07,Paid
TXN_LOAN0025_13,LOAN0025,CUST0038,5003.24,3089.89,1913.35,2024-08-07,Paid
TXN_LOAN0025_14,LOAN0025,CUST0038,5003.24,3131.54,1871.7,2024-09-07,Paid
TXN_LOAN0025_15,LOAN0025,CUST0038,5003.24,3173.74,1829.5,2024-10-07,Paid
TXN_LOAN0025_16,LOAN0025,CUST0038,5003.24,3216.52,1786.72,2024-11-07,Paid
TXN_LOAN0025_17,LOAN0025,CUST0038,5003.24,3259.87,1743.37,2024-12-07,Paid
TXN_LOAN0025_18,LOAN0025,CUST0038,5003.24,3303.8,1699.44,2025-01-07,Paid
TXN_LOAN0025_19,LOAN0025,CUST0038,5003.24,3348.33,1654.91,2025-02-07,Paid
TXN_LOAN0025_20,LOAN0025,CUST0038,5003.24,3393.46,1609.78,2025-03-07,Paid
TXN_LOAN0025_21,LOAN0025,CUST0038,5003.24,3439.19,1564.05,2025-04-07,Paid
TXN_LOAN0025_22,LOAN0025,CUST0038,5003.24,3485.54,1517.7,2025-05-07,Paid
TXN_LOAN0025_23,LOAN0025,CUST0038,5003.24,3532.52,1470.72,2025-06-07,Paid
TXN_LOAN0025_24,LOAN0025,CUST0038,5003.24,3580.13,1423.11,2025-07-07,Paid
TXN_LOAN0025_25,LOAN0025,CUST0038,5003.24,3628.38,1374.86,2025-08-07,Paid
TXN_LOAN0025_26,LOAN0025,CUST0038,5003.24,3677.28,1325.96,2025-09-07,Paid
TXN_LOAN0025_27,LOAN0025,CUST0038,5003.24,3726.84,1276.4,2025-10-07,Paid
TXN_LOAN0025_28,LOAN0025,CUST0038,5003.24,3777.07,1226.17,2025-11-07,Paid
TXN_LOAN0025_29,LOAN0025,CUST0038,5003.24,3827.98,1175.26,2025-12-07,Paid
TXN_LOAN0025_30,LOAN0025,CUST0038,5003.24,3879.57,1123.67,2026-01-07,Paid
TXN_LOAN0025_31,LOAN0025,CUST0038,5003.24,3931.86,1071.38,2026-02-07,Missed
TXN_LOAN0025_32,LOAN0025,CUST0038,5003.24,3984.85,1018.39,2026-03-07,Paid
TXN_LOAN0025_33,LOAN0025,CUST0038,5003.24,4038.55,964.69,2026-04-07,Paid
TXN_LOAN0025_34,LOAN0025,CUST0038,5003.24,4092.98,910.26,2026-05-07,Paid
TXN_LOAN0025_35,LOAN0025,CUST0038,5003.24,4148.15,855.09,2026-06-07,Paid
TXN_LOAN0025_36,LOAN0025,CUST0038,5003.24,4204.05,799.19,2026-07-07,Paid
TXN_LOAN0025_37,LOAN0025,CUST0038,5003.24,4260.71,742.53,2026-08-07,Missed
TXN_LOAN0025_38,LOAN0025,CUST0038,5003.24,4318.14,685.1,2026-09-07,Paid
TXN_LOAN0025_39,LOAN0025,CUST0038,5003.24,4376.33,626.91,2026-10-07,Paid
TXN_LOAN0025_40,LOAN0025,CUST0038,5003.24,4435.31,567.93,2026-11-07,Paid
TXN_LOAN0025_41,LOAN0025,CUST0038,5003.24,4495.09,508.15,2026-12-07,Paid
TXN_LOAN0025_42,LOAN0025,CUST0038,5003.24,4555.67,447.57,2027-01-07,Paid
TXN_LOAN0025_43,LOAN0025,CUST0038,5003.24,4617.07,386.17,2027-02-07,Paid
TXN_LOAN0025_44,LOAN0025,CUST0038,5003.24,4679.3,323.94,2027-03-07,Paid
TXN_LOAN0025_45,LOAN0025,CUST0038,5003.24,4742.36,260.88,2027-04-07,Paid
TXN_LOAN0025_46,LOAN0025,CUST0038,5003.24,4806.28,196.96,2027-05-07,Paid
TXN_LOAN0025_47,LOAN0025,CUST0038,5003.24,4871.06,132.18,2027-06-07,Paid
TXN_LOAN0025_48,LOAN0025,CUST0038,5003.24,4936.68,66.56,2027-07-07,Paid
TXN_LOAN0026_1,LOAN0026,CUST0185,40335.58,35610.88,4724.7,2023-08-10,Paid
TXN_LOAN0026_2,LOAN0026,CUST0185,40335.58,35982.51,4353.07,2023-09-10,Paid
TXN_LOAN0026_3,LOAN0026,CUST0185,40335.58,36358.02,3977.56,2023-10-10,Missed
TXN_LOAN0026_4,LOAN0026,CUST0185,40335.58,36737.45,3598.13,2023-11-10,Paid
TXN_LOAN0026_5,LOAN0026,CUST0185,40335.58,37120.85,3214.73,2023-12-10,Missed
TXN_LOAN0026_6,LOAN0026,CUST0185,40335.58,37508.24,2827.34,2024-01-10,Paid
TXN_LOAN0026_7,LOAN0026,CUST0185,40335.58,37899.67,2435.91,2024-02-10,Paid
TXN_LOAN0026_8,LOAN0026,CUST0185,40335.58,38295.19,2040.39,2024-03-10,Paid
TXN_LOAN0026_9,LOAN0026,CUST0185,40335.58,38694.84,1640.74,2024-04-10,Missed
TXN_LOAN0026_10,LOAN0026,CUST0185,40335.58,39098.66,1236.92,2024-05-10,Paid
TXN_LOAN0026_11,LOAN0026,CUST0185,40335.58,39506.69,828.89,2024-06-10,Paid
TXN_LOAN0026_12,LOAN0026,CUST0185,40335.58,39919.0,416.58,2024-07-10,Paid
TXN_LOAN0027_1,LOAN0027,CUST0097,19123.37,12433.84,6689.53,2023-12-04,Paid
TXN_LOAN0027_2,LOAN0027,CUST0097,19123.37,12583.42,6539.95,2024-01-04,Paid
TXN_LOAN0027_3,LOAN0027,CUST0097,19123.37,12734.8,6388.57,2024-02-04,Paid
TXN_LOAN0027_4,LOAN0027,CUST0097,19123.37,12887.99,6235.38,2024-03-04,Missed
TXN_LOAN0027_5,LOAN0027,CUST0097,19123.37,13043.03,6080.34,2024-04-04,Paid
TXN_LOAN0027_6,LOAN0027,CUST0097,19123.37,13199.94,5923.43,2024-05-04,Paid
TXN_LOAN0027_7,LOAN0027,CUST0097,19123.37,13358.73,5764.64,2024-06-04,Paid
TXN_LOAN0027_8,LOAN0027,CUST0097,19123.37,13519.43,5603.94,2024-07-04,Paid
TXN_LOAN0027_9,LOAN0027,CUST0097,19123.37,13682.07,5441.3,2024-08-04,Paid
TXN_LOAN0027_10,LOAN0027,CUST0097,19123.37,13846.66,5276.71,2024-09-04,Paid
TXN_LOAN0027_11,LOAN0027,CUST0097,19123.37,14013.24,5110.13,2024-10-04,Paid
TXN_LOAN0027_12,LOAN0027,CUST0097,19123.37,14181.81,4941.56,2024-11-04,Missed
TXN_LOAN0027_13,LOAN0027,CUST0097,19123.37,14352.42,4770.95,2024-12-04,Missed
TXN_LOAN0027_14,LOAN0027,CUST0097,19123.37,14525.07,4598.3,2025-01-04,Paid
TXN_LOAN0027_15,LOAN0027,CUST0097,19123.37,14699.81,4423.56,2025-02-04,Missed
TXN_LOAN0027_16,LOAN0027,CUST0097,19123.37,14876.64,4246.73,2025-03-04,Paid
TXN_LOAN0027_17,LOAN0027,CUST0097,19123.37,15055.61,4067.76,2025-04-04,Paid
TXN_LOAN0027_18,LOAN0027,CUST0097,19123.37,15236.72,3886.65,2025-05-04,Paid
TXN_LOAN0027_19,LOAN0027,CUST0097,19123.37,15420.02,3703.35,2025-06-04,Paid
TXN_LOAN0027_20,LOAN0027,CUST0097,19123.37,15605.52,3517.85,2025-07-04,Paid
TXN_LOAN0027_21,LOAN0027,CUST0097,19123.37,15793.25,3330.12,2025-08-04,Paid
TXN_LOAN0027_22,LOAN0027,CUST0097,19123.37,15983.24,3140.13,2025-09-04,Paid
TXN_LOAN0027_23,LOAN0027,CUST0097,19123.37,16175.52,2947.85,2025-10-04,Paid
TXN_LOAN0027_24,LOAN0027,CUST0097,19123.37,16370.1,2753.27,2025-11-04,Paid
TXN_LOAN0027_25,LOAN0027,CUST0097,19123.37,16567.03,2556.34,2025-12-04,Paid
TXN_LOAN0027_26,LOAN0027,CUST0097,19123.37,16766.33,2357.04,2026-01-04,Missed
TXN_LOAN0027_27,LOAN0027,CUST0097,19123.37,16968.03,2155.34,2026-02-04,Paid
TXN_LOAN0027_28,LOAN0027,CUST0097,19123.37,17172.15,1951.22,2026-03-04,Paid
TXN_LOAN0027_29,LOAN0027,CUST0097,19123.37,17378.73,1744.64,2026-04-04,Paid
TXN_LOAN0027_30,LOAN0027,CUST0097,19123.37,17587.79,1535.58,2026-05-04,Paid
TXN_LOAN0027_31,LOAN0027,CUST0097,19123.37,17799.37,1324.0,2026-06-04,Paid
TXN_LOAN0027_32,LOAN0027,CUST0097,19123.37,18013.49,1109.88,2026-07-04,Paid
TXN_LOAN0027_33,LOAN0027,CUST0097,19123.37,18230.19,893.18,2026-08-04,Paid
TXN_LOAN0027_34,LOAN0027,CUST0097,19123.37,18449.5,673.87,2026-09-04,Missed
TXN_LOAN0027_35,LOAN0027,CUST0097,19123.37,18671.44,451.93,2026-10-04,Paid
TXN_LOAN0027_36,LOAN0027,CUST0097,19123.37,18896.07,227.3,2026-11-04,Paid
TXN_LOAN0028_1,LOAN0028,CUST0155,45351.13,34834.56,10516.57,2023-10-13,Paid
TXN_LOAN0028_2,LOAN0028,CUST0155,45351.13,35219.6,10131.53,2023-11-13,Missed
TXN_LOAN0028_3,LOAN0028,CUST0155,45351.13,35608.89,9742.24,2023-12-13,Paid
TXN_LOAN0028_4,LOAN0028,CUST0155,45351.13,36002.49,9348.64,2024-01-13,Paid
TXN_LOAN0028_5,LOAN0028,CUST0155,45351.13,36400.44,8950.69,2024-02-13,Paid
TXN_LOAN0028_6,LOAN0028,CUST0155,45351.13,36802.79,8548.34,2024-03-13,Paid
TXN_LOAN0028_7,LOAN0028,CUST0155,45351.13,37209.58,8141.55,2024-04-13,Paid
TXN_LOAN0028_8,LOAN0028,CUST0155,45351.13,37620.87,7730.26,2024-05-13,Paid
TXN_LOAN0028_9,LOAN0028,CUST0155,45351.13,38036.71,7314.42,2024-06-13,Paid
TXN_LOAN0028_10,LOAN0028,CUST0155,45351.13,38457.14,6893.99,2024-07-13,Paid
TXN_LOAN0028_11,LOAN0028,CUST0155,45351.13,38882.22,6468.91,2024-08-13,Paid
TXN_LOAN0028_12,LOAN0028,CUST0155,45351.13,39312.0,6039.13,2024-09-13,Missed
TXN_LOAN0028_13,LOAN0028,CUST0155,45351.13,39746.53,5604.6,2024-10-13,Missed
TXN_LOAN0028_14,LOAN0028,CUST0155,45351.13,40185.86,5165.27,2024-11-13,Paid
TXN_LOAN0028_15,LOAN0028,CUST0155,45351.13,40630.05,4721.08,2024-12-13,Paid
TXN_LOAN0028_16,LOAN0028,CUST0155,45351.13,41079.15,4271.98,2025-01-13,Paid
TXN_LOAN0028_17,LOAN0028,CUST0155,45351.13,41533.21,3817.92,2025-02-13,Paid
TXN_LOAN0028_18,LOAN0028,CUST0155,45351.13,41992.29,3358.84,2025-03-13,Paid
TXN_LOAN0028_19,LOAN0028,CUST0155,45351.13,42456.45,2894.68,2025-04-13,Paid
TXN_LOAN0028_20,LOAN0028,CUST0155,45351.13,42925.73,2425.4,2025-05-13,Paid
TXN_LOAN0028_21,LOAN0028,CUST0155,45351.13,43400.21,1950.92,2025-06-13,Missed
TXN_LOAN0028_22,LOAN0028,CUST0155,45351.13,43879.93,1471.2,2025-07-13,Paid
TXN_LOAN0028_23,LOAN0028,CUST0155,45351.13,44364.95,986.18,2025-08-13,Paid
TXN_LOAN0028_24,LOAN0028,CUST0155,45351.13,44855.35,495.78,2025-09-13,Paid
TXN_LOAN0029_1,LOAN0029,CUST0183,52136.52,44776.16,7360.36,2023-08-02,Paid
TXN_LOAN0029_2,LOAN0029,CUST0183,52136.52,45347.65,6788.87,2023-09-02,Paid
TXN_LOAN0029_3,LOAN0029,CUST0183,52136.52,45926.43,6210.09,2023-10-02,Paid
TXN_LOAN0029_4,LOAN0029,CUST0183,52136.52,46512.6,5623.92,2023-11-02,Paid
TXN_LOAN0029_5,LOAN0029,CUST0183,52136.52,47106.25,5030.27,2023-12-02,Paid
TXN_LOAN0029_6,LOAN0029,CUST0183,52136.52,47707.48,4429.04,2024-01-02,Paid
TXN_LOAN0029_7,LOAN0029,CUST0183,52136.52,48316.39,3820.13,2024-02-02,Paid
TXN_LOAN0029_8,LOAN0029,CUST0183,52136.52,48933.06,3203.46,2024-03-02,Paid
TXN_LOAN0029_9,LOAN0029,CUST0183,52136.52,49557.6,2578.92,2024-04-02,Paid
TXN_LOAN0029_10,LOAN0029,CUST0183,52136.52,50190.12,1946.4,2024-05-02,Paid
TXN_LOAN0029_11,LOAN0029,CUST0183,52136.52,50830.71,1305.81,2024-06-02,Paid
TXN_LOAN0029_12,LOAN0029,CUST0183,52136.52,51479.55,656.97,2024-07-02,Paid
TXN_LOAN0030_1,LOAN0030,CUST0033,4252.32,3267.23,985.09,2023-05-27,Paid
TXN_LOAN0030_2,LOAN0030,CUST0033,4252.32,3291.23,961.09,2023-06-27,Paid
TXN_LOAN0030_3,LOAN0030,CUST0033,4252.32,3315.42,936.9,2023-07-27,Paid
TXN_LOAN0030_4,LOAN0030,CUST0033,4252.32,3339.77,912.55,2023-08-27,Missed
TXN_LOAN0030_5,LOAN0030,CUST0033,4252.32,3364.31,888.01,2023-09-27,Paid
TXN_LOAN0030_6,LOAN0030,CUST0033,4252.32,3389.03,863.29,2023-10-27,Missed
TXN_LOAN0030_7,LOAN0030,CUST0033,4252.32,3413.93,838.39,2023-11-27,Missed
TXN_LOAN0030_8,LOAN0030,CUST0033,4252.32,3439.01,813.31,2023-12-27,Paid
TXN_LOAN0030_9,LOAN0030,CUST0033,4252.32,3464.27,788.05,2024-01-27,Paid
TXN_LOAN0030_10,LOAN0030,CUST0033,4252.32,3489.73,762.59,2024-02-27,Paid
TXN_LOAN0030_11,LOAN0030,CUST0033,4252.32,3515.36,736.96,2024-03-27,Paid
TXN_LOAN0030_12,LOAN0030,CUST0033,4252.32,3541.19,711.13,2024-04-27,Paid
TXN_LOAN0030_13,LOAN0030,CUST0033,4252.32,3567.21,685.11,2024-05-27,Paid
TXN_LOAN0030_14,LOAN0030,CUST0033,4252.32,3593.42,658.9,2024-06-27,Paid
TXN_LOAN0030_15,LOAN0030,CUST0033,4252.32,3619.82,632.5,2024-07-27,Paid
TXN_LOAN0030_16,LOAN0030,CUST0033,4252.32,3646.41,605.91,2024-08-27,Paid
TXN_LOAN0030_17,LOAN0030,CUST0033,4252.32,3673.2,579.12,2024-09-27,Paid
TXN_LOAN0030_18,LOAN0030,CUST0033,4252.32,3700.19,552.13,2024-10-27,Missed
TXN_LOAN0030_19,LOAN0030,CUST0033,4252.32,3727.37,524.95,2024-11-27,Paid
TXN_LOAN0030_20,LOAN0030,CUST0033,4252.32,3754.76,497.56,2024-12-27,Paid
TXN_LOAN0030_21,LOAN0030,CUST0033,4252.32,3782.34,469.98,2025-01-27,Paid
TXN_LOAN0030_22,LOAN0030,CUST0033,4252.32,3810.13,442.19,2025-02-27,Paid
TXN_LOAN0030_23,LOAN0030,CUST0033,4252.32,3838.13,414.19,2025-03-27,Missed
TXN_LOAN0030_24,LOAN0030,CUST0033,4252.32,3866.32,386.0,2025-04-27,Paid
TXN_LOAN0030_25,LOAN0030,CUST0033,4252.32,3894.73,357.59,2025-05-27,Missed
TXN_LOAN0030_26,LOAN0030,CUST0033,4252.32,3923.34,328.98,2025-06-27,Paid
TXN_LOAN0030_27,LOAN0030,CUST0033,4252.32,3952.17,300.15,2025-07-27,Paid
TXN_LOAN0030_28,LOAN0030,CUST0033,4252.32,3981.2,271.12,2025-08-27,Paid
TXN_LOAN0030_29,LOAN0030,CUST0033,4252.32,4010.45,241.87,2025-09-27,Paid
TXN_LOAN0030_30,LOAN0030,CUST0033,4252.32,4039.92,212.4,2025-10-27,Missed
TXN_LOAN0030_31,LOAN0030,CUST0033,4252.32,4069.6,182.72,2025-11-27,Paid
TXN_LOAN0030_32,LOAN0030,CUST0033,4252.32,4099.5,152.82,2025-12-27,Paid
TXN_LOAN0030_33,LOAN0030,CUST0033,4252.32,4129.62,122.7,2026-01-27,Paid
TXN_LOAN0030_34,LOAN0030,CUST0033,4252.32,4159.96,92.36,2026-02-27,Paid
TXN_LOAN0030_35,LOAN0030,CUST0033,4252.32,4190.52,61.8,2026-03-27,Paid
TXN_LOAN0030_36,LOAN0030,CUST0033,4252.32,4221.21,31.11,2026-04-27,Paid
TXN_LOAN0031_1,LOAN0031,CUST0196,24367.08,17293.32,7073.76,2023-11-09,Paid
TXN_LOAN0031_2,LOAN0031,CUST0196,24367.08,17417.3,6949.78,2023-12-09,Paid
TXN_LOAN0031_3,LOAN0031,CUST0196,24367.08,17542.18,6824.9,2024-01-09,Paid
TXN_LOAN0031_4,LOAN0031,CUST0196,24367.08,17667.95,6699.13,2024-02-09,Paid
TXN_LOAN0031_5,LOAN0031,CUST0196,24367.08,17794.62,6572.46,2024-03-09,Paid
TXN_LOAN0031_6,LOAN0031,CUST0196,24367.08,17922.2,6444.88,2024-04-09,Missed
TXN_LOAN0031_7,LOAN0031,CUST0196,24367.08,18050.69,6316.39,2024-05-09,Paid
TXN_LOAN0031_8,LOAN0031,CUST0196,24367.08,18180.11,6186.97,2024-06-09,Paid
TXN_LOAN0031_9,LOAN0031,CUST0196,24367.08,18310.45,6056.63,2024-07-09,Paid
TXN_LOAN0031_10,LOAN0031,CUST0196,24367.08,18441.73,5925.35,2024-08-09,Paid
TXN_LOAN0031_11,LOAN0031,CUST0196,24367.08,18573.95,5793.13,2024-09-09,Paid
TXN_LOAN0031_12,LOAN0031,CUST0196,24367.08,18707.12,5659.96,2024-10-09,Paid
TXN_LOAN0031_13,LOAN0031,CUST0196,24367.08,18841.24,5525.84,2024-11-09,Paid
TXN_LOAN0031_14,LOAN0031,CUST0196,24367.08,18976.33,5390.75,2024-12-09,Paid
TXN_LOAN0031_15,LOAN0031,CUST0196,24367.08,19112.38,5254.7,2025-01-09,Paid
TXN_LOAN0031_16,LOAN0031,CUST0196,24367.08,19249.41,5117.67,2025-02-09,Paid
TXN_LOAN0031_17,LOAN0031,CUST0196,24367.08,19387.42,4979.66,2025-03-09,Paid
TXN_LOAN0031_18,LOAN0031,CUST0196,24367.08,19526.42,4840.66,2025-04-09,Paid
TXN_LOAN0031_19,LOAN0031,CUST0196,24367.08,19666.42,4700.66,2025-05-09,Paid
TXN_LOAN0031_20,LOAN0031,CUST0196,24367.08,19807.42,4559.66,2025-06-09,Paid
TXN_LOAN0031_21,LOAN0031,CUST0196,24367.08,19949.43,4417.65,2025-07-09,Paid
TXN_LOAN0031_22,LOAN0031,CUST0196,24367.08,20092.46,4274.62,2025-08-09,Paid
TXN_LOAN0031_23,LOAN0031,CUST0196,24367.08,20236.51,4130.57,2025-09-09,Paid
TXN_LOAN0031_24,LOAN0031,CUST0196,24367.08,20381.6,3985.48,2025-10-09,Paid
TXN_LOAN0031_25,LOAN0031,CUST0196,24367.08,20527.73,3839.35,2025-11-09,Paid
TXN_LOAN0031_26,LOAN0031,CUST0196,24367.08,20674.9,3692.18,2025-12-09,Paid
TXN_LOAN0031_27,LOAN0031,CUST0196,24367.08,20823.13,3543.95,2026-01-09,Paid
TXN_LOAN0031_28,LOAN0031,CUST0196,24367.08,20972.43,3394.65,2026-02-09,Paid
TXN_LOAN0031_29,LOAN0031,CUST0196,24367.08,21122.79,3244.29,2026-03-09,Paid
TXN_LOAN0031_30,LOAN0031,CUST0196,24367.08,21274.23,3092.85,2026-04-09,Paid
TXN_LOAN0031_31,LOAN0031,CUST0196,24367.08,21426.76,2940.32,2026-05-09,Paid
TXN_LOAN0031_32,LOAN0031,CUST0196,24367.08,21580.38,2786.7,2026-06-09,Paid
TXN_LOAN0031_33,LOAN0031,CUST0196,24367.08,21735.11,2631.97,2026-07-09,Paid
TXN_LOAN0031_34,LOAN0031,CUST0196,24367.08,21890.94,2476.14,2026-08-09,Missed
TXN_LOAN0031_35,LOAN0031,CUST0196,24367.08,22047.89,2319.19,2026-09-09,Paid
TXN_LOAN0031_36,LOAN0031,CUST0196,24367.08,22205.96,2161.12,2026-10-09,Paid
TXN_LOAN0031_37,LOAN0031,CUST0196,24367.08,22365.17,2001.91,2026-11-09,Paid
TXN_LOAN0031_38,LOAN0031,CUST0196,24367.08,22525.52,1841.56,2026-12-09,Paid
TXN_LOAN0031_39,LOAN0031,CUST0196,24367.08,22687.02,1680.06,2027-01-09,Paid
TXN_LOAN0031_40,LOAN0031,CUST0196,24367.08,22849.67,1517.41,2027-02-09,Paid
TXN_LOAN0031_41,LOAN0031,CUST0196,24367.08,23013.5,1353.58,2027-03-09,Paid
TXN_LOAN0031_42,LOAN0031,CUST0196,24367.08,23178.49,1188.59,2027-04-09,Paid
TXN_LOAN0031_43,LOAN0031,CUST0196,24367.08,23344.68,1022.4,2027-05-09,Paid
TXN_LOAN0031_44,LOAN0031,CUST0196,24367.08,23512.05,855.03,2027-06-09,Paid
TXN_LOAN0031_45,LOAN0031,CUST0196,24367.08,23680.62,686.46,2027-07-09,Paid
TXN_LOAN0031_46,LOAN0031,CUST0196,24367.08,23850.4,516.68,2027-08-09,Paid
TXN_LOAN0031_47,LOAN0031,CUST0196,24367.08,24021.4,345.68,2027-09-09,Paid
TXN_LOAN0031_48,LOAN0031,CUST0196,24367.08,24193.57,173.51,2027-10-09,Paid
TXN_LOAN0032_1,LOAN0032,CUST0086,15716.43,14160.42,1556.01,2023-08-15,Paid
TXN_LOAN0032_2,LOAN0032,CUST0086,15716.43,14283.98,1432.45,2023-09-15,Paid
TXN_LOAN0032_3,LOAN0032,CUST0086,15716.43,14408.62,1307.81,2023-10-15,Paid
TXN_LOAN0032_4,LOAN0032,CUST0086,15716.43,14534.35,1182.08,2023-11-15,Paid
TXN_LOAN0032_5,LOAN0032,CUST0086,15716.43,14661.17,1055.26,2023-12-15,Paid
TXN_LOAN0032_6,LOAN0032,CUST0086,15716.43,14789.1,927.33,2024-01-15,Paid
TXN_LOAN0032_7,LOAN0032,CUST0086,15716.43,14918.15,798.28,2024-02-15,Paid
TXN_LOAN0032_8,LOAN0032,CUST0086,15716.43,15048.32,668.11,2024-03-15,Paid
TXN_LOAN0032_9,LOAN0032,CUST0086,15716.43,15179.63,536.8,2024-04-15,Paid
TXN_LOAN0032_10,LOAN0032,CUST0086,15716.43,15312.09,404.34,2024-05-15,Paid
TXN_LOAN0032_11,LOAN0032,CUST0086,15716.43,15445.7,270.73,2024-06-15,Paid
TXN_LOAN0032_12,LOAN0032,CUST0086,15716.43,15580.47,135.96,2024-07-15,Paid
TXN_LOAN0033_1,LOAN0033,CUST0066,62019.29,56366.36,5652.93,2023-03-03,Missed
TXN_LOAN0033_2,LOAN0033,CUST0066,62019.29,56817.08,5202.21,2023-04-03,Paid
TXN_LOAN0033_3,LOAN0033,CUST0066,62019.29,57271.4,4747.89,2023-05-03,Paid
TXN_LOAN0033_4,LOAN0033,CUST0066,62019.29,57729.36,4289.93,2023-06-03,Paid
TXN_LOAN0033_5,LOAN0033,CUST0066,62019.29,58190.97,3828.32,2023-07-03,Paid
TXN_LOAN0033_6,LOAN0033,CUST0066,62019.29,58656.28,3363.01,2023-08-03,Paid
TXN_LOAN0033_7,LOAN0033,CUST0066,62019.29,59125.31,2893.98,2023-09-03,Paid
TXN_LOAN0033_8,LOAN0033,CUST0066,62019.29,59598.08,2421.21,2023-10-03,Paid
TXN_LOAN0033_9,LOAN0033,CUST0066,62019.29,60074.64,1944.65,2023-11-03,Paid
TXN_LOAN0033_10,LOAN0033,CUST0066,62019.29,60555.01,1464.28,2023-12-03,Paid
TXN_LOAN0033_11,LOAN0033,CUST0066,62019.29,61039.22,980.07,2024-01-03,Paid
TXN_LOAN0033_12,LOAN0033,CUST0066,62019.29,61527.29,492.0,2024-02-03,Paid
TXN_LOAN0034_1,LOAN0034,CUST0010,1759.96,905.92,854.04,2023-03-21,Paid
TXN_LOAN0034_2,LOAN0034,CUST0010,1759.96,918.54,841.42,2023-04-21,Paid
TXN_LOAN0034_3,LOAN0034,CUST0010,1759.96,931.33,828.63,2023-05-21,Paid
TXN_LOAN0034_4,LOAN0034,CUST0010,1759.96,944.31,815.65,2023-06-21,Paid
TXN_LOAN0034_5,LOAN0034,CUST0010,1759.96,957.46,802.5,2023-07-21,Missed
TXN_LOAN0034_6,LOAN0034,CUST0010,1759.96,970.8,789.16,2023-08-21,Paid
TXN_LOAN0034_7,LOAN0034,CUST0010,1759.96,984.33,775.63,2023-09-21,Paid
TXN_LOAN0034_8,LOAN0034,CUST0010,1759.96,998.04,761.92,2023-10-21,Paid
TXN_LOAN0034_9,LOAN0034,CUST0010,1759.96,1011.94,748.02,2023-11-21,Paid
TXN_LOAN0034_10,LOAN0034,CUST0010,1759.96,1026.04,733.92,2023-12-21,Paid
TXN_LOAN0034_11,LOAN0034,CUST0010,1759.96,1040.34,719.62,2024-01-21,Paid
TXN_LOAN0034_12,LOAN0034,CUST0010,1759.96,1054.83,705.13,2024-02-21,Missed
TXN_LOAN0034_13,LOAN0034,CUST0010,1759.96,1069.53,690.43,2024-03-21,Paid
TXN_LOAN0034_14,LOAN0034,CUST0010,1759.96,1084.43,675.53,2024-04-21,Paid
TXN_LOAN0034_15,LOAN0034,CUST0010,1759.96,1099.53,660.43,2024-05-21,Paid
TXN_LOAN0034_16,LOAN0034,CUST0010,1759.96,1114.85,645.11,2024-06-21,Paid
TXN_LOAN0034_17,LOAN0034,CUST0010,1759.96,1130.38,629.58,2024-07-21,Paid
TXN_LOAN0034_18,LOAN0034,CUST0010,1759.96,1146.13,613.83,2024-08-21,Paid
TXN_LOAN0034_19,LOAN0034,CUST0010,1759.96,1162.1,597.86,2024-09-21,Paid
TXN_LOAN0034_20,LOAN0034,CUST0010,1759.96,1178.29,581.67,2024-10-21,Paid
TXN_LOAN0034_21,LOAN0034,CUST0010,1759.96,1194.7,565.26,2024-11-21,Paid
TXN_LOAN0034_22,LOAN0034,CUST0010,1759.96,1211.35,548.61,2024-12-21,Paid
TXN_LOAN0034_23,LOAN0034,CUST0010,1759.96,1228.22,531.74,2025-01-21,Paid
TXN_LOAN0034_24,LOAN0034,CUST0010,1759.96,1245.33,514.63,2025-02-21,Paid
TXN_LOAN0034_25,LOAN0034,CUST0010,1759.96,1262.68,497.28,2025-03-21,Paid
TXN_LOAN0034_26,LOAN0034,CUST0010,1759.96,1280.28,479.68,2025-04-21,Paid
TXN_LOAN0034_27,LOAN0034,CUST0010,1759.96,1298.11,461.85,2025-05-21,Paid
TXN_LOAN0034_28,LOAN0034,CUST0010,1759.96,1316.2,443.76,2025-06-21,Paid
TXN_LOAN0034_29,LOAN0034,CUST0010,1759.96,1334.53,425.43,2025-07-21,Paid
TXN_LOAN0034_30,LOAN0034,CUST0010,1759.96,1353.12,406.84,2025-08-21,Paid
TXN_LOAN0034_31,LOAN0034,CUST0010,1759.96,1371.98,387.98,2025-09-21,Paid
TXN_LOAN0034_32,LOAN0034,CUST0010,1759.96,1391.09,368.87,2025-10-21,Paid
TXN_LOAN0034_33,LOAN0034,CUST0010,1759.96,1410.47,349.49,2025-11-21,Paid
TXN_LOAN0034_34,LOAN0034,CUST0010,1759.96,1430.12,329.84,2025-12-21,Paid
TXN_LOAN0034_35,LOAN0034,CUST0010,1759.96,1450.04,309.92,2026-01-21,Paid
TXN_LOAN0034_36,LOAN0034,CUST0010,1759.96,1470.24,289.72,2026-02-21,Paid
TXN_LOAN0034_37,LOAN0034,CUST0010,1759.96,1490.73,269.23,2026-03-21,Missed
TXN_LOAN0034_38,LOAN0034,CUST0010,1759.96,1511.5,248.46,2026-04-21,Paid
TXN_LOAN0034_39,LOAN0034,CUST0010,1759.96,1532.55,227.41,2026-05-21,Paid
TXN_LOAN0034_40,LOAN0034,CUST0010,1759.96,1553.9,206.06,2026-06-21,Paid
TXN_LOAN0034_41,LOAN0034,CUST0010,1759.96,1575.55,184.41,2026-07-21,Paid
TXN_LOAN0034_42,LOAN0034,CUST0010,1759.96,1597.5,162.46,2026-08-21,Paid
TXN_LOAN0034_43,LOAN0034,CUST0010,1759.96,1619.76,140.2,2026-09-21,Paid
TXN_LOAN0034_44,LOAN0034,CUST0010,1759.96,1642.32,117.64,2026-10-21,Paid
TXN_LOAN0034_45,LOAN0034,CUST0010,1759.96,1665.2,94.76,2026-11-21,Paid
TXN_LOAN0034_46,LOAN0034,CUST0010,1759.96,1688.4,71.56,2026-12-21,Paid
TXN_LOAN0034_47,LOAN0034,CUST0010,1759.96,1711.92,48.04,2027-01-21,Paid
TXN_LOAN0034_48,LOAN0034,CUST0010,1759.96,1736.09,23.87,2027-02-21,Paid
TXN_LOAN0035_1,LOAN0035,CUST0005,9784.57,7987.08,1797.49,2023-05-22,Paid
TXN_LOAN0035_2,LOAN0035,CUST0005,9784.57,8054.91,1729.66,2023-06-22,Paid
TXN_LOAN0035_3,LOAN0035,CUST0005,9784.57,8123.33,1661.24,2023-07-22,Paid
TXN_LOAN0035_4,LOAN0035,CUST0005,9784.57,8192.32,1592.25,2023-08-22,Paid
TXN_LOAN0035_5,LOAN0035,CUST0005,9784.57,8261.9,1522.67,2023-09-22,Paid
TXN_LOAN0035_6,LOAN0035,CUST0005,9784.57,8332.08,1452.49,2023-10-22,Missed
TXN_LOAN0035_7,LOAN0035,CUST0005,9784.57,8402.84,1381.73,2023-11-22,Paid
TXN_LOAN0035_8,LOAN0035,CUST0005,9784.57,8474.21,1310.36,2023-12-22,Missed
TXN_LOAN0035_9,LOAN0035,CUST0005,9784.57,8546.19,1238.38,2024-01-22,Paid
TXN_LOAN0035_10,LOAN0035,CUST0005,9784.57,8618.77,1165.8,2024-02-22,Paid
TXN_LOAN0035_11,LOAN0035,CUST0005,9784.57,8691.98,1092.59,2024-03-22,Paid
TXN_LOAN0035_12,LOAN0035,CUST0005,9784.57,8765.8,1018.77,2024-04-22,Paid
TXN_LOAN0035_13,LOAN0035,CUST0005,9784.57,8840.25,944.32,2024-05-22,Paid
TXN_LOAN0035_14,LOAN0035,CUST0005,9784.57,8915.34,869.23,2024-06-22,Paid
TXN_LOAN0035_15,LOAN0035,CUST0005,9784.57,8991.06,793.51,2024-07-22,Paid
TXN_LOAN0035_16,LOAN0035,CUST0005,9784.57,9067.43,717.14,2024-08-22,Paid
TXN_LOAN0035_17,LOAN0035,CUST0005,9784.57,9144.44,640.13,2024-09-22,Paid
TXN_LOAN0035_18,LOAN0035,CUST0005,9784.57,9222.11,562.46,2024-10-22,Paid
TXN_LOAN0035_19,LOAN0035,CUST0005,9784.57,9300.44,484.13,2024-11-22,Missed
TXN_LOAN0035_20,LOAN0035,CUST0005,9784.57,9379.43,405.14,2024-12-22,Paid
TXN_LOAN0035_21,LOAN0035,CUST0005,9784.57,9459.09,325.48,2025-01-22,Missed
TXN_LOAN0035_22,LOAN0035,CUST0005,9784.57,9539.43,245.14,2025-02-22,Paid
TXN_LOAN0035_23,LOAN0035,CUST0005,9784.57,9620.45,164.12,2025-03-22,Paid
TXN_LOAN0035_24,LOAN0035,CUST0005,9784.57,9702.12,82.45,2025-04-22,Paid
TXN_LOAN0036_1,LOAN0036,CUST0123,11227.62,5546.88,5680.74,2023-10-09,Paid
TXN_LOAN0036_2,LOAN0036,CUST0123,11227.62,5628.97,5598.65,2023-11-09,Paid
TXN_LOAN0036_3,LOAN0036,CUST0123,11227.62,5712.27,5515.35,2023-12-09,Paid
TXN_LOAN0036_4,LOAN0036,CUST0123,11227.62,5796.8,5430.82,2024-01-09,Paid
TXN_LOAN0036_5,LOAN0036,CUST0123,11227.62,5882.59,5345.03,2024-02-09,Paid
TXN_LOAN0036_6,LOAN0036,CUST0123,11227.62,5969.65,5257.97,2024-03-09,Missed
TXN_LOAN0036_7,LOAN0036,CUST0123,11227.62,6057.99,5169.63,2024-04-09,Paid
TXN_LOAN0036_8,LOAN0036,CUST0123,11227.62,6147.64,5079.98,2024-05-09,Paid
TXN_LOAN0036_9,LOAN0036,CUST0123,11227.62,6238.62,4989.0,2024-06-09,Paid
TXN_LOAN0036_10,LOAN0036,CUST0123,11227.62,6330.94,4896.68,2024-07-09,Paid
TXN_LOAN0036_11,LOAN0036,CUST0123,11227.62,6424.63,4802.99,2024-08-09,Paid
TXN_LOAN0036_12,LOAN0036,CUST0123,11227.62,6519.71,4707.91,2024-09-09,Paid
TXN_LOAN0036_13,LOAN0036,CUST0123,11227.62,6616.2,4611.42,2024-10-09,Paid
TXN_LOAN0036_14,LOAN0036,CUST0123,11227.62,6714.11,4513.51,2024-11-09,Paid
TXN_LOAN0036_15,LOAN0036,CUST0123,11227.62,6813.47,4414.15,2024-12-09,Paid
TXN_LOAN0036_16,LOAN0036,CUST0123,11227.62,6914.3,4313.32,2025-01-09,Paid
TXN_LOAN0036_17,LOAN0036,CUST0123,11227.62,7016.63,4210.99,2025-02-09,Paid
TXN_LOAN0036_18,LOAN0036,CUST0123,11227.62,7120.46,4107.16,2025-03-09,Missed
TXN_LOAN0036_19,LOAN0036,CUST0123,11227.62,7225.84,4001.78,2025-04-09,Paid
TXN_LOAN0036_20,LOAN0036,CUST0123,11227.62,7332.77,3894.85,2025-05-09,Paid
TXN_LOAN0036_21,LOAN0036,CUST0123,11227.62,7441.29,3786.33,2025-06-09,Paid
TXN_LOAN0036_22,LOAN0036,CUST0123,11227.62,7551.41,3676.21,2025-07-09,Paid
TXN_LOAN0036_23,LOAN0036,CUST0123,11227.62,7663.16,3564.46,2025-08-09,Paid
TXN_LOAN0036_24,LOAN0036,CUST0123,11227.62,7776.57,3451.05,2025-09-09,Paid
TXN_LOAN0036_25,LOAN0036,CUST0123,11227.62,7891.66,3335.96,2025-10-09,Missed
TXN_LOAN0036_26,LOAN0036,CUST0123,11227.62,8008.44,3219.18,2025-11-09,Paid
TXN_LOAN0036_27,LOAN0036,CUST0123,11227.62,8126.96,3100.66,2025-12-09,Missed
TXN_LOAN0036_28,LOAN0036,CUST0123,11227.62,8247.23,2980.39,2026-01-09,Missed
TXN_LOAN0036_29,LOAN0036,CUST0123,11227.62,8369.28,2858.34,2026-02-09,Paid
TXN_LOAN0036_30,LOAN0036,CUST0123,11227.62,8493.13,2734.49,2026-03-09,Paid
TXN_LOAN0036_31,LOAN0036,CUST0123,11227.62,8618.82,2608.8,2026-04-09,Missed
TXN_LOAN0036_32,LOAN0036,CUST0123,11227.62,8746.37,2481.25,2026-05-09,Paid
TXN_LOAN0036_33,LOAN0036,CUST0123,11227.62,8875.81,2351.81,2026-06-09,Paid
TXN_LOAN0036_34,LOAN0036,CUST0123,11227.62,9007.16,2220.46,2026-07-09,Missed
TXN_LOAN0036_35,LOAN0036,CUST0123,11227.62,9140.46,2087.16,2026-08-09,Paid
TXN_LOAN0036_36,LOAN0036,CUST0123,11227.62,9275.73,1951.89,2026-09-09,Paid
TXN_LOAN0036_37,LOAN0036,CUST0123,11227.62,9413.0,1814.62,2026-10-09,Paid
TXN_LOAN0036_38,LOAN0036,CUST0123,11227.62,9552.3,1675.32,2026-11-09,Paid
TXN_LOAN0036_39,LOAN0036,CUST0123,11227.62,9693.66,1533.96,2026-12-09,Paid
TXN_LOAN0036_40,LOAN0036,CUST0123,11227.62,9837.12,1390.5,2027-01-09,Paid
TXN_LOAN0036_41,LOAN0036,CUST0123,11227.62,9982.69,1244.93,2027-02-09,Paid
TXN_LOAN0036_42,LOAN0036,CUST0123,11227.62,10130.43,1097.19,2027-03-09,Paid
TXN_LOAN0036_43,LOAN0036,CUST0123,11227.62,10280.35,947.27,2027-04-09,Paid
TXN_LOAN0036_44,LOAN0036,CUST0123,11227.62,10432.48,795.14,2027-05-09,Paid
TXN_LOAN0036_45,LOAN0036,CUST0123,11227.62,10586.87,640.75,2027-06-09,Paid
TXN_LOAN0036_46,LOAN0036,CUST0123,11227.62,10743.55,484.07,2027-07-09,Paid
TXN_LOAN0036_47,LOAN0036,CUST0123,11227.62,10902.54,325.08,2027-08-09,Paid
TXN_LOAN0036_48,LOAN0036,CUST0123,11227.62,11064.06,163.56,2027-09-09,Paid
TXN_LOAN0037_1,LOAN0037,CUST0074,26538.7,23699.4,2839.3,2023-04-23,Paid
TXN_LOAN0037_2,LOAN0037,CUST0074,26538.7,23923.93,2614.77,2023-05-23,Missed
TXN_LOAN0037_3,LOAN0037,CUST0074,26538.7,24150.59,2388.11,2023-06-23,Paid
TXN_LOAN0037_4,LOAN0037,CUST0074,26538.7,24379.39,2159.31,2023-07-23,Paid
TXN_LOAN0037_5,LOAN0037,CUST0074,26538.7,24610.37,1928.33,2023-08-23,Paid
TXN_LOAN0037_6,LOAN0037,CUST0074,26538.7,24843.53,1695.17,2023-09-23,Paid
TXN_LOAN0037_7,LOAN0037,CUST0074,26538.7,25078.9,1459.8,2023-10-23,Paid
TXN_LOAN0037_8,LOAN0037,CUST0074,26538.7,25316.5,1222.2,2023-11-23,Paid
TXN_LOAN0037_9,LOAN0037,CUST0074,26538.7,25556.35,982.35,2023-12-23,Paid
TXN_LOAN0037_10,LOAN0037,CUST0074,26538.7,25798.48,740.22,2024-01-23,Paid
TXN_LOAN0037_11,LOAN0037,CUST0074,26538.7,26042.89,495.81,2024-02-23,Paid
TXN_LOAN0037_12,LOAN0037,CUST0074,26538.7,26289.67,249.03,2024-03-23,Paid
TXN_LOAN0038_1,LOAN0038,CUST0097,21083.57,14256.97,6826.6,2023-09-20,Paid
TXN_LOAN0038_2,LOAN0038,CUST0097,21083.57,14373.65,6709.92,2023-10-20,Paid
TXN_LOAN0038_3,LOAN0038,CUST0097,21083.57,14491.29,6592.28,2023-11-20,Paid
TXN_LOAN0038_4,LOAN0038,CUST0097,21083.57,14609.89,6473.68,2023-12-20,Paid
TXN_LOAN0038_5,LOAN0038,CUST0097,21083.57,14729.46,6354.11,2024-01-20,Paid
TXN_LOAN0038_6,LOAN0038,CUST0097,21083.57,14850.01,6233.56,2024-02-20,Paid
TXN_LOAN0038_7,LOAN0038,CUST0097,21083.57,14971.55,6112.02,2024-03-20,Paid
TXN_LOAN0038_8,LOAN0038,CUST0097,21083.57,15094.08,5989.49,2024-04-20,Paid
TXN_LOAN0038_9,LOAN0038,CUST0097,21083.57,15217.62,5865.95,2024-05-20,Paid
TXN_LOAN0038_10,LOAN0038,CUST0097,21083.57,15342.16,5741.41,2024-06-20,Paid
TXN_LOAN0038_11,LOAN0038,CUST0097,21083.57,15467.73,5615.84,2024-07-20,Paid
TXN_LOAN0038_12,LOAN0038,CUST0097,21083.57,15594.32,5489.25,2024-08-20,Missed
TXN_LOAN0038_13,LOAN0038,CUST0097,21083.57,15721.95,5361.62,2024-09-20,Paid
TXN_LOAN0038_14,LOAN0038,CUST0097,21083.57,15850.62,5232.95,2024-10-20,Paid
TXN_LOAN0038_15,LOAN0038,CUST0097,21083.57,15980.35,5103.22,2024-11-20,Paid
TXN_LOAN0038_16,LOAN0038,CUST0097,21083.57,16111.14,4972.43,2024-12-20,Paid
TXN_LOAN0038_17,LOAN0038,CUST0097,21083.57,16243.0,4840.57,2025-01-20,Paid
TXN_LOAN0038_18,LOAN0038,CUST0097,21083.57,16375.93,4707.64,2025-02-20,Paid
TXN_LOAN0038_19,LOAN0038,CUST0097,21083.57,16509.96,4573.61,2025-03-20,Paid
TXN_LOAN0038_20,LOAN0038,CUST0097,21083.57,16645.08,4438.49,2025-04-20,Missed
TXN_LOAN0038_21,LOAN0038,CUST0097,21083.57,16781.31,4302.26,2025-05-20,Paid
TXN_LOAN0038_22,LOAN0038,CUST0097,21083.57,16918.65,4164.92,2025-06-20,Missed
TXN_LOAN0038_23,LOAN0038,CUST0097,21083.57,17057.12,4026.45,2025-07-20,Paid
TXN_LOAN0038_24,LOAN0038,CUST0097,21083.57,17196.72,3886.85,2025-08-20,Paid
TXN_LOAN0038_25,LOAN0038,CUST0097,21083.57,17337.47,3746.1,2025-09-20,Paid
TXN_LOAN0038_26,LOAN0038,CUST0097,21083.57,17479.36,3604.21,2025-10-20,Paid
TXN_LOAN0038_27,LOAN0038,CUST0097,21083.57,17622.42,3461.15,2025-11-20,Paid
TXN_LOAN0038_28,LOAN0038,CUST0097,21083.57,17766.65,3316.92,2025-12-20,Paid
TXN_LOAN0038_29,LOAN0038,CUST0097,21083.57,17912.05,3171.52,2026-01-20,Paid
TXN_LOAN0038_30,LOAN0038,CUST0097,21083.57,18058.65,3024.92,2026-02-20,Paid
TXN_LOAN0038_31,LOAN0038,CUST0097,21083.57,18206.45,2877.12,2026-03-20,Paid
TXN_LOAN0038_32,LOAN0038,CUST0097,21083.57,18355.46,2728.11,2026-04-20,Paid
TXN_LOAN0038_33,LOAN0038,CUST0097,21083.57,18505.68,2577.89,2026-05-20,Paid
TXN_LOAN0038_34,LOAN0038,CUST0097,21083.57,18657.14,2426.43,2026-06-20,Paid
TXN_LOAN0038_35,LOAN0038,CUST0097,21083.57,18809.84,2273.73,2026-07-20,Paid
TXN_LOAN0038_36,LOAN0038,CUST0097,21083.57,18963.78,2119.79,2026-08-20,Paid
TXN_LOAN0038_37,LOAN0038,CUST0097,21083.57,19118.99,1964.58,2026-09-20,Paid
TXN_LOAN0038_38,LOAN0038,CUST0097,21083.57,19275.46,1808.11,2026-10-20,Paid
TXN_LOAN0038_39,LOAN0038,CUST0097,21083.57,19433.22,1650.35,2026-11-20,Missed
TXN_LOAN0038_40,LOAN0038,CUST0097,21083.57,19592.27,1491.3,2026-12-20,Paid
TXN_LOAN0038_41,LOAN0038,CUST0097,21083.57,19752.62,1330.95,2027-01-20,Paid
TXN_LOAN0038_42,LOAN0038,CUST0097,21083.57,19914.28,1169.29,2027-02-20,Paid
TXN_LOAN0038_43,LOAN0038,CUST0097,21083.57,20077.26,1006.31,2027-03-20,Paid
TXN_LOAN0038_44,LOAN0038,CUST0097,21083.57,20241.58,841.99,2027-04-20,Paid
TXN_LOAN0038_45,LOAN0038,CUST0097,21083.57,20407.24,676.33,2027-05-20,Paid
TXN_LOAN0038_46,LOAN0038,CUST0097,21083.57,20574.26,509.31,2027-06-20,Paid
TXN_LOAN0038_47,LOAN0038,CUST0097,21083.57,20742.65,340.92,2027-07-20,Paid
TXN_LOAN0038_48,LOAN0038,CUST0097,21083.57,20912.66,170.91,2027-08-20,Missed
TXN_LOAN0039_1,LOAN0039,CUST0118,5252.45,3270.41,1982.04,2023-09-15,Paid
TXN_LOAN0039_2,LOAN0039,CUST0118,5252.45,3313.74,1938.71,2023-10-15,Paid
TXN_LOAN0039_3,LOAN0039,CUST0118,5252.45,3357.64,1894.81,2023-11-15,Paid
TXN_LOAN0039_4,LOAN0039,CUST0118,5252.45,3402.12,1850.33,2023-12-15,Paid
TXN_LOAN0039_5,LOAN0039,CUST0118,5252.45,3447.19,1805.26,2024-01-15,Missed
TXN_LOAN0039_6,LOAN0039,CUST0118,5252.45,3492.85,1759.6,2024-02-15,Paid
TXN_LOAN0039_7,LOAN0039,CUST0118,5252.45,3539.13,1713.32,2024-03-15,Paid
TXN_LOAN0039_8,LOAN0039,CUST0118,5252.45,3586.01,1666.44,2024-04-15,Paid
TXN_LOAN0039_9,LOAN0039,CUST0118,5252.45,3633.52,1618.93,2024-05-15,Paid
TXN_LOAN0039_10,LOAN0039,CUST0118,5252.45,3681.65,1570.8,2024-06-15,Paid
TXN_LOAN0039_11,LOAN0039,CUST0118,5252.45,3730.42,1522.03,2024-07-15,Paid
TXN_LOAN0039_12,LOAN0039,CUST0118,5252.45,3779.84,1472.61,2024-08-15,Paid
TXN_LOAN0039_13,LOAN0039,CUST0118,5252.45,3829.92,1422.53,2024-09-15,Paid
TXN_LOAN0039_14,LOAN0039,CUST0118,5252.45,3880.65,1371.8,2024-10-15,Paid
TXN_LOAN0039_15,LOAN0039,CUST0118,5252.45,3932.06,1320.39,2024-11-15,Paid
TXN_LOAN0039_16,LOAN0039,CUST0118,5252.45,3984.15,1268.3,2024-12-15,Paid
TXN_LOAN0039_17,LOAN0039,CUST0118,5252.45,4036.93,1215.52,2025-01-15,Paid
TXN_LOAN0039_18,LOAN0039,CUST0118,5252.45,4090.41,1162.04,2025-02-15,Paid
TXN_LOAN0039_19,LOAN0039,CUST0118,5252.45,4144.6,1107.85,2025-03-15,Paid
TXN_LOAN0039_20,LOAN0039,CUST0118,5252.45,4199.5,1052.95,2025-04-15,Paid
TXN_LOAN0039_21,LOAN0039,CUST0118,5252.45,4255.14,997.31,2025-05-15,Missed
TXN_LOAN0039_22,LOAN0039,CUST0118,5252.45,4311.51,940.94,2025-06-15,Paid
TXN_LOAN0039_23,LOAN0039,CUST0118,5252.45,4368.62,883.83,2025-07-15,Paid
TXN_LOAN0039_24,LOAN0039,CUST0118,5252.45,4426.5,825.95,2025-08-15,Paid
TXN_LOAN0039_25,LOAN0039,CUST0118,5252.45,4485.14,767.31,2025-09-15,Paid
TXN_LOAN0039_26,LOAN0039,CUST0118,5252.45,4544.55,707.9,2025-10-15,Paid
TXN_LOAN0039_27,LOAN0039,CUST0118,5252.45,4604.76,647.69,2025-11-15,Paid
TXN_LOAN0039_28,LOAN0039,CUST0118,5252.45,4665.76,586.69,2025-12-15,Paid
TXN_LOAN0039_29,LOAN0039,CUST0118,5252.45,4727.57,524.88,2026-01-15,Missed
TXN_LOAN0039_30,LOAN0039,CUST0118,5252.45,4790.2,462.25,2026-02-15,Paid
TXN_LOAN0039_31,LOAN0039,CUST0118,5252.45,4853.65,398.8,2026-03-15,Paid
TXN_LOAN0039_32,LOAN0039,CUST0118,5252.45,4917.95,334.5,2026-04-15,Paid
TXN_LOAN0039_33,LOAN0039,CUST0118,5252.45,4983.1,269.35,2026-05-15,Paid
TXN_LOAN0039_34,LOAN0039,CUST0118,5252.45,5049.12,203.33,2026-06-15,Paid
TXN_LOAN0039_35,LOAN0039,CUST0118,5252.45,5116.0,136.45,2026-07-15,Paid
TXN_LOAN0039_36,LOAN0039,CUST0118,5252.45,5183.69,68.76,2026-08-15,Paid
TXN_LOAN0040_1,LOAN0040,CUST0038,26533.5,14856.58,11676.92,2023-09-21,Paid
TXN_LOAN0040_2,LOAN0040,CUST0038,26533.5,15037.18,11496.32,2023-10-21,Paid
TXN_LOAN0040_3,LOAN0040,CUST0038,26533.5,15219.97,11313.53,2023-11-21,Paid
TXN_LOAN0040_4,LOAN0040,CUST0038,26533.5,15404.98,11128.52,2023-12-21,Paid
TXN_LOAN0040_5,LOAN0040,CUST0038,26533.5,15592.24,10941.26,2024-01-21,Paid
TXN_LOAN0040_6,LOAN0040,CUST0038,26533.5,15781.78,10751.72,2024-02-21,Paid
TXN_LOAN0040_7,LOAN0040,CUST0038,26533.5,15973.62,10559.88,2024-03-21,Paid
TXN_LOAN0040_8,LOAN0040,CUST0038,26533.5,16167.79,10365.71,2024-04-21,Paid
TXN_LOAN0040_9,LOAN0040,CUST0038,26533.5,16364.33,10169.17,2024-05-21,Paid
TXN_LOAN0040_10,LOAN0040,CUST0038,26533.5,16563.25,9970.25,2024-06-21,Paid
TXN_LOAN0040_11,LOAN0040,CUST0038,26533.5,16764.59,9768.91,2024-07-21,Paid
TXN_LOAN0040_12,LOAN0040,CUST0038,26533.5,16968.38,9565.12,2024-08-21,Paid
TXN_LOAN0040_13,LOAN0040,CUST0038,26533.5,17174.65,9358.85,2024-09-21,Paid
TXN_LOAN0040_14,LOAN0040,CUST0038,26533.5,17383.42,9150.08,2024-10-21,Paid
TXN_LOAN0040_15,LOAN0040,CUST0038,26533.5,17594.73,8938.77,2024-11-21,Paid
TXN_LOAN0040_16,LOAN0040,CUST0038,26533.5,17808.61,8724.89,2024-12-21,Paid
TXN_LOAN0040_17,LOAN0040,CUST0038,26533.5,18025.09,8508.41,2025-01-21,Paid
TXN_LOAN0040_18,LOAN0040,CUST0038,26533.5,18244.2,8289.3,2025-02-21,Paid
TXN_LOAN0040_19,LOAN0040,CUST0038,26533.5,18465.98,8067.52,2025-03-21,Missed
TXN_LOAN0040_20,LOAN0040,CUST0038,26533.5,18690.45,7843.05,2025-04-21,Paid
TXN_LOAN0040_21,LOAN0040,CUST0038,26533.5,18917.65,7615.85,2025-05-21,Paid
TXN_LOAN0040_22,LOAN0040,CUST0038,26533.5,19147.61,7385.89,2025-06-21,Paid
TXN_LOAN0040_23,LOAN0040,CUST0038,26533.5,19380.36,7153.14,2025-07-21,Missed
TXN_LOAN0040_24,LOAN0040,CUST0038,26533.5,19615.95,6917.55,2025-08-21,Paid
TXN_LOAN0040_25,LOAN0040,CUST0038,26533.5,19854.4,6679.1,2025-09-21,Paid
TXN_LOAN0040_26,LOAN0040,CUST0038,26533.5,20095.75,6437.75,2025-10-21,Paid
TXN_LOAN0040_27,LOAN0040,CUST0038,26533.5,20340.03,6193.47,2025-11-21,Paid
TXN_LOAN0040_28,LOAN0040,CUST0038,26533.5,20587.28,5946.22,2025-12-21,Paid
TXN_LOAN0040_29,LOAN0040,CUST0038,26533.5,20837.54,5695.96,2026-01-21,Paid
TXN_LOAN0040_30,LOAN0040,CUST0038,26533.5,21090.84,5442.66,2026-02-21,Missed
TXN_LOAN0040_31,LOAN0040,CUST0038,26533.5,21347.21,5186.29,2026-03-21,Paid
TXN_LOAN0040_32,LOAN0040,CUST0038,26533.5,21606.71,4926.79,2026-04-21,Paid
TXN_LOAN0040_33,LOAN0040,CUST0038,26533.5,21869.36,4664.14,2026-05-21,Paid
TXN_LOAN0040_34,LOAN0040,CUST0038,26533.5,22135.2,4398.3,2026-06-21,Paid
TXN_LOAN0040_35,LOAN0040,CUST0038,26533.5,22404.27,4129.23,2026-07-21,Paid
TXN_LOAN0040_36,LOAN0040,CUST0038,26533.5,22676.62,3856.88,2026-08-21,Paid
TXN_LOAN0040_37,LOAN0040,CUST0038,26533.5,22952.27,3581.23,2026-09-21,Paid
TXN_LOAN0040_38,LOAN0040,CUST0038,26533.5,23231.28,3302.22,2026-10-21,Paid
TXN_LOAN0040_39,LOAN0040,CUST0038,26533.5,23513.67,3019.83,2026-11-21,Paid
TXN_LOAN0040_40,LOAN0040,CUST0038,26533.5,23799.5,2734.0,2026-12-21,Paid
TXN_LOAN0040_41,LOAN0040,CUST0038,26533.5,24088.81,2444.69,2027-01-21,Paid
TXN_LOAN0040_42,LOAN0040,CUST0038,26533.5,24381.63,2151.87,2027-02-21,Paid
TXN_LOAN0040_43,LOAN0040,CUST0038,26533.5,24678.01,1855.49,2027-03-21,Paid
TXN_LOAN0040_44,LOAN0040,CUST0038,26533.5,24977.99,1555.51,2027-04-21,Paid
TXN_LOAN0040_45,LOAN0040,CUST0038,26533.5,25281.62,1251.88,2027-05-21,Paid
TXN_LOAN0040_46,LOAN0040,CUST0038,26533.5,25588.94,944.56,2027-06-21,Missed
TXN_LOAN0040_47,LOAN0040,CUST0038,26533.5,25900.0,633.5,2027-07-21,Paid
TXN_LOAN0040_48,LOAN0040,CUST0038,26533.5,26214.68,318.82,2027-08-21,Paid
TXN_LOAN0041_1,LOAN0041,CUST0141,12166.63,10692.84,1473.79,2023-09-09,Paid
TXN_LOAN0041_2,LOAN0041,CUST0141,12166.63,10808.52,1358.11,2023-10-09,Paid
TXN_LOAN0041_3,LOAN0041,CUST0141,12166.63,10925.45,1241.18,2023-11-09,Paid
TXN_LOAN0041_4,LOAN0041,CUST0141,12166.63,11043.65,1122.98,2023-12-09,Paid
TXN_LOAN0041_5,LOAN0041,CUST0141,12166.63,11163.12,1003.51,2024-01-09,Paid
TXN_LOAN0041_6,LOAN0041,CUST0141,12166.63,11283.88,882.75,2024-02-09,Paid
TXN_LOAN0041_7,LOAN0041,CUST0141,12166.63,11405.96,760.67,2024-03-09,Paid
TXN_LOAN0041_8,LOAN0041,CUST0141,12166.63,11529.35,637.28,2024-04-09,Paid
TXN_LOAN0041_9,LOAN0041,CUST0141,12166.63,11654.08,512.55,2024-05-09,Paid
TXN_LOAN0041_10,LOAN0041,CUST0141,12166.63,11780.16,386.47,2024-06-09,Paid
TXN_LOAN0041_11,LOAN0041,CUST0141,12166.63,11907.6,259.03,2024-07-09,Paid
TXN_LOAN0041_12,LOAN0041,CUST0141,12166.63,12036.39,130.24,2024-08-09,Paid
TXN_LOAN0042_1,LOAN0042,CUST0159,8658.3,5050.12,3608.18,2023-03-11,Paid
TXN_LOAN0042_2,LOAN0042,CUST0159,8658.3,5107.16,3551.14,2023-04-11,Paid
TXN_LOAN0042_3,LOAN0042,CUST0159,8658.3,5164.84,3493.46,2023-05-11,Paid
TXN_LOAN0042_4,LOAN0042,CUST0159,8658.3,5223.18,3435.12,2023-06-11,Paid
TXN_LOAN0042_5,LOAN0042,CUST0159,8658.3,5282.17,3376.13,2023-07-11,Paid
TXN_LOAN0042_6,LOAN0042,CUST0159,8658.3,5341.83,3316.47,2023-08-11,Paid
TXN_LOAN0042_7,LOAN0042,CUST0159,8658.3,5402.17,3256.13,2023-09-11,Paid
TXN_LOAN0042_8,LOAN0042,CUST0159,8658.3,5463.18,3195.12,2023-10-11,Paid
TXN_LOAN0042_9,LOAN0042,CUST0159,8658.3,5524.89,3133.41,2023-11-11,Paid
TXN_LOAN0042_10,LOAN0042,CUST0159,8658.3,5587.29,3071.01,2023-12-11,Paid
TXN_LOAN0042_11,LOAN0042,CUST0159,8658.3,5650.4,3007.9,2024-01-11,Paid
TXN_LOAN0042_12,LOAN0042,CUST0159,8658.3,5714.22,2944.08,2024-02-11,Paid
TXN_LOAN0042_13,LOAN0042,CUST0159,8658.3,5778.76,2879.54,2024-03-11,Paid
TXN_LOAN0042_14,LOAN0042,CUST0159,8658.3,5844.03,2814.27,2024-04-11,Paid
TXN_LOAN0042_15,LOAN0042,CUST0159,8658.3,5910.03,2748.27,2024-05-11,Paid
TXN_LOAN0042_16,LOAN0042,CUST0159,8658.3,5976.78,2681.52,2024-06-11,Paid
TXN_LOAN0042_17,LOAN0042,CUST0159,8658.3,6044.29,2614.01,2024-07-11,Paid
TXN_LOAN0042_18,LOAN0042,CUST0159,8658.3,6112.56,2545.74,2024-08-11,Paid
TXN_LOAN0042_19,LOAN0042,CUST0159,8658.3,6181.6,2476.7,2024-09-11,Paid
TXN_LOAN0042_20,LOAN0042,CUST0159,8658.3,6251.42,2406.88,2024-10-11,Paid
TXN_LOAN0042_21,LOAN0042,CUST0159,8658.3,6322.03,2336.27,2024-11-11,Paid
TXN_LOAN0042_22,LOAN0042,CUST0159,8658.3,6393.43,2264.87,2024-12-11,Paid
TXN_LOAN0042_23,LOAN0042,CUST0159,8658.3,6465.64,2192.66,2025-01-11,Paid
TXN_LOAN0042_24,LOAN0042,CUST0159,8658.3,6538.67,2119.63,2025-02-11,Paid
TXN_LOAN0042_25,LOAN0042,CUST0159,8658.3,6612.52,2045.78,2025-03-11,Paid
TXN_LOAN0042_26,LOAN0042,CUST0159,8658.3,6687.21,1971.09,2025-04-11,Missed
TXN_LOAN0042_27,LOAN0042,CUST0159,8658.3,6762.74,1895.56,2025-05-11,Paid
TXN_LOAN0042_28,LOAN0042,CUST0159,8658.3,6839.12,1819.18,2025-06-11,Paid
TXN_LOAN0042_29,LOAN0042,CUST0159,8658.3,6916.37,1741.93,2025-07-11,Paid
TXN_LOAN0042_30,LOAN0042,CUST0159,8658.3,6994.49,1663.81,2025-08-11,Paid
TXN_LOAN0042_31,LOAN0042,CUST0159,8658.3,7073.49,1584.81,2025-09-11,Paid
TXN_LOAN0042_32,LOAN0042,CUST0159,8658.3,7153.38,1504.92,2025-10-11,Paid
TXN_LOAN0042_33,LOAN0042,CUST0159,8658.3,7234.17,1424.13,2025-11-11,Paid
TXN_LOAN0042_34,LOAN0042,CUST0159,8658.3,7315.88,1342.42,2025-12-11,Paid
TXN_LOAN0042_35,LOAN0042,CUST0159,8658.3,7398.51,1259.79,2026-01-11,Paid
TXN_LOAN0042_36,LOAN0042,CUST0159,8658.3,7482.08,1176.22,2026-02-11,Paid
TXN_LOAN0042_37,LOAN0042,CUST0159,8658.3,7566.58,1091.72,2026-03-11,Paid
TXN_LOAN0042_38,LOAN0042,CUST0159,8658.3,7652.05,1006.25,2026-04-11,Missed
TXN_LOAN0042_39,LOAN0042,CUST0159,8658.3,7738.47,919.83,2026-05-11,Paid
TXN_LOAN0042_40,LOAN0042,CUST0159,8658.3,7825.88,832.42,2026-06-11,Paid
TXN_LOAN0042_41,LOAN0042,CUST0159,8658.3,7914.27,744.03,2026-07-11,Missed
TXN_LOAN0042_42,LOAN0042,CUST0159,8658.3,8003.66,654.64,2026-08-11,Paid
TXN_LOAN0042_43,LOAN0042,CUST0159,8658.3,8094.06,564.24,2026-09-11,Missed
TXN_LOAN0042_44,LOAN0042,CUST0159,8658.3,8185.48,472.82,2026-10-11,Paid
TXN_LOAN0042_45,LOAN0042,CUST0159,8658.3,8277.93,380.37,2026-11-11,Paid
TXN_LOAN0042_46,LOAN0042,CUST0159,8658.3,8371.43,286.87,2026-12-11,Paid
TXN_LOAN0042_47,LOAN0042,CUST0159,8658.3,8465.98,192.32,2027-01-11,Paid
TXN_LOAN0042_48,LOAN0042,CUST0159,8658.3,8561.56,96.74,2027-02-11,Paid
TXN_LOAN0043_1,LOAN0043,CUST0047,3382.14,2500.71,881.43,2023-02-21,Missed
TXN_LOAN0043_2,LOAN0043,CUST0047,3382.14,2532.37,849.77,2023-03-21,Paid
TXN_LOAN0043_3,LOAN0043,CUST0047,3382.14,2564.43,817.71,2023-04-21,Paid
TXN_LOAN0043_4,LOAN0043,CUST0047,3382.14,2596.9,785.24,2023-05-21,Paid
TXN_LOAN0043_5,LOAN0043,CUST0047,3382.14,2629.77,752.37,2023-06-21,Paid
TXN_LOAN0043_6,LOAN0043,CUST0047,3382.14,2663.07,719.07,2023-07-21,Paid
TXN_LOAN0043_7,LOAN0043,CUST0047,3382.14,2696.78,685.36,2023-08-21,Paid
TXN_LOAN0043_8,LOAN0043,CUST0047,3382.14,2730.92,651.22,2023-09-21,Paid
TXN_LOAN0043_9,LOAN0043,CUST0047,3382.14,2765.5,616.64,2023-10-21,Paid
TXN_LOAN0043_10,LOAN0043,CUST0047,3382.14,2800.51,581.63,2023-11-21,Paid
TXN_LOAN0043_11,LOAN0043,CUST0047,3382.14,2835.96,546.18,2023-12-21,Paid
TXN_LOAN0043_12,LOAN0043,CUST0047,3382.14,2871.86,510.28,2024-01-21,Paid
TXN_LOAN0043_13,LOAN0043,CUST0047,3382.14,2908.22,473.92,2024-02-21,Paid
TXN_LOAN0043_14,LOAN0043,CUST0047,3382.14,2945.04,437.1,2024-03-21,Paid
TXN_LOAN0043_15,LOAN0043,CUST0047,3382.14,2982.32,399.82,2024-04-21,Paid
TXN_LOAN0043_16,LOAN0043,CUST0047,3382.14,3020.08,362.06,2024-05-21,Paid
TXN_LOAN0043_17,LOAN0043,CUST0047,3382.14,3058.32,323.82,2024-06-21,Paid
TXN_LOAN0043_18,LOAN0043,CUST0047,3382.14,3097.03,285.11,2024-07-21,Paid
TXN_LOAN0043_19,LOAN0043,CUST0047,3382.14,3136.24,245.9,2024-08-21,Paid
TXN_LOAN0043_20,LOAN0043,CUST0047,3382.14,3175.95,206.19,2024-09-21,Paid
TXN_LOAN0043_21,LOAN0043,CUST0047,3382.14,3216.15,165.99,2024-10-21,Paid
TXN_LOAN0043_22,LOAN0043,CUST0047,3382.14,3256.87,125.27,2024-11-21,Paid
TXN_LOAN0043_23,LOAN0043,CUST0047,3382.14,3298.1,84.04,2024-12-21,Paid
TXN_LOAN0043_24,LOAN0043,CUST0047,3382.14,3339.9,42.24,2025-01-21,Paid
TXN_LOAN0044_1,LOAN0044,CUST0109,19711.97,13086.71,6625.26,2023-03-11,Paid
TXN_LOAN0044_2,LOAN0044,CUST0109,19711.97,13198.87,6513.1,2023-04-11,Paid
TXN_LOAN0044_3,LOAN0044,CUST0109,19711.97,13311.99,6399.98,2023-05-11,Paid
TXN_LOAN0044_4,LOAN0044,CUST0109,19711.97,13426.08,6285.89,2023-06-11,Paid
TXN_LOAN0044_5,LOAN0044,CUST0109,19711.97,13541.14,6170.83,2023-07-11,Paid
TXN_LOAN0044_6,LOAN0044,CUST0109,19711.97,13657.2,6054.77,2023-08-11,Paid
TXN_LOAN0044_7,LOAN0044,CUST0109,19711.97,13774.25,5937.72,2023-09-11,Paid
TXN_LOAN0044_8,LOAN0044,CUST0109,19711.97,13892.3,5819.67,2023-10-11,Paid
TXN_LOAN0044_9,LOAN0044,CUST0109,19711.97,14011.36,5700.61,2023-11-11,Paid
TXN_LOAN0044_10,LOAN0044,CUST0109,19711.97,14131.45,5580.52,2023-12-11,Paid
TXN_LOAN0044_11,LOAN0044,CUST0109,19711.97,14252.56,5459.41,2024-01-11,Paid
TXN_LOAN0044_12,LOAN0044,CUST0109,19711.97,14374.71,5337.26,2024-02-11,Missed
TXN_LOAN0044_13,LOAN0044,CUST0109,19711.97,14497.91,5214.06,2024-03-11,Paid
TXN_LOAN0044_14,LOAN0044,CUST0109,19711.97,14622.16,5089.81,2024-04-11,Paid
TXN_LOAN0044_15,LOAN0044,CUST0109,19711.97,14747.48,4964.49,2024-05-11,Missed
TXN_LOAN0044_16,LOAN0044,CUST0109,19711.97,14873.87,4838.1,2024-06-11,Paid
TXN_LOAN0044_17,LOAN0044,CUST0109,19711.97,15001.35,4710.62,2024-07-11,Missed
TXN_LOAN0044_18,LOAN0044,CUST0109,19711.97,15129.92,4582.05,2024-08-11,Paid
TXN_LOAN0044_19,LOAN0044,CUST0109,19711.97,15259.59,4452.38,2024-09-11,Paid
TXN_LOAN0044_20,LOAN0044,CUST0109,19711.97,15390.37,4321.6,2024-10-11,Paid
TXN_LOAN0044_21,LOAN0044,CUST0109,19711.97,15522.27,4189.7,2024-11-11,Paid
TXN_LOAN0044_22,LOAN0044,CUST0109,19711.97,15655.3,4056.67,2024-12-11,Paid
TXN_LOAN0044_23,LOAN0044,CUST0109,19711.97,15789.48,3922.49,2025-01-11,Paid
TXN_LOAN0044_24,LOAN0044,CUST0109,19711.97,15924.8,3787.17,2025-02-11,Paid
TXN_LOAN0044_25,LOAN0044,CUST0109,19711.97,16061.28,3650.69,2025-03-11,Paid
TXN_LOAN0044_26,LOAN0044,CUST0109,19711.97,16198.93,3513.04,2025-04-11,Paid
TXN_LOAN0044_27,LOAN0044,CUST0109,19711.97,16337.77,3374.2,2025-05-11,Paid
TXN_LOAN0044_28,LOAN0044,CUST0109,19711.97,16477.79,3234.18,2025-06-11,Missed
TXN_LOAN0044_29,LOAN0044,CUST0109,19711.97,16619.01,3092.96,2025-07-11,Paid
TXN_LOAN0044_30,LOAN0044,CUST0109,19711.97,16761.44,2950.53,2025-08-11,Paid
TXN_LOAN0044_31,LOAN0044,CUST0109,19711.97,16905.1,2806.87,2025-09-11,Paid
TXN_LOAN0044_32,LOAN0044,CUST0109,19711.97,17049.98,2661.99,2025-10-11,Paid
TXN_LOAN0044_33,LOAN0044,CUST0109,19711.97,17196.11,2515.86,2025-11-11,Paid
TXN_LOAN0044_34,LOAN0044,CUST0109,19711.97,17343.49,2368.48,2025-12-11,Paid
TXN_LOAN0044_35,LOAN0044,CUST0109,19711.97,17492.13,2219.84,2026-01-11,Paid
TXN_LOAN0044_36,LOAN0044,CUST0109,19711.97,17642.04,2069.93,2026-02-11,Paid
TXN_LOAN0044_37,LOAN0044,CUST0109,19711.97,17793.24,1918.73,2026-03-11,Paid
TXN_LOAN0044_38,LOAN0044,CUST0109,19711.97,17945.74,1766.23,2026-04-11,Paid
TXN_LOAN0044_39,LOAN0044,CUST0109,19711.97,18099.54,1612.43,2026-05-11,Paid
TXN_LOAN0044_40,LOAN0044,CUST0109,19711.97,18254.66,1457.31,2026-06-11,Paid
TXN_LOAN0044_41,LOAN0044,CUST0109,19711.97,18411.12,1300.85,2026-07-11,Paid
TXN_LOAN0044_42,LOAN0044,CUST0109,19711.97,18568.91,1143.06,2026-08-11,Paid
TXN_LOAN0044_43,LOAN0044,CUST0109,19711.97,18728.05,983.92,2026-09-11,Paid
TXN_LOAN0044_44,LOAN0044,CUST0109,19711.97,18888.56,823.41,2026-10-11,Paid
TXN_LOAN0044_45,LOAN0044,CUST0109,19711.97,19050.44,661.53,2026-11-11,Paid
TXN_LOAN0044_46,LOAN0044,CUST0109,19711.97,19213.71,498.26,2026-12-11,Paid
TXN_LOAN0044_47,LOAN0044,CUST0109,19711.97,19378.38,333.59,2027-01-11,Paid
TXN_LOAN0044_48,LOAN0044,CUST0109,19711.97,19544.46,167.51,2027-02-11,Paid
TXN_LOAN0045_1,LOAN0045,CUST0180,26951.55,18867.42,8084.13,2023-05-23,Paid
TXN_LOAN0045_2,LOAN0045,CUST0180,26951.55,19149.85,7801.7,2023-06-23,Paid
TXN_LOAN0045_3,LOAN0045,CUST0180,26951.55,19436.52,7515.03,2023-07-23,Paid
TXN_LOAN0045_4,LOAN0045,CUST0180,26951.55,19727.47,7224.08,2023-08-23,Paid
TXN_LOAN0045_5,LOAN0045,CUST0180,26951.55,20022.78,6928.77,2023-09-23,Paid
TXN_LOAN0045_6,LOAN0045,CUST0180,26951.55,20322.51,6629.04,2023-10-23,Paid
TXN_LOAN0045_7,LOAN0045,CUST0180,26951.55,20626.73,6324.82,2023-11-23,Paid
TXN_LOAN0045_8,LOAN0045,CUST0180,26951.55,20935.5,6016.05,2023-12-23,Paid
TXN_LOAN0045_9,LOAN0045,CUST0180,26951.55,21248.89,5702.66,2024-01-23,Paid
TXN_LOAN0045_10,LOAN0045,CUST0180,26951.55,21566.97,5384.58,2024-02-23,Paid
TXN_LOAN0045_11,LOAN0045,CUST0180,26951.55,21889.82,5061.73,2024-03-23,Paid
TXN_LOAN0045_12,LOAN0045,CUST0180,26951.55,22217.5,4734.05,2024-04-23,Paid
TXN_LOAN0045_13,LOAN0045,CUST0180,26951.55,22550.08,4401.47,2024-05-23,Paid
TXN_LOAN0045_14,LOAN0045,CUST0180,26951.55,22887.64,4063.91,2024-06-23,Paid
TXN_LOAN0045_15,LOAN0045,CUST0180,26951.55,23230.26,3721.29,2024-07-23,Paid
TXN_LOAN0045_16,LOAN0045,CUST0180,26951.55,23578.0,3373.55,2024-08-23,Paid
TXN_LOAN0045_17,LOAN0045,CUST0180,26951.55,23930.95,3020.6,2024-09-23,Paid
TXN_LOAN0045_18,LOAN0045,CUST0180,26951.55,24289.19,2662.36,2024-10-23,Paid
TXN_LOAN0045_19,LOAN0045,CUST0180,26951.55,24652.78,2298.77,2024-11-23,Paid
TXN_LOAN0045_20,LOAN0045,CUST0180,26951.55,25021.82,1929.73,2024-12-23,Paid
TXN_LOAN0045_21,LOAN0045,CUST0180,26951.55,25396.38,1555.17,2025-01-23,Paid
TXN_LOAN0045_22,LOAN0045,CUST0180,26951.55,25776.55,1175.0,2025-02-23,Paid
TXN_LOAN0045_23,LOAN0045,CUST0180,26951.55,26162.41,789.14,2025-03-23,Paid
TXN_LOAN0045_24,LOAN0045,CUST0180,26951.55,26553.98,397.57,2025-04-23,Paid
TXN_LOAN0046_1,LOAN0046,CUST0184,18311.98,10794.28,7517.7,2023-05-15,Paid
TXN_LOAN0046_2,LOAN0046,CUST0184,18311.98,10953.93,7358.05,2023-06-15,Paid
TXN_LOAN0046_3,LOAN0046,CUST0184,18311.98,11115.94,7196.04,2023-07-15,Missed
TXN_LOAN0046_4,LOAN0046,CUST0184,18311.98,11280.34,7031.64,2023-08-15,Paid
TXN_LOAN0046_5,LOAN0046,CUST0184,18311.98,11447.18,6864.8,2023-09-15,Paid
TXN_LOAN0046_6,LOAN0046,CUST0184,18311.98,11616.48,6695.5,2023-10-15,Paid
TXN_LOAN0046_7,LOAN0046,CUST0184,18311.98,11788.29,6523.69,2023-11-15,Paid
TXN_LOAN0046_8,LOAN0046,CUST0184,18311.98,11962.63,6349.35,2023-12-15,Paid
TXN_LOAN0046_9,LOAN0046,CUST0184,18311.98,12139.56,6172.42,2024-01-15,Paid
TXN_LOAN0046_10,LOAN0046,CUST0184,18311.98,12319.1,5992.88,2024-02-15,Paid
TXN_LOAN0046_11,LOAN0046,CUST0184,18311.98,12501.3,5810.68,2024-03-15,Paid
TXN_LOAN0046_12,LOAN0046,CUST0184,18311.98,12686.2,5625.78,2024-04-15,Paid
TXN_LOAN0046_13,LOAN0046,CUST0184,18311.98,12873.82,5438.16,2024-05-15,Paid
TXN_LOAN0046_14,LOAN0046,CUST0184,18311.98,13064.23,5247.75,2024-06-15,Paid
TXN_LOAN0046_15,LOAN0046,CUST0184,18311.98,13257.45,5054.53,2024-07-15,Paid
TXN_LOAN0046_16,LOAN0046,CUST0184,18311.98,13453.52,4858.46,2024-08-15,Paid
TXN_LOAN0046_17,LOAN0046,CUST0184,18311.98,13652.5,4659.48,2024-09-15,Paid
TXN_LOAN0046_18,LOAN0046,CUST0184,18311.98,13854.42,4457.56,2024-10-15,Paid
TXN_LOAN0046_19,LOAN0046,CUST0184,18311.98,14059.33,4252.65,2024-11-15,Paid
TXN_LOAN0046_20,LOAN0046,CUST0184,18311.98,14267.26,4044.72,2024-12-15,Missed
TXN_LOAN0046_21,LOAN0046,CUST0184,18311.98,14478.28,3833.7,2025-01-15,Paid
TXN_LOAN0046_22,LOAN0046,CUST0184,18311.98,14692.41,3619.57,2025-02-15,Paid
TXN_LOAN0046_23,LOAN0046,CUST0184,18311.98,14909.71,3402.27,2025-03-15,Paid
TXN_LOAN0046_24,LOAN0046,CUST0184,18311.98,15130.22,3181.76,2025-04-15,Paid
TXN_LOAN0046_25,LOAN0046,CUST0184,18311.98,15354.0,2957.98,2025-05-15,Paid
TXN_LOAN0046_26,LOAN0046,CUST0184,18311.98,15581.08,2730.9,2025-06-15,Paid
TXN_LOAN0046_27,LOAN0046,CUST0184,18311.98,15811.53,2500.45,2025-07-15,Paid
TXN_LOAN0046_28,LOAN0046,CUST0184,18311.98,16045.38,2266.6,2025-08-15,Paid
TXN_LOAN0046_29,LOAN0046,CUST0184,18311.98,16282.69,2029.29,2025-09-15,Paid
TXN_LOAN0046_30,LOAN0046,CUST0184,18311.98,16523.51,1788.47,2025-10-15,Paid
TXN_LOAN0046_31,LOAN0046,CUST0184,18311.98,16767.89,1544.09,2025-11-15,Paid
TXN_LOAN0046_32,LOAN0046,CUST0184,18311.98,17015.88,1296.1,2025-12-15,Paid
TXN_LOAN0046_33,LOAN0046,CUST0184,18311.98,17267.55,1044.43,2026-01-15,Paid
TXN_LOAN0046_34,LOAN0046,CUST0184,18311.98,17522.93,789.05,2026-02-15,Paid
TXN_LOAN0046_35,LOAN0046,CUST0184,18311.98,17782.1,529.88,2026-03-15,Paid
TXN_LOAN0046_36,LOAN0046,CUST0184,18311.98,18045.08,266.9,2026-04-15,Paid
TXN_LOAN0047_1,LOAN0047,CUST0015,25420.54,19053.13,6367.41,2023-08-11,Paid
TXN_LOAN0047_2,LOAN0047,CUST0015,25420.54,19283.4,6137.14,2023-09-11,Paid
TXN_LOAN0047_3,LOAN0047,CUST0015,25420.54,19516.46,5904.08,2023-10-11,Paid
TXN_LOAN0047_4,LOAN0047,CUST0015,25420.54,19752.34,5668.2,2023-11-11,Paid
TXN_LOAN0047_5,LOAN0047,CUST0015,25420.54,19991.07,5429.47,2023-12-11,Paid
TXN_LOAN0047_6,LOAN0047,CUST0015,25420.54,20232.68,5187.86,2024-01-11,Paid
TXN_LOAN0047_7,LOAN0047,CUST0015,25420.54,20477.21,4943.33,2024-02-11,Paid
TXN_LOAN0047_8,LOAN0047,CUST0015,25420.54,20724.7,4695.84,2024-03-11,Missed
TXN_LOAN0047_9,LOAN0047,CUST0015,25420.54,20975.18,4445.36,2024-04-11,Paid
TXN_LOAN0047_10,LOAN0047,CUST0015,25420.54,21228.69,4191.85,2024-05-11,Missed
TXN_LOAN0047_11,LOAN0047,CUST0015,25420.54,21485.26,3935.28,2024-06-11,Missed
TXN_LOAN0047_12,LOAN0047,CUST0015,25420.54,21744.93,3675.61,2024-07-11,Paid
TXN_LOAN0047_13,LOAN0047,CUST0015,25420.54,22007.74,3412.8,2024-08-11,Paid
TXN_LOAN0047_14,LOAN0047,CUST0015,25420.54,22273.73,3146.81,2024-09-11,Paid
TXN_LOAN0047_15,LOAN0047,CUST0015,25420.54,22542.93,2877.61,2024-10-11,Paid
TXN_LOAN0047_16,LOAN0047,CUST0015,25420.54,22815.39,2605.15,2024-11-11,Paid
TXN_LOAN0047_17,LOAN0047,CUST0015,25420.54,23091.13,2329.41,2024-12-11,Paid
TXN_LOAN0047_18,LOAN0047,CUST0015,25420.54,23370.21,2050.33,2025-01-11,Paid
TXN_LOAN0047_19,LOAN0047,CUST0015,25420.54,23652.67,1767.87,2025-02-11,Missed
TXN_LOAN0047_20,LOAN0047,CUST0015,25420.54,23938.53,1482.01,2025-03-11,Paid
TXN_LOAN0047_21,LOAN0047,CUST0015,25420.54,24227.86,1192.68,2025-04-11,Paid
TXN_LOAN0047_22,LOAN0047,CUST0015,25420.54,24520.68,899.86,2025-05-11,Paid
TXN_LOAN0047_23,LOAN0047,CUST0015,25420.54,24817.03,603.51,2025-06-11,Paid
TXN_LOAN0047_24,LOAN0047,CUST0015,25420.54,25117.05,303.49,2025-07-11,Paid
TXN_LOAN0048_1,LOAN0048,CUST0157,3936.64,2643.67,1292.97,2023-02-17,Paid
TXN_LOAN0048_2,LOAN0048,CUST0157,3936.64,2665.69,1270.95,2023-03-17,Paid
TXN_LOAN0048_3,LOAN0048,CUST0157,3936.64,2687.89,1248.75,2023-04-17,Paid
TXN_LOAN0048_4,LOAN0048,CUST0157,3936.64,2710.28,1226.36,2023-05-17,Missed
TXN_LOAN0048_5,LOAN0048,CUST0157,3936.64,2732.85,1203.79,2023-06-17,Paid
TXN_LOAN0048_6,LOAN0048,CUST0157,3936.64,2755.62,1181.02,2023-07-17,Paid
TXN_LOAN0048_7,LOAN0048,CUST0157,3936.64,2778.57,1158.07,2023-08-17,Paid
TXN_LOAN0048_8,LOAN0048,CUST0157,3936.64,2801.71,1134.93,2023-09-17,Paid
TXN_LOAN0048_9,LOAN0048,CUST0157,3936.64,2825.05,1111.59,2023-10-17,Paid
TXN_LOAN0048_10,LOAN0048,CUST0157,3936.64,2848.58,1088.06,2023-11-17,Missed
TXN_LOAN0048_11,LOAN0048,CUST0157,3936.64,2872.31,1064.33,2023-12-17,Paid
TXN_LOAN0048_12,LOAN0048,CUST0157,3936.64,2896.23,1040.41,2024-01-17,Paid
TXN_LOAN0048_13,LOAN0048,CUST0157,3936.64,2920.36,1016.28,2024-02-17,Paid
TXN_LOAN0048_14,LOAN0048,CUST0157,3936.64,2944.68,991.96,2024-03-17,Paid
TXN_LOAN0048_15,LOAN0048,CUST0157,3936.64,2969.21,967.43,2024-04-17,Paid
TXN_LOAN0048_16,LOAN0048,CUST0157,3936.64,2993.94,942.7,2024-05-17,Paid
TXN_LOAN0048_17,LOAN0048,CUST0157,3936.64,3018.88,917.76,2024-06-17,Paid
TXN_LOAN0048_18,LOAN0048,CUST0157,3936.64,3044.03,892.61,2024-07-17,Paid
TXN_LOAN0048_19,LOAN0048,CUST0157,3936.64,3069.38,867.26,2024-08-17,Paid
TXN_LOAN0048_20,LOAN0048,CUST0157,3936.64,3094.95,841.69,2024-09-17,Paid
TXN_LOAN0048_21,LOAN0048,CUST0157,3936.64,3120.73,815.91,2024-10-17,Paid
TXN_LOAN0048_22,LOAN0048,CUST0157,3936.64,3146.72,789.92,2024-11-17,Paid
TXN_LOAN0048_23,LOAN0048,CUST0157,3936.64,3172.93,763.71,2024-12-17,Paid
TXN_LOAN0048_24,LOAN0048,CUST0157,3936.64,3199.36,737.28,2025-01-17,Paid
TXN_LOAN0048_25,LOAN0048,CUST0157,3936.64,3226.01,710.63,2025-02-17,Paid
TXN_LOAN0048_26,LOAN0048,CUST0157,3936.64,3252.88,683.76,2025-03-17,Paid
TXN_LOAN0048_27,LOAN0048,CUST0157,3936.64,3279.98,656.66,2025-04-17,Paid
TXN_LOAN0048_28,LOAN0048,CUST0157,3936.64,3307.3,629.34,2025-05-17,Paid
TXN_LOAN0048_29,LOAN0048,CUST0157,3936.64,3334.85,601.79,2025-06-17,Paid
TXN_LOAN0048_30,LOAN0048,CUST0157,3936.64,3362.62,574.02,2025-07-17,Paid
TXN_LOAN0048_31,LOAN0048,CUST0157,3936.64,3390.63,546.01,2025-08-17,Missed
TXN_LOAN0048_32,LOAN0048,CUST0157,3936.64,3418.88,517.76,2025-09-17,Paid
TXN_LOAN0048_33,LOAN0048,CUST0157,3936.64,3447.35,489.29,2025-10-17,Missed
TXN_LOAN0048_34,LOAN0048,CUST0157,3936.64,3476.07,460.57,2025-11-17,Paid
TXN_LOAN0048_35,LOAN0048,CUST0157,3936.64,3505.02,431.62,2025-12-17,Paid
TXN_LOAN0048_36,LOAN0048,CUST0157,3936.64,3534.22,402.42,2026-01-17,Paid
TXN_LOAN0048_37,LOAN0048,CUST0157,3936.64,3563.66,372.98,2026-02-17,Paid
TXN_LOAN0048_38,LOAN0048,CUST0157,3936.64,3593.34,343.3,2026-03-17,Missed
TXN_LOAN0048_39,LOAN0048,CUST0157,3936.64,3623.27,313.37,2026-04-17,Paid
TXN_LOAN0048_40,LOAN0048,CUST0157,3936.64,3653.45,283.19,2026-05-17,Paid
TXN_LOAN0048_41,LOAN0048,CUST0157,3936.64,3683.88,252.76,2026-06-17,Paid
TXN_LOAN0048_42,LOAN0048,CUST0157,3936.64,3714.57,222.07,2026-07-17,Missed
TXN_LOAN0048_43,LOAN0048,CUST0157,3936.64,3745.51,191.13,2026-08-17,Paid
TXN_LOAN0048_44,LOAN0048,CUST0157,3936.64,3776.71,159.93,2026-09-17,Paid
TXN_LOAN0048_45,LOAN0048,CUST0157,3936.64,3808.16,128.48,2026-10-17,Paid
TXN_LOAN0048_46,LOAN0048,CUST0157,3936.64,3839.88,96.76,2026-11-17,Paid
TXN_LOAN0048_47,LOAN0048,CUST0157,3936.64,3871.87,64.77,2026-12-17,Paid
TXN_LOAN0048_48,LOAN0048,CUST0157,3936.64,3904.27,32.37,2027-01-17,Paid
TXN_LOAN0049_1,LOAN0049,CUST0136,42949.76,37073.92,5875.84,2023-05-30,Paid
TXN_LOAN0049_2,LOAN0049,CUST0136,42949.76,37531.24,5418.52,2023-06-30,Paid
TXN_LOAN0049_3,LOAN0049,CUST0136,42949.76,37994.19,4955.57,2023-07-30,Paid
TXN_LOAN0049_4,LOAN0049,CUST0136,42949.76,38462.86,4486.9,2023-08-30,Missed
TXN_LOAN0049_5,LOAN0049,CUST0136,42949.76,38937.31,4012.45,2023-09-30,Paid
TXN_LOAN0049_6,LOAN0049,CUST0136,42949.76,39417.61,3532.15,2023-10-30,Paid
TXN_LOAN0049_7,LOAN0049,CUST0136,42949.76,39903.83,3045.93,2023-11-30,Paid
TXN_LOAN0049_8,LOAN0049,CUST0136,42949.76,40396.06,2553.7,2023-12-30,Paid
TXN_LOAN0049_9,LOAN0049,CUST0136,42949.76,40894.35,2055.41,2024-01-30,Paid
TXN_LOAN0049_10,LOAN0049,CUST0136,42949.76,41398.79,1550.97,2024-02-29,Paid
TXN_LOAN0049_11,LOAN0049,CUST0136,42949.76,41909.46,1040.3,2024-03-30,Paid
TXN_LOAN0049_12,LOAN0049,CUST0136,42949.76,42426.38,523.38,2024-04-30,Missed
TXN_LOAN0050_1,LOAN0050,CUST0005,34492.15,28989.19,5502.96,2023-06-09,Paid
TXN_LOAN0050_2,LOAN0050,CUST0005,34492.15,29199.89,5292.26,2023-07-09,Missed
TXN_LOAN0050_3,LOAN0050,CUST0005,34492.15,29412.13,5080.02,2023-08-09,Paid
TXN_LOAN0050_4,LOAN0050,CUST0005,34492.15,29625.9,4866.25,2023-09-09,Paid
TXN_LOAN0050_5,LOAN0050,CUST0005,34492.15,29841.23,4650.92,2023-10-09,Paid
TXN_LOAN0050_6,LOAN0050,CUST0005,34492.15,30058.13,4434.02,2023-11-09,Paid
TXN_LOAN0050_7,LOAN0050,CUST0005,34492.15,30276.6,4215.55,2023-12-09,Paid
TXN_LOAN0050_8,LOAN0050,CUST0005,34492.15,30496.66,3995.49,2024-01-09,Paid
TXN_LOAN0050_9,LOAN0050,CUST0005,34492.15,30718.32,3773.83,2024-02-09,Paid
TXN_LOAN0050_10,LOAN0050,CUST0005,34492.15,30941.59,3550.56,2024-03-09,Paid
TXN_LOAN0050_11,LOAN0050,CUST0005,34492.15,31166.48,3325.67,2024-04-09,Paid
TXN_LOAN0050_12,LOAN0050,CUST0005,34492.15,31393.01,3099.14,2024-05-09,Paid
TXN_LOAN0050_13,LOAN0050,CUST0005,34492.15,31621.19,2870.96,2024-06-09,Paid
TXN_LOAN0050_14,LOAN0050,CUST0005,34492.15,31851.02,2641.13,2024-07-09,Missed
TXN_LOAN0050_15,LOAN0050,CUST0005,34492.15,32082.52,2409.63,2024-08-09,Paid
TXN_LOAN0050_16,LOAN0050,CUST0005,34492.15,32315.71,2176.44,2024-09-09,Paid
TXN_LOAN0050_17,LOAN0050,CUST0005,34492.15,32550.59,1941.56,2024-10-09,Paid
TXN_LOAN0050_18,LOAN0050,CUST0005,34492.15,32787.18,1704.97,2024-11-09,Paid
TXN_LOAN0050_19,LOAN0050,CUST0005,34492.15,33025.49,1466.66,2024-12-09,Paid
TXN_LOAN0050_20,LOAN0050,CUST0005,34492.15,33265.53,1226.62,2025-01-09,Missed
TXN_LOAN0050_21,LOAN0050,CUST0005,34492.15,33507.31,984.84,2025-02-09,Paid
TXN_LOAN0050_22,LOAN0050,CUST0005,34492.15,33750.85,741.3,2025-03-09,Paid
TXN_LOAN0050_23,LOAN0050,CUST0005,34492.15,33996.16,495.99,2025-04-09,Paid
TXN_LOAN0050_24,LOAN0050,CUST0005,34492.15,34243.32,248.83,2025-05-09,Paid
TXN_LOAN0051_1,LOAN0051,CUST0157,29402.18,22936.55,6465.63,2023-06-10,Paid
TXN_LOAN0051_2,LOAN0051,CUST0157,29402.18,23095.32,6306.86,2023-07-10,Paid
TXN_LOAN0051_3,LOAN0051,CUST0157,29402.18,23255.18,6147.0,2023-08-10,Paid
TXN_LOAN0051_4,LOAN0051,CUST0157,29402.18,23416.16,5986.02,2023-09-10,Paid
TXN_LOAN0051_5,LOAN0051,CUST0157,29402.18,23578.25,5823.93,2023-10-10,Paid
TXN_LOAN0051_6,LOAN0051,CUST0157,29402.18,23741.46,5660.72,2023-11-10,Paid
TXN_LOAN0051_7,LOAN0051,CUST0157,29402.18,23905.8,5496.38,2023-12-10,Missed
TXN_LOAN0051_8,LOAN0051,CUST0157,29402.18,24071.28,5330.9,2024-01-10,Paid
TXN_LOAN0051_9,LOAN0051,CUST0157,29402.18,24237.9,5164.28,2024-02-10,Paid
TXN_LOAN0051_10,LOAN0051,CUST0157,29402.18,24405.68,4996.5,2024-03-10,Paid
TXN_LOAN0051_11,LOAN0051,CUST0157,29402.18,24574.62,4827.56,2024-04-10,Paid
TXN_LOAN0051_12,LOAN0051,CUST0157,29402.18,24744.73,4657.45,2024-05-10,Paid
TXN_LOAN0051_13,LOAN0051,CUST0157,29402.18,24916.01,4486.17,2024-06-10,Paid
TXN_LOAN0051_14,LOAN0051,CUST0157,29402.18,25088.48,4313.7,2024-07-10,Paid
TXN_LOAN0051_15,LOAN0051,CUST0157,29402.18,25262.15,4140.03,2024-08-10,Paid
TXN_LOAN0051_16,LOAN0051,CUST0157,29402.18,25437.02,3965.16,2024-09-10,Paid
TXN_LOAN0051_17,LOAN0051,CUST0157,29402.18,25613.09,3789.09,2024-10-10,Paid
TXN_LOAN0051_18,LOAN0051,CUST0157,29402.18,25790.39,3611.79,2024-11-10,Paid
TXN_LOAN0051_19,LOAN0051,CUST0157,29402.18,25968.91,3433.27,2024-12-10,Paid
TXN_LOAN0051_20,LOAN0051,CUST0157,29402.18,26148.67,3253.51,2025-01-10,Paid
TXN_LOAN0051_21,LOAN0051,CUST0157,29402.18,26329.68,3072.5,2025-02-10,Paid
TXN_LOAN0051_22,LOAN0051,CUST0157,29402.18,26511.93,2890.25,2025-03-10,Missed
TXN_LOAN0051_23,LOAN0051,CUST0157,29402.18,26695.45,2706.73,2025-04-10,Paid
TXN_LOAN0051_24,LOAN0051,CUST0157,29402.18,26880.24,2521.94,2025-05-10,Paid
TXN_LOAN0051_25,LOAN0051,CUST0157,29402.18,27066.31,2335.87,2025-06-10,Paid
TXN_LOAN0051_26,LOAN0051,CUST0157,29402.18,27253.66,2148.52,2025-07-10,Missed
TXN_LOAN0051_27,LOAN0051,CUST0157,29402.18,27442.32,1959.86,2025-08-10,Paid
TXN_LOAN0051_28,LOAN0051,CUST0157,29402.18,27632.28,1769.9,2025-09-10,Paid
TXN_LOAN0051_29,LOAN0051,CUST0157,29402.18,27823.55,1578.63,2025-10-10,Paid
TXN_LOAN0051_30,LOAN0051,CUST0157,29402.18,28016.15,1386.03,2025-11-10,Paid
TXN_LOAN0051_31,LOAN0051,CUST0157,29402.18,28210.08,1192.1,2025-12-10,Paid
TXN_LOAN0051_32,LOAN0051,CUST0157,29402.18,28405.35,996.83,2026-01-10,Paid
TXN_LOAN0051_33,LOAN0051,CUST0157,29402.18,28601.98,800.2,2026-02-10,Paid
TXN_LOAN0051_34,LOAN0051,CUST0157,29402.18,28799.96,602.22,2026-03-10,Paid
TXN_LOAN0051_35,LOAN0051,CUST0157,29402.18,28999.32,402.86,2026-04-10,Paid
TXN_LOAN0051_36,LOAN0051,CUST0157,29402.18,29200.09,202.09,2026-05-10,Paid
TXN_LOAN0052_1,LOAN0052,CUST0047,33957.15,27508.35,6448.8,2023-04-01,Paid
TXN_LOAN0052_2,LOAN0052,CUST0047,33957.15,27750.81,6206.34,2023-05-01,Paid
TXN_LOAN0052_3,LOAN0052,CUST0047,33957.15,27995.41,5961.74,2023-06-01,Missed
TXN_LOAN0052_4,LOAN0052,CUST0047,33957.15,28242.16,5714.99,2023-07-01,Paid
TXN_LOAN0052_5,LOAN0052,CUST0047,33957.15,28491.09,5466.06,2023-08-01,Paid
TXN_LOAN0052_6,LOAN0052,CUST0047,33957.15,28742.21,5214.94,2023-09-01,Paid
TXN_LOAN0052_7,LOAN0052,CUST0047,33957.15,28995.54,4961.61,2023-10-01,Paid
TXN_LOAN0052_8,LOAN0052,CUST0047,33957.15,29251.11,4706.04,2023-11-01,Missed
TXN_LOAN0052_9,LOAN0052,CUST0047,33957.15,29508.93,4448.22,2023-12-01,Paid
TXN_LOAN0052_10,LOAN0052,CUST0047,33957.15,29769.02,4188.13,2024-01-01,Paid
TXN_LOAN0052_11,LOAN0052,CUST0047,33957.15,30031.41,3925.74,2024-02-01,Paid
TXN_LOAN0052_12,LOAN0052,CUST0047,33957.15,30296.1,3661.05,2024-03-01,Paid
TXN_LOAN0052_13,LOAN0052,CUST0047,33957.15,30563.13,3394.02,2024-04-01,Paid
TXN_LOAN0052_14,LOAN0052,CUST0047,33957.15,30832.52,3124.63,2024-05-01,Paid
TXN_LOAN0052_15,LOAN0052,CUST0047,33957.15,31104.28,2852.87,2024-06-01,Paid
TXN_LOAN0052_16,LOAN0052,CUST0047,33957.15,31378.43,2578.72,2024-07-01,Paid
TXN_LOAN0052_17,LOAN0052,CUST0047,33957.15,31655.0,2302.15,2024-08-01,Paid
TXN_LOAN0052_18,LOAN0052,CUST0047,33957.15,31934.01,2023.14,2024-09-01,Paid
TXN_LOAN0052_19,LOAN0052,CUST0047,33957.15,32215.48,1741.67,2024-10-01,Paid
TXN_LOAN0052_20,LOAN0052,CUST0047,33957.15,32499.42,1457.73,2024-11-01,Paid
TXN_LOAN0052_21,LOAN0052,CUST0047,33957.15,32785.88,1171.27,2024-12-01,Paid
TXN_LOAN0052_22,LOAN0052,CUST0047,33957.15,33074.85,882.3,2025-01-01,Paid
TXN_LOAN0052_23,LOAN0052,CUST0047,33957.15,33366.37,590.78,2025-02-01,Missed
TXN_LOAN0052_24,LOAN0052,CUST0047,33957.15,33660.49,296.66,2025-03-01,Paid
TXN_LOAN0053_1,LOAN0053,CUST0068,44913.67,34936.67,9977.0,2023-03-17,Paid
TXN_LOAN0053_2,LOAN0053,CUST0068,44913.67,35304.26,9609.41,2023-04-17,Paid
TXN_LOAN0053_3,LOAN0053,CUST0068,44913.67,35675.73,9237.94,2023-05-17,Paid
TXN_LOAN0053_4,LOAN0053,CUST0068,44913.67,36051.11,8862.56,2023-06-17,Paid
TXN_LOAN0053_5,LOAN0053,CUST0068,44913.67,36430.43,8483.24,2023-07-17,Paid
TXN_LOAN0053_6,LOAN0053,CUST0068,44913.67,36813.75,8099.92,2023-08-17,Paid
TXN_LOAN0053_7,LOAN0053,CUST0068,44913.67,37201.09,7712.58,2023-09-17,Missed
TXN_LOAN0053_8,LOAN0053,CUST0068,44913.67,37592.52,7321.15,2023-10-17,Paid
TXN_LOAN0053_9,LOAN0053,CUST0068,44913.67,37988.06,6925.61,2023-11-17,Paid
TXN_LOAN0053_10,LOAN0053,CUST0068,44913.67,38387.77,6525.9,2023-12-17,Paid
TXN_LOAN0053_11,LOAN0053,CUST0068,44913.67,38791.68,6121.99,2024-01-17,Paid
TXN_LOAN0053_12,LOAN0053,CUST0068,44913.67,39199.84,5713.83,2024-02-17,Paid
TXN_LOAN0053_13,LOAN0053,CUST0068,44913.67,39612.29,5301.38,2024-03-17,Paid
TXN_LOAN0053_14,LOAN0053,CUST0068,44913.67,40029.09,4884.58,2024-04-17,Missed
TXN_LOAN0053_15,LOAN0053,CUST0068,44913.67,40450.27,4463.4,2024-05-17,Paid
TXN_LOAN0053_16,LOAN0053,CUST0068,44913.67,40875.88,4037.79,2024-06-17,Paid
TXN_LOAN0053_17,LOAN0053,CUST0068,44913.67,41305.97,3607.7,2024-07-17,Paid
TXN_LOAN0053_18,LOAN0053,CUST0068,44913.67,41740.59,3173.08,2024-08-17,Paid
TXN_LOAN0053_19,LOAN0053,CUST0068,44913.67,42179.78,2733.89,2024-09-17,Paid
TXN_LOAN0053_20,LOAN0053,CUST0068,44913.67,42623.59,2290.08,2024-10-17,Paid
TXN_LOAN0053_21,LOAN0053,CUST0068,44913.67,43072.06,1841.61,2024-11-17,Paid
TXN_LOAN0053_22,LOAN0053,CUST0068,44913.67,43525.26,1388.41,2024-12-17,Paid
TXN_LOAN0053_23,LOAN0053,CUST0068,44913.67,43983.23,930.44,2025-01-17,Paid
TXN_LOAN0053_24,LOAN0053,CUST0068,44913.67,44446.08,467.59,2025-02-17,Paid
TXN_LOAN0054_1,LOAN0054,CUST0076,28122.23,20190.33,7931.9,2023-02-28,Paid
TXN_LOAN0054_2,LOAN0054,CUST0076,28122.23,20471.02,7651.21,2023-03-29,Paid
TXN_LOAN0054_3,LOAN0054,CUST0076,28122.23,20755.62,7366.61,2023-04-29,Paid
TXN_LOAN0054_4,LOAN0054,CUST0076,28122.23,21044.17,7078.06,2023-05-29,Missed
TXN_LOAN0054_5,LOAN0054,CUST0076,28122.23,21336.73,6785.5,2023-06-29,Paid
TXN_LOAN0054_6,LOAN0054,CUST0076,28122.23,21633.36,6488.87,2023-07-29,Paid
TXN_LOAN0054_7,LOAN0054,CUST0076,28122.23,21934.11,6188.12,2023-08-29,Paid
TXN_LOAN0054_8,LOAN0054,CUST0076,28122.23,22239.04,5883.19,2023-09-29,Paid
TXN_LOAN0054_9,LOAN0054,CUST0076,28122.23,22548.22,5574.01,2023-10-29,Paid
TXN_LOAN0054_10,LOAN0054,CUST0076,28122.23,22861.69,5260.54,2023-11-29,Paid
TXN_LOAN0054_11,LOAN0054,CUST0076,28122.23,23179.52,4942.71,2023-12-29,Paid
TXN_LOAN0054_12,LOAN0054,CUST0076,28122.23,23501.77,4620.46,2024-01-29,Missed
TXN_LOAN0054_13,LOAN0054,CUST0076,28122.23,23828.49,4293.74,2024-02-29,Missed
TXN_LOAN0054_14,LOAN0054,CUST0076,28122.23,24159.76,3962.47,2024-03-29,Paid
TXN_LOAN0054_15,LOAN0054,CUST0076,28122.23,24495.64,3626.59,2024-04-29,Paid
TXN_LOAN0054_16,LOAN0054,CUST0076,28122.23,24836.18,3286.05,2024-05-29,Paid
TXN_LOAN0054_17,LOAN0054,CUST0076,28122.23,25181.46,2940.77,2024-06-29,Paid
TXN_LOAN0054_18,LOAN0054,CUST0076,28122.23,25531.54,2590.69,2024-07-29,Paid
TXN_LOAN0054_19,LOAN0054,CUST0076,28122.23,25886.49,2235.74,2024-08-29,Paid
TXN_LOAN0054_20,LOAN0054,CUST0076,28122.23,26246.37,1875.86,2024-09-29,Paid
TXN_LOAN0054_21,LOAN0054,CUST0076,28122.23,26611.25,1510.98,2024-10-29,Paid
TXN_LOAN0054_22,LOAN0054,CUST0076,28122.23,26981.21,1141.02,2024-11-29,Missed
TXN_LOAN0054_23,LOAN0054,CUST0076,28122.23,27356.31,765.92,2024-12-29,Paid
TXN_LOAN0054_24,LOAN0054,CUST0076,28122.23,27736.72,385.51,2025-01-29,Paid
TXN_LOAN0055_1,LOAN0055,CUST0173,32106.44,20364.57,11741.87,2023-05-07,Paid
TXN_LOAN0055_2,LOAN0055,CUST0173,32106.44,20623.74,11482.7,2023-06-07,Paid
TXN_LOAN0055_3,LOAN0055,CUST0173,32106.44,20886.21,11220.23,2023-07-07,Paid
TXN_LOAN0055_4,LOAN0055,CUST0173,32106.44,21152.01,10954.43,2023-08-07,Paid
TXN_LOAN0055_5,LOAN0055,CUST0173,32106.44,21421.2,10685.24,2023-09-07,Missed
TXN_LOAN0055_6,LOAN0055,CUST0173,32106.44,21693.82,10412.62,2023-10-07,Paid
TXN_LOAN0055_7,LOAN0055,CUST0173,32106.44,21969.9,10136.54,2023-11-07,Paid
TXN_LOAN0055_8,LOAN0055,CUST0173,32106.44,22249.5,9856.94,2023-12-07,Paid
TXN_LOAN0055_9,LOAN0055,CUST0173,32106.44,22532.65,9573.79,2024-01-07,Paid
TXN_LOAN0055_10,LOAN0055,CUST0173,32106.44,22819.41,9287.03,2024-02-07,Paid
TXN_LOAN0055_11,LOAN0055,CUST0173,32106.44,23109.82,8996.62,2024-03-07,Missed
TXN_LOAN0055_12,LOAN0055,CUST0173,32106.44,23403.93,8702.51,2024-04-07,Paid
TXN_LOAN0055_13,LOAN0055,CUST0173,32106.44,23701.78,8404.66,2024-05-07,Paid
TXN_LOAN0055_14,LOAN0055,CUST0173,32106.44,24003.42,8103.02,2024-06-07,Paid
TXN_LOAN0055_15,LOAN0055,CUST0173,32106.44,24308.89,7797.55,2024-07-07,Paid
TXN_LOAN0055_16,LOAN0055,CUST0173,32106.44,24618.26,7488.18,2024-08-07,Paid
TXN_LOAN0055_17,LOAN0055,CUST0173,32106.44,24931.56,7174.88,2024-09-07,Paid
TXN_LOAN0055_18,LOAN0055,CUST0173,32106.44,25248.85,6857.59,2024-10-07,Paid
TXN_LOAN0055_19,LOAN0055,CUST0173,32106.44,25570.18,6536.26,2024-11-07,Paid
TXN_LOAN0055_20,LOAN0055,CUST0173,32106.44,25895.59,6210.85,2024-12-07,Paid
TXN_LOAN0055_21,LOAN0055,CUST0173,32106.44,26225.15,5881.29,2025-01-07,Paid
TXN_LOAN0055_22,LOAN0055,CUST0173,32106.44,26558.9,5547.54,2025-02-07,Paid
TXN_LOAN0055_23,LOAN0055,CUST0173,32106.44,26896.9,5209.54,2025-03-07,Paid
TXN_LOAN0055_24,LOAN0055,CUST0173,32106.44,27239.2,4867.24,2025-04-07,Paid
TXN_LOAN0055_25,LOAN0055,CUST0173,32106.44,27585.86,4520.58,2025-05-07,Paid
TXN_LOAN0055_26,LOAN0055,CUST0173,32106.44,27936.93,4169.51,2025-06-07,Paid
TXN_LOAN0055_27,LOAN0055,CUST0173,32106.44,28292.47,3813.97,2025-07-07,Paid
TXN_LOAN0055_28,LOAN0055,CUST0173,32106.44,28652.53,3453.91,2025-08-07,Missed
TXN_LOAN0055_29,LOAN0055,CUST0173,32106.44,29017.17,3089.27,2025-09-07,Missed
TXN_LOAN0055_30,LOAN0055,CUST0173,32106.44,29386.46,2719.98,2025-10-07,Paid
TXN_LOAN0055_31,LOAN0055,CUST0173,32106.44,29760.44,2346.0,2025-11-07,Missed
TXN_LOAN0055_32,LOAN0055,CUST0173,32106.44,30139.18,1967.26,2025-12-07,Paid
TXN_LOAN0055_33,LOAN0055,CUST0173,32106.44,30522.75,1583.69,2026-01-07,Paid
TXN_LOAN0055_34,LOAN0055,CUST0173,32106.44,30911.19,1195.25,2026-02-07,Paid
TXN_LOAN0055_35,LOAN0055,CUST0173,32106.44,31304.58,801.86,2026-03-07,Paid
TXN_LOAN0055_36,LOAN0055,CUST0173,32106.44,31703.0,403.44,2026-04-07,Paid
TXN_LOAN0056_1,LOAN0056,CUST0130,3345.36,1811.99,1533.37,2023-02-10,Paid
TXN_LOAN0056_2,LOAN0056,CUST0130,3345.36,1835.28,1510.08,2023-03-10,Paid
TXN_LOAN0056_3,LOAN0056,CUST0130,3345.36,1858.88,1486.48,2023-04-10,Paid
TXN_LOAN0056_4,LOAN0056,CUST0130,3345.36,1882.77,1462.59,2023-05-10,Paid
TXN_LOAN0056_5,LOAN0056,CUST0130,3345.36,1906.98,1438.38,2023-06-10,Missed
TXN_LOAN0056_6,LOAN0056,CUST0130,3345.36,1931.49,1413.87,2023-07-10,Paid
TXN_LOAN0056_7,LOAN0056,CUST0130,3345.36,1956.32,1389.04,2023-08-10,Paid
TXN_LOAN0056_8,LOAN0056,CUST0130,3345.36,1981.48,1363.88,2023-09-10,Paid
TXN_LOAN0056_9,LOAN0056,CUST0130,3345.36,2006.95,1338.41,2023-10-10,Paid
TXN_LOAN0056_10,LOAN0056,CUST0130,3345.36,2032.75,1312.61,2023-11-10,Paid
TXN_LOAN0056_11,LOAN0056,CUST0130,3345.36,2058.88,1286.48,2023-12-10,Paid
TXN_LOAN0056_12,LOAN0056,CUST0130,3345.36,2085.35,1260.01,2024-01-10,Paid
TXN_LOAN0056_13,LOAN0056,CUST0130,3345.36,2112.16,1233.2,2024-02-10,Paid
TXN_LOAN0056_14,LOAN0056,CUST0130,3345.36,2139.31,1206.05,2024-03-10,Paid
TXN_LOAN0056_15,LOAN0056,CUST0130,3345.36,2166.82,1178.54,2024-04-10,Paid
TXN_LOAN0056_16,LOAN0056,CUST0130,3345.36,2194.67,1150.69,2024-05-10,Paid
TXN_LOAN0056_17,LOAN0056,CUST0130,3345.36,2222.89,1122.47,2024-06-10,Paid
TXN_LOAN0056_18,LOAN0056,CUST0130,3345.36,2251.46,1093.9,2024-07-10,Paid
TXN_LOAN0056_19,LOAN0056,CUST0130,3345.36,2280.41,1064.95,2024-08-10,Paid
TXN_LOAN0056_20,LOAN0056,CUST0130,3345.36,2309.73,1035.63,2024-09-10,Paid
TXN_LOAN0056_21,LOAN0056,CUST0130,3345.36,2339.42,1005.94,2024-10-10,Missed
TXN_LOAN0056_22,LOAN0056,CUST0130,3345.36,2369.5,975.86,2024-11-10,Missed
TXN_LOAN0056_23,LOAN0056,CUST0130,3345.36,2399.96,945.4,2024-12-10,Paid
TXN_LOAN0056_24,LOAN0056,CUST0130,3345.36,2430.81,914.55,2025-01-10,Paid
TXN_LOAN0056_25,LOAN0056,CUST0130,3345.36,2462.06,883.3,2025-02-10,Paid
TXN_LOAN0056_26,LOAN0056,CUST0130,3345.36,2493.71,851.65,2025-03-10,Paid
TXN_LOAN0056_27,LOAN0056,CUST0130,3345.36,2525.77,819.59,2025-04-10,Paid
TXN_LOAN0056_28,LOAN0056,CUST0130,3345.36,2558.24,787.12,2025-05-10,Paid
TXN_LOAN0056_29,LOAN0056,CUST0130,3345.36,2591.13,754.23,2025-06-10,Missed
TXN_LOAN0056_30,LOAN0056,CUST0130,3345.36,2624.44,720.92,2025-07-10,Paid
TXN_LOAN0056_31,LOAN0056,CUST0130,3345.36,2658.18,687.18,2025-08-10,Missed
TXN_LOAN0056_32,LOAN0056,CUST0130,3345.36,2692.36,653.0,2025-09-10,Paid
TXN_LOAN0056_33,LOAN0056,CUST0130,3345.36,2726.97,618.39,2025-10-10,Paid
TXN_LOAN0056_34,LOAN0056,CUST0130,3345.36,2762.03,583.33,2025-11-10,Paid
TXN_LOAN0056_35,LOAN0056,CUST0130,3345.36,2797.53,547.83,2025-12-10,Paid
TXN_LOAN0056_36,LOAN0056,CUST0130,3345.36,2833.5,511.86,2026-01-10,Paid
TXN_LOAN0056_37,LOAN0056,CUST0130,3345.36,2869.93,475.43,2026-02-10,Paid
TXN_LOAN0056_38,LOAN0056,CUST0130,3345.36,2906.82,438.54,2026-03-10,Paid
TXN_LOAN0056_39,LOAN0056,CUST0130,3345.36,2944.19,401.17,2026-04-10,Paid
TXN_LOAN0056_40,LOAN0056,CUST0130,3345.36,2982.04,363.32,2026-05-10,Paid
TXN_LOAN0056_41,LOAN0056,CUST0130,3345.36,3020.38,324.98,2026-06-10,Paid
TXN_LOAN0056_42,LOAN0056,CUST0130,3345.36,3059.21,286.15,2026-07-10,Missed
TXN_LOAN0056_43,LOAN0056,CUST0130,3345.36,3098.54,246.82,2026-08-10,Paid
TXN_LOAN0056_44,LOAN0056,CUST0130,3345.36,3138.37,206.99,2026-09-10,Paid
TXN_LOAN0056_45,LOAN0056,CUST0130,3345.36,3178.72,166.64,2026-10-10,Paid
TXN_LOAN0056_46,LOAN0056,CUST0130,3345.36,3219.58,125.78,2026-11-10,Paid
TXN_LOAN0056_47,LOAN0056,CUST0130,3345.36,3260.97,84.39,2026-12-10,Paid
TXN_LOAN0056_48,LOAN0056,CUST0130,3345.36,3303.07,42.29,2027-01-10,Paid
TXN_LOAN0057_1,LOAN0057,CUST0155,8661.78,6787.38,1874.4,2023-09-30,Paid
TXN_LOAN0057_2,LOAN0057,CUST0155,8661.78,6856.69,1805.09,2023-10-30,Paid
TXN_LOAN0057_3,LOAN0057,CUST0155,8661.78,6926.72,1735.06,2023-11-30,Paid
TXN_LOAN0057_4,LOAN0057,CUST0155,8661.78,6997.46,1664.32,2023-12-30,Paid
TXN_LOAN0057_5,LOAN0057,CUST0155,8661.78,7068.92,1592.86,2024-01-30,Paid
TXN_LOAN0057_6,LOAN0057,CUST0155,8661.78,7141.11,1520.67,2024-02-29,Paid
TXN_LOAN0057_7,LOAN0057,CUST0155,8661.78,7214.04,1447.74,2024-03-30,Paid
TXN_LOAN0057_8,LOAN0057,CUST0155,8661.78,7287.71,1374.07,2024-04-30,Paid
TXN_LOAN0057_9,LOAN0057,CUST0155,8661.78,7362.13,1299.65,2024-05-30,Paid
TXN_LOAN0057_10,LOAN0057,CUST0155,8661.78,7437.32,1224.46,2024-06-30,Paid
TXN_LOAN0057_11,LOAN0057,CUST0155,8661.78,7513.27,1148.51,2024-07-30,Paid
TXN_LOAN0057_12,LOAN0057,CUST0155,8661.78,7590.0,1071.78,2024-08-30,Paid
TXN_LOAN0057_13,LOAN0057,CUST0155,8661.78,7667.51,994.27,2024-09-30,Paid
TXN_LOAN0057_14,LOAN0057,CUST0155,8661.78,7745.82,915.96,2024-10-30,Paid
TXN_LOAN0057_15,LOAN0057,CUST0155,8661.78,7824.92,836.86,2024-11-30,Missed
TXN_LOAN0057_16,LOAN0057,CUST0155,8661.78,7904.83,756.95,2024-12-30,Paid
TXN_LOAN0057_17,LOAN0057,CUST0155,8661.78,7985.56,676.22,2025-01-30,Paid
TXN_LOAN0057_18,LOAN0057,CUST0155,8661.78,8067.11,594.67,2025-02-28,Paid
TXN_LOAN0057_19,LOAN0057,CUST0155,8661.78,8149.5,512.28,2025-03-30,Paid
TXN_LOAN0057_20,LOAN0057,CUST0155,8661.78,8232.72,429.06,2025-04-30,Paid
TXN_LOAN0057_21,LOAN0057,CUST0155,8661.78,8316.8,344.98,2025-05-30,Paid
TXN_LOAN0057_22,LOAN0057,CUST0155,8661.78,8401.74,260.04,2025-06-30,Paid
TXN_LOAN0057_23,LOAN0057,CUST0155,8661.78,8487.54,174.24,2025-07-30,Paid
TXN_LOAN0057_24,LOAN0057,CUST0155,8661.78,8574.2,87.58,2025-08-30,Paid
TXN_LOAN0058_1,LOAN0058,CUST0095,4866.94,3874.3,992.64,2023-12-10,Paid
TXN_LOAN0058_2,LOAN0058,CUST0095,4866.94,3911.3,955.64,2024-01-10,Paid
TXN_LOAN0058_3,LOAN0058,CUST0095,4866.94,3948.65,918.29,2024-02-10,Paid
TXN_LOAN0058_4,LOAN0058,CUST0095,4866.94,3986.36,880.58,2024-03-10,Missed
TXN_LOAN0058_5,LOAN0058,CUST0095,4866.94,4024.43,842.51,2024-04-10,Paid
TXN_LOAN0058_6,LOAN0058,CUST0095,4866.94,4062.86,804.08,2024-05-10,Missed
TXN_LOAN0058_7,LOAN0058,CUST0095,4866.94,4101.66,765.28,2024-06-10,Missed
TXN_LOAN0058_8,LOAN0058,CUST0095,4866.94,4140.82,726.12,2024-07-10,Paid
TXN_LOAN0058_9,LOAN0058,CUST0095,4866.94,4180.37,686.57,2024-08-10,Paid
TXN_LOAN0058_10,LOAN0058,CUST0095,4866.94,4220.29,646.65,2024-09-10,Paid
TXN_LOAN0058_11,LOAN0058,CUST0095,4866.94,4260.59,606.35,2024-10-10,Paid
TXN_LOAN0058_12,LOAN0058,CUST0095,4866.94,4301.27,565.67,2024-11-10,Paid
TXN_LOAN0058_13,LOAN0058,CUST0095,4866.94,4342.35,524.59,2024-12-10,Paid
TXN_LOAN0058_14,LOAN0058,CUST0095,4866.94,4383.82,483.12,2025-01-10,Paid
TXN_LOAN0058_15,LOAN0058,CUST0095,4866.94,4425.68,441.26,2025-02-10,Paid
TXN_LOAN0058_16,LOAN0058,CUST0095,4866.94,4467.94,399.0,2025-03-10,Missed
TXN_LOAN0058_17,LOAN0058,CUST0095,4866.94,4510.61,356.33,2025-04-10,Paid
TXN_LOAN0058_18,LOAN0058,CUST0095,4866.94,4553.68,313.26,2025-05-10,Paid
TXN_LOAN0058_19,LOAN0058,CUST0095,4866.94,4597.17,269.77,2025-06-10,Paid
TXN_LOAN0058_20,LOAN0058,CUST0095,4866.94,4641.07,225.87,2025-07-10,Missed
TXN_LOAN0058_21,LOAN0058,CUST0095,4866.94,4685.39,181.55,2025-08-10,Paid
TXN_LOAN0058_22,LOAN0058,CUST0095,4866.94,4730.13,136.81,2025-09-10,Paid
TXN_LOAN0058_23,LOAN0058,CUST0095,4866.94,4775.3,91.64,2025-10-10,Paid
TXN_LOAN0058_24,LOAN0058,CUST0095,4866.94,4820.96,45.98,2025-11-10,Paid
TXN_LOAN0059_1,LOAN0059,CUST0115,64573.92,57470.65,7103.27,2023-09-20,Paid
TXN_LOAN0059_2,LOAN0059,CUST0115,64573.92,58031.49,6542.43,2023-10-20,Missed
TXN_LOAN0059_3,LOAN0059,CUST0115,64573.92,58597.8,5976.12,2023-11-20,Paid
TXN_LOAN0059_4,LOAN0059,CUST0115,64573.92,59169.63,5404.29,2023-12-20,Paid
TXN_LOAN0059_5,LOAN0059,CUST0115,64573.92,59747.05,4826.87,2024-01-20,Paid
TXN_LOAN0059_6,LOAN0059,CUST0115,64573.92,60330.1,4243.82,2024-02-20,Paid
TXN_LOAN0059_7,LOAN0059,CUST0115,64573.92,60918.84,3655.08,2024-03-20,Paid
TXN_LOAN0059_8,LOAN0059,CUST0115,64573.92,61513.33,3060.59,2024-04-20,Paid
TXN_LOAN0059_9,LOAN0059,CUST0115,64573.92,62113.62,2460.3,2024-05-20,Paid
TXN_LOAN0059_10,LOAN0059,CUST0115,64573.92,62719.76,1854.16,2024-06-20,Paid
TXN_LOAN0059_11,LOAN0059,CUST0115,64573.92,63331.82,1242.1,2024-07-20,Paid
TXN_LOAN0059_12,LOAN0059,CUST0115,64573.92,63949.91,624.01,2024-08-20,Paid
TXN_LOAN0060_1,LOAN0060,CUST0164,8831.05,5185.85,3645.2,2023-11-04,Paid
TXN_LOAN0060_2,LOAN0060,CUST0164,8831.05,5263.11,3567.94,2023-12-04,Paid
TXN_LOAN0060_3,LOAN0060,CUST0164,8831.05,5341.51,3489.54,2024-01-04,Paid
TXN_LOAN0060_4,LOAN0060,CUST0164,8831.05,5421.09,3409.96,2024-02-04,Missed
TXN_LOAN0060_5,LOAN0060,CUST0164,8831.05,5501.84,3329.21,2024-03-04,Paid
TXN_LOAN0060_6,LOAN0060,CUST0164,8831.05,5583.81,3247.24,2024-04-04,Paid
TXN_LOAN0060_7,LOAN0060,CUST0164,8831.05,5666.99,3164.06,2024-05-04,Paid
TXN_LOAN0060_8,LOAN0060,CUST0164,8831.05,5751.41,3079.64,2024-06-04,Paid
TXN_LOAN0060_9,LOAN0060,CUST0164,8831.05,5837.09,2993.96,2024-07-04,Paid
TXN_LOAN0060_10,LOAN0060,CUST0164,8831.05,5924.04,2907.01,2024-08-04,Paid
TXN_LOAN0060_11,LOAN0060,CUST0164,8831.05,6012.3,2818.75,2024-09-04,Paid
TXN_LOAN0060_12,LOAN0060,CUST0164,8831.05,6101.86,2729.19,2024-10-04,Missed
TXN_LOAN0060_13,LOAN0060,CUST0164,8831.05,6192.76,2638.29,2024-11-04,Paid
TXN_LOAN0060_14,LOAN0060,CUST0164,8831.05,6285.01,2546.04,2024-12-04,Paid
TXN_LOAN0060_15,LOAN0060,CUST0164,8831.05,6378.64,2452.41,2025-01-04,Paid
TXN_LOAN0060_16,LOAN0060,CUST0164,8831.05,6473.67,2357.38,2025-02-04,Paid
TXN_LOAN0060_17,LOAN0060,CUST0164,8831.05,6570.11,2260.94,2025-03-04,Paid
TXN_LOAN0060_18,LOAN0060,CUST0164,8831.05,6667.98,2163.07,2025-04-04,Paid
TXN_LOAN0060_19,LOAN0060,CUST0164,8831.05,6767.31,2063.74,2025-05-04,Paid
TXN_LOAN0060_20,LOAN0060,CUST0164,8831.05,6868.13,1962.92,2025-06-04,Paid
TXN_LOAN0060_21,LOAN0060,CUST0164,8831.05,6970.44,1860.61,2025-07-04,Paid
TXN_LOAN0060_22,LOAN0060,CUST0164,8831.05,7074.28,1756.77,2025-08-04,Paid
TXN_LOAN0060_23,LOAN0060,CUST0164,8831.05,7179.67,1651.38,2025-09-04,Paid
TXN_LOAN0060_24,LOAN0060,CUST0164,8831.05,7286.62,1544.43,2025-10-04,Paid
TXN_LOAN0060_25,LOAN0060,CUST0164,8831.05,7395.17,1435.88,2025-11-04,Paid
TXN_LOAN0060_26,LOAN0060,CUST0164,8831.05,7505.34,1325.71,2025-12-04,Paid
TXN_LOAN0060_27,LOAN0060,CUST0164,8831.05,7617.15,1213.9,2026-01-04,Paid
TXN_LOAN0060_28,LOAN0060,CUST0164,8831.05,7730.62,1100.43,2026-02-04,Paid
TXN_LOAN0060_29,LOAN0060,CUST0164,8831.05,7845.78,985.27,2026-03-04,Missed
TXN_LOAN0060_30,LOAN0060,CUST0164,8831.05,7962.66,868.39,2026-04-04,Paid
TXN_LOAN0060_31,LOAN0060,CUST0164,8831.05,8081.28,749.77,2026-05-04,Paid
TXN_LOAN0060_32,LOAN0060,CUST0164,8831.05,8201.67,629.38,2026-06-04,Paid
TXN_LOAN0060_33,LOAN0060,CUST0164,8831.05,8323.85,507.2,2026-07-04,Paid
TXN_LOAN0060_34,LOAN0060,CUST0164,8831.05,8447.85,383.2,2026-08-04,Paid
TXN_LOAN0060_35,LOAN0060,CUST0164,8831.05,8573.7,257.35,2026-09-04,Paid
TXN_LOAN0060_36,LOAN0060,CUST0164,8831.05,8701.41,129.64,2026-10-04,Paid
TXN_LOAN0061_1,LOAN0061,CUST0036,4489.91,3797.7,692.21,2023-11-11,Paid
TXN_LOAN0061_2,LOAN0061,CUST0036,4489.91,3824.29,665.62,2023-12-11,Paid
TXN_LOAN0061_3,LOAN0061,CUST0036,4489.91,3851.06,638.85,2024-01-11,Paid
TXN_LOAN0061_4,LOAN0061,CUST0036,4489.91,3878.02,611.89,2024-02-11,Paid
TXN_LOAN0061_5,LOAN0061,CUST0036,4489.91,3905.17,584.74,2024-03-11,Paid
TXN_LOAN0061_6,LOAN0061,CUST0036,4489.91,3932.51,557.4,2024-04-11,Paid
TXN_LOAN0061_7,LOAN0061,CUST0036,4489.91,3960.04,529.87,2024-05-11,Paid
TXN_LOAN0061_8,LOAN0061,CUST0036,4489.91,3987.77,502.14,2024-06-11,Paid
TXN_LOAN0061_9,LOAN0061,CUST0036,4489.91,4015.69,474.22,2024-07-11,Paid
TXN_LOAN0061_10,LOAN0061,CUST0036,4489.91,4043.8,446.11,2024-08-11,Paid
TXN_LOAN0061_11,LOAN0061,CUST0036,4489.91,4072.11,417.8,2024-09-11,Paid
TXN_LOAN0061_12,LOAN0061,CUST0036,4489.91,4100.62,389.29,2024-10-11,Paid
TXN_LOAN0061_13,LOAN0061,CUST0036,4489.91,4129.33,360.58,2024-11-11,Paid
TXN_LOAN0061_14,LOAN0061,CUST0036,4489.91,4158.24,331.67,2024-12-11,Paid
TXN_LOAN0061_15,LOAN0061,CUST0036,4489.91,4187.35,302.56,2025-01-11,Paid
TXN_LOAN0061_16,LOAN0061,CUST0036,4489.91,4216.66,273.25,2025-02-11,Paid
TXN_LOAN0061_17,LOAN0061,CUST0036,4489.91,4246.18,243.73,2025-03-11,Paid
TXN_LOAN0061_18,LOAN0061,CUST0036,4489.91,4275.91,214.0,2025-04-11,Paid
TXN_LOAN0061_19,LOAN0061,CUST0036,4489.91,4305.85,184.06,2025-05-11,Paid
TXN_LOAN0061_20,LOAN0061,CUST0036,4489.91,4335.99,153.92,2025-06-11,Paid
TXN_LOAN0061_21,LOAN0061,CUST0036,4489.91,4366.35,123.56,2025-07-11,Paid
TXN_LOAN0061_22,LOAN0061,CUST0036,4489.91,4396.91,93.0,2025-08-11,Paid
TXN_LOAN0061_23,LOAN0061,CUST0036,4489.91,4427.7,62.21,2025-09-11,Paid
TXN_LOAN0061_24,LOAN0061,CUST0036,4489.91,4458.75,31.16,2025-10-11,Missed
TXN_LOAN0062_1,LOAN0062,CUST0026,22144.91,13476.4,8668.51,2023-08-22,Paid
TXN_LOAN0062_2,LOAN0062,CUST0026,22144.91,13663.61,8481.3,2023-09-22,Paid
TXN_LOAN0062_3,LOAN0062,CUST0026,22144.91,13853.43,8291.48,2023-10-22,Paid
TXN_LOAN0062_4,LOAN0062,CUST0026,22144.91,14045.88,8099.03,2023-11-22,Paid
TXN_LOAN0062_5,LOAN0062,CUST0026,22144.91,14241.0,7903.91,2023-12-22,Paid
TXN_LOAN0062_6,LOAN0062,CUST0026,22144.91,14438.84,7706.07,2024-01-22,Paid
TXN_LOAN0062_7,LOAN0062,CUST0026,22144.91,14639.42,7505.49,2024-02-22,Paid
TXN_LOAN0062_8,LOAN0062,CUST0026,22144.91,14842.79,7302.12,2024-03-22,Paid
TXN_LOAN0062_9,LOAN0062,CUST0026,22144.91,15048.99,7095.92,2024-04-22,Paid
TXN_LOAN0062_10,LOAN0062,CUST0026,22144.91,15258.05,6886.86,2024-05-22,Paid
TXN_LOAN0062_11,LOAN0062,CUST0026,22144.91,15470.01,6674.9,2024-06-22,Paid
TXN_LOAN0062_12,LOAN0062,CUST0026,22144.91,15684.92,6459.99,2024-07-22,Paid
TXN_LOAN0062_13,LOAN0062,CUST0026,22144.91,15902.81,6242.1,2024-08-22,Paid
TXN_LOAN0062_14,LOAN0062,CUST0026,22144.91,16123.73,6021.18,2024-09-22,Paid
TXN_LOAN0062_15,LOAN0062,CUST0026,22144.91,16347.72,5797.19,2024-10-22,Missed
TXN_LOAN0062_16,LOAN0062,CUST0026,22144.91,16574.82,5570.09,2024-11-22,Paid
TXN_LOAN0062_17,LOAN0062,CUST0026,22144.91,16805.08,5339.83,2024-12-22,Paid
TXN_LOAN0062_18,LOAN0062,CUST0026,22144.91,17038.54,5106.37,2025-01-22,Paid
TXN_LOAN0062_19,LOAN0062,CUST0026,22144.91,17275.23,4869.68,2025-02-22,Paid
TXN_LOAN0062_20,LOAN0062,CUST0026,22144.91,17515.22,4629.69,2025-03-22,Paid
TXN_LOAN0062_21,LOAN0062,CUST0026,22144.91,17758.54,4386.37,2025-04-22,Paid
TXN_LOAN0062_22,LOAN0062,CUST0026,22144.91,18005.24,4139.67,2025-05-22,Paid
TXN_LOAN0062_23,LOAN0062,CUST0026,22144.91,18255.37,3889.54,2025-06-22,Paid
TXN_LOAN0062_24,LOAN0062,CUST0026,22144.91,18508.97,3635.94,2025-07-22,Paid
TXN_LOAN0062_25,LOAN0062,CUST0026,22144.91,18766.1,3378.81,2025-08-22,Paid
TXN_LOAN0062_26,LOAN0062,CUST0026,22144.91,19026.79,3118.12,2025-09-22,Paid
TXN_LOAN0062_27,LOAN0062,CUST0026,22144.91,19291.11,2853.8,2025-10-22,Paid
TXN_LOAN0062_28,LOAN0062,CUST0026,22144.91,19559.1,2585.81,2025-11-22,Paid
TXN_LOAN0062_29,LOAN0062,CUST0026,22144.91,19830.82,2314.09,2025-12-22,Missed
TXN_LOAN0062_30,LOAN0062,CUST0026,22144.91,20106.3,2038.61,2026-01-22,Paid
TXN_LOAN0062_31,LOAN0062,CUST0026,22144.91,20385.62,1759.29,2026-02-22,Paid
TXN_LOAN0062_32,LOAN0062,CUST0026,22144.91,20668.82,1476.09,2026-03-22,Paid
TXN_LOAN0062_33,LOAN0062,CUST0026,22144.91,20955.95,1188.96,2026-04-22,Paid
TXN_LOAN0062_34,LOAN0062,CUST0026,22144.91,21247.06,897.85,2026-05-22,Paid
TXN_LOAN0062_35,LOAN0062,CUST0026,22144.91,21542.23,602.68,2026-06-22,Missed
TXN_LOAN0062_36,LOAN0062,CUST0026,22144.91,21841.49,303.42,2026-07-22,Paid
TXN_LOAN0063_1,LOAN0063,CUST0043,5967.61,4536.63,1430.98,2023-10-04,Paid
TXN_LOAN0063_2,LOAN0063,CUST0043,5967.61,4588.75,1378.86,2023-11-04,Paid
TXN_LOAN0063_3,LOAN0063,CUST0043,5967.61,4641.47,1326.14,2023-12-04,Paid
TXN_LOAN0063_4,LOAN0063,CUST0043,5967.61,4694.79,1272.82,2024-01-04,Paid
TXN_LOAN0063_5,LOAN0063,CUST0043,5967.61,4748.73,1218.88,2024-02-04,Paid
TXN_LOAN0063_6,LOAN0063,CUST0043,5967.61,4803.29,1164.32,2024-03-04,Paid
TXN_LOAN0063_7,LOAN0063,CUST0043,5967.61,4858.47,1109.14,2024-04-04,Paid
TXN_LOAN0063_8,LOAN0063,CUST0043,5967.61,4914.29,1053.32,2024-05-04,Paid
TXN_LOAN0063_9,LOAN0063,CUST0043,5967.61,4970.75,996.86,2024-06-04,Paid
TXN_LOAN0063_10,LOAN0063,CUST0043,5967.61,5027.86,939.75,2024-07-04,Missed
TXN_LOAN0063_11,LOAN0063,CUST0043,5967.61,5085.63,881.98,2024-08-04,Paid
TXN_LOAN0063_12,LOAN0063,CUST0043,5967.61,5144.05,823.56,2024-09-04,Paid
TXN_LOAN0063_13,LOAN0063,CUST0043,5967.61,5203.15,764.46,2024-10-04,Paid
TXN_LOAN0063_14,LOAN0063,CUST0043,5967.61,5262.93,704.68,2024-11-04,Paid
TXN_LOAN0063_15,LOAN0063,CUST0043,5967.61,5323.4,644.21,2024-12-04,Missed
TXN_LOAN0063_16,LOAN0063,CUST0043,5967.61,5384.56,583.05,2025-01-04,Paid
TXN_LOAN0063_17,LOAN0063,CUST0043,5967.61,5446.42,521.19,2025-02-04,Paid
TXN_LOAN0063_18,LOAN0063,CUST0043,5967.61,5509.0,458.61,2025-03-04,Paid
TXN_LOAN0063_19,LOAN0063,CUST0043,5967.61,5572.29,395.32,2025-04-04,Paid
TXN_LOAN0063_20,LOAN0063,CUST0043,5967.61,5636.31,331.3,2025-05-04,Paid
TXN_LOAN0063_21,LOAN0063,CUST0043,5967.61,5701.06,266.55,2025-06-04,Paid
TXN_LOAN0063_22,LOAN0063,CUST0043,5967.61,5766.56,201.05,2025-07-04,Paid
TXN_LOAN0063_23,LOAN0063,CUST0043,5967.61,5832.81,134.8,2025-08-04,Paid
TXN_LOAN0063_24,LOAN0063,CUST0043,5967.61,5899.8,67.81,2025-09-04,Paid
TXN_LOAN0064_1,LOAN0064,CUST0027,17045.06,10411.94,6633.12,2023-11-17,Missed
TXN_LOAN0064_2,LOAN0064,CUST0027,17045.06,10519.41,6525.65,2023-12-17,Paid
TXN_LOAN0064_3,LOAN0064,CUST0027,17045.06,10627.99,6417.07,2024-01-17,Paid
TXN_LOAN0064_4,LOAN0064,CUST0027,17045.06,10737.69,6307.37,2024-02-17,Paid
TXN_LOAN0064_5,LOAN0064,CUST0027,17045.06,10848.53,6196.53,2024-03-17,Paid
TXN_LOAN0064_6,LOAN0064,CUST0027,17045.06,10960.5,6084.56,2024-04-17,Paid
TXN_LOAN0064_7,LOAN0064,CUST0027,17045.06,11073.63,5971.43,2024-05-17,Paid
TXN_LOAN0064_8,LOAN0064,CUST0027,17045.06,11187.93,5857.13,2024-06-17,Missed
TXN_LOAN0064_9,LOAN0064,CUST0027,17045.06,11303.41,5741.65,2024-07-17,Paid
TXN_LOAN0064_10,LOAN0064,CUST0027,17045.06,11420.08,5624.98,2024-08-17,Paid
TXN_LOAN0064_11,LOAN0064,CUST0027,17045.06,11537.96,5507.1,2024-09-17,Paid
TXN_LOAN0064_12,LOAN0064,CUST0027,17045.06,11657.05,5388.01,2024-10-17,Paid
TXN_LOAN0064_13,LOAN0064,CUST0027,17045.06,11777.37,5267.69,2024-11-17,Paid
TXN_LOAN0064_14,LOAN0064,CUST0027,17045.06,11898.94,5146.12,2024-12-17,Paid
TXN_LOAN0064_15,LOAN0064,CUST0027,17045.06,12021.76,5023.3,2025-01-17,Paid
TXN_LOAN0064_16,LOAN0064,CUST0027,17045.06,12145.84,4899.22,2025-02-17,Paid
TXN_LOAN0064_17,LOAN0064,CUST0027,17045.06,12271.21,4773.85,2025-03-17,Paid
TXN_LOAN0064_18,LOAN0064,CUST0027,17045.06,12397.87,4647.19,2025-04-17,Paid
TXN_LOAN0064_19,LOAN0064,CUST0027,17045.06,12525.84,4519.22,2025-05-17,Paid
TXN_LOAN0064_20,LOAN0064,CUST0027,17045.06,12655.13,4389.93,2025-06-17,Paid
TXN_LOAN0064_21,LOAN0064,CUST0027,17045.06,12785.75,4259.31,2025-07-17,Paid
TXN_LOAN0064_22,LOAN0064,CUST0027,17045.06,12917.72,4127.34,2025-08-17,Paid
TXN_LOAN0064_23,LOAN0064,CUST0027,17045.06,13051.06,3994.0,2025-09-17,Paid
TXN_LOAN0064_24,LOAN0064,CUST0027,17045.06,13185.77,3859.29,2025-10-17,Paid
TXN_LOAN0064_25,LOAN0064,CUST0027,17045.06,13321.87,3723.19,2025-11-17,Paid
TXN_LOAN0064_26,LOAN0064,CUST0027,17045.06,13459.37,3585.69,2025-12-17,Missed
TXN_LOAN0064_27,LOAN0064,CUST0027,17045.06,13598.3,3446.76,2026-01-17,Paid
TXN_LOAN0064_28,LOAN0064,CUST0027,17045.06,13738.66,3306.4,2026-02-17,Paid
TXN_LOAN0064_29,LOAN0064,CUST0027,17045.06,13880.47,3164.59,2026-03-17,Paid
TXN_LOAN0064_30,LOAN0064,CUST0027,17045.06,14023.74,3021.32,2026-04-17,Paid
TXN_LOAN0064_31,LOAN0064,CUST0027,17045.06,14168.49,2876.57,2026-05-17,Paid
TXN_LOAN0064_32,LOAN0064,CUST0027,17045.06,14314.73,2730.33,2026-06-17,Paid
TXN_LOAN0064_33,LOAN0064,CUST0027,17045.06,14462.49,2582.57,2026-07-17,Paid
TXN_LOAN0064_34,LOAN0064,CUST0027,17045.06,14611.76,2433.3,2026-08-17,Paid
TXN_LOAN0064_35,LOAN0064,CUST0027,17045.06,14762.58,2282.48,2026-09-17,Missed
TXN_LOAN0064_36,LOAN0064,CUST0027,17045.06,14914.96,2130.1,2026-10-17,Paid
TXN_LOAN0064_37,LOAN0064,CUST0027,17045.06,15068.91,1976.15,2026-11-17,Paid
TXN_LOAN0064_38,LOAN0064,CUST0027,17045.06,15224.45,1820.61,2026-12-17,Paid
TXN_LOAN0064_39,LOAN0064,CUST0027,17045.06,15381.59,1663.47,2027-01-17,Paid
TXN_LOAN0064_40,LOAN0064,CUST0027,17045.06,15540.36,1504.7,2027-02-17,Paid
TXN_LOAN0064_41,LOAN0064,CUST0027,17045.06,15700.76,1344.3,2027-03-17,Paid
TXN_LOAN0064_42,LOAN0064,CUST0027,17045.06,15862.82,1182.24,2027-04-17,Paid
TXN_LOAN0064_43,LOAN0064,CUST0027,17045.06,16026.55,1018.51,2027-05-17,Paid
TXN_LOAN0064_44,LOAN0064,CUST0027,17045.06,16191.98,853.08,2027-06-17,Paid
TXN_LOAN0064_45,LOAN0064,CUST0027,17045.06,16359.11,685.95,2027-07-17,Paid
TXN_LOAN0064_46,LOAN0064,CUST0027,17045.06,16527.96,517.1,2027-08-17,Paid
TXN_LOAN0064_47,LOAN0064,CUST0027,17045.06,16698.56,346.5,2027-09-17,Paid
TXN_LOAN0064_48,LOAN0064,CUST0027,17045.06,16871.15,173.91,2027-10-17,Paid
TXN_LOAN0065_1,LOAN0065,CUST0069,24759.61,13503.59,11256.02,2023-10-21,Paid
TXN_LOAN0065_2,LOAN0065,CUST0069,24759.61,13675.23,11084.38,2023-11-21,Paid
TXN_LOAN0065_3,LOAN0065,CUST0069,24759.61,13849.05,10910.56,2023-12-21,Paid
TXN_LOAN0065_4,LOAN0065,CUST0069,24759.61,14025.07,10734.54,2024-01-21,Paid
TXN_LOAN0065_5,LOAN0065,CUST0069,24759.61,14203.34,10556.27,2024-02-21,Missed
TXN_LOAN0065_6,LOAN0065,CUST0069,24759.61,14383.87,10375.74,2024-03-21,Paid
TXN_LOAN0065_7,LOAN0065,CUST0069,24759.61,14566.7,10192.91,2024-04-21,Paid
TXN_LOAN0065_8,LOAN0065,CUST0069,24759.61,14751.85,10007.76,2024-05-21,Paid
TXN_LOAN0065_9,LOAN0065,CUST0069,24759.61,14939.35,9820.26,2024-06-21,Paid
TXN_LOAN0065_10,LOAN0065,CUST0069,24759.61,15129.24,9630.37,2024-07-21,Paid
TXN_LOAN0065_11,LOAN0065,CUST0069,24759.61,15321.54,9438.07,2024-08-21,Paid
TXN_LOAN0065_12,LOAN0065,CUST0069,24759.61,15516.28,9243.33,2024-09-21,Paid
TXN_LOAN0065_13,LOAN0065,CUST0069,24759.61,15713.5,9046.11,2024-10-21,Paid
TXN_LOAN0065_14,LOAN0065,CUST0069,24759.61,15913.23,8846.38,2024-11-21,Paid
TXN_LOAN0065_15,LOAN0065,CUST0069,24759.61,16115.49,8644.12,2024-12-21,Missed
TXN_LOAN0065_16,LOAN0065,CUST0069,24759.61,16320.33,8439.28,2025-01-21,Paid
TXN_LOAN0065_17,LOAN0065,CUST0069,24759.61,16527.76,8231.85,2025-02-21,Paid
TXN_LOAN0065_18,LOAN0065,CUST0069,24759.61,16737.84,8021.77,2025-03-21,Paid
TXN_LOAN0065_19,LOAN0065,CUST0069,24759.61,16950.59,7809.02,2025-04-21,Paid
TXN_LOAN0065_20,LOAN0065,CUST0069,24759.61,17166.04,7593.57,2025-05-21,Paid
TXN_LOAN0065_21,LOAN0065,CUST0069,24759.61,17384.23,7375.38,2025-06-21,Paid
TXN_LOAN0065_22,LOAN0065,CUST0069,24759.61,17605.19,7154.42,2025-07-21,Paid
TXN_LOAN0065_23,LOAN0065,CUST0069,24759.61,17828.96,6930.65,2025-08-21,Paid
TXN_LOAN0065_24,LOAN0065,CUST0069,24759.61,18055.57,6704.04,2025-09-21,Paid
TXN_LOAN0065_25,LOAN0065,CUST0069,24759.61,18285.07,6474.54,2025-10-21,Paid
TXN_LOAN0065_26,LOAN0065,CUST0069,24759.61,18517.48,6242.13,2025-11-21,Paid
TXN_LOAN0065_27,LOAN0065,CUST0069,24759.61,18752.85,6006.76,2025-12-21,Paid
TXN_LOAN0065_28,LOAN0065,CUST0069,24759.61,18991.2,5768.41,2026-01-21,Paid
TXN_LOAN0065_29,LOAN0065,CUST0069,24759.61,19232.59,5527.02,2026-02-21,Paid
TXN_LOAN0065_30,LOAN0065,CUST0069,24759.61,19477.05,5282.56,2026-03-21,Paid
TXN_LOAN0065_31,LOAN0065,CUST0069,24759.61,19724.61,5035.0,2026-04-21,Missed
TXN_LOAN0065_32,LOAN0065,CUST0069,24759.61,19975.32,4784.29,2026-05-21,Paid
TXN_LOAN0065_33,LOAN0065,CUST0069,24759.61,20229.21,4530.4,2026-06-21,Paid
TXN_LOAN0065_34,LOAN0065,CUST0069,24759.61,20486.34,4273.27,2026-07-21,Paid
TXN_LOAN0065_35,LOAN0065,CUST0069,24759.61,20746.73,4012.88,2026-08-21,Paid
TXN_LOAN0065_36,LOAN0065,CUST0069,24759.61,21010.43,3749.18,2026-09-21,Paid
TXN_LOAN0065_37,LOAN0065,CUST0069,24759.61,21277.48,3482.13,2026-10-21,Missed
TXN_LOAN0065_38,LOAN0065,CUST0069,24759.61,21547.93,3211.68,2026-11-21,Paid
TXN_LOAN0065_39,LOAN0065,CUST0069,24759.61,21821.81,2937.8,2026-12-21,Paid
TXN_LOAN0065_40,LOAN0065,CUST0069,24759.61,22099.18,2660.43,2027-01-21,Paid
TXN_LOAN0065_41,LOAN0065,CUST0069,24759.61,22380.07,2379.54,2027-02-21,Paid
TXN_LOAN0065_42,LOAN0065,CUST0069,24759.61,22664.53,2095.08,2027-03-21,Paid
TXN_LOAN0065_43,LOAN0065,CUST0069,24759.61,22952.61,1807.0,2027-04-21,Missed
TXN_LOAN0065_44,LOAN0065,CUST0069,24759.61,23244.35,1515.26,2027-05-21,Paid
TXN_LOAN0065_45,LOAN0065,CUST0069,24759.61,23539.79,1219.82,2027-06-21,Paid
TXN_LOAN0065_46,LOAN0065,CUST0069,24759.61,23839.0,920.61,2027-07-21,Paid
TXN_LOAN0065_47,LOAN0065,CUST0069,24759.61,24142.0,617.61,2027-08-21,Paid
TXN_LOAN0065_48,LOAN0065,CUST0069,24759.61,24448.53,311.08,2027-09-21,Paid
TXN_LOAN0066_1,LOAN0066,CUST0148,36068.17,27922.89,8145.28,2023-09-02,Paid
TXN_LOAN0066_2,LOAN0066,CUST0148,36068.17,28222.29,7845.88,2023-10-02,Paid
TXN_LOAN0066_3,LOAN0066,CUST0148,36068.17,28524.89,7543.28,2023-11-02,Paid
TXN_LOAN0066_4,LOAN0066,CUST0148,36068.17,28830.74,7237.43,2023-12-02,Paid
TXN_LOAN0066_5,LOAN0066,CUST0148,36068.17,29139.87,6928.3,2024-01-02,Paid
TXN_LOAN0066_6,LOAN0066,CUST0148,36068.17,29452.32,6615.85,2024-02-02,Paid
TXN_LOAN0066_7,LOAN0066,CUST0148,36068.17,29768.11,6300.06,2024-03-02,Paid
TXN_LOAN0066_8,LOAN0066,CUST0148,36068.17,30087.29,5980.88,2024-04-02,Paid
TXN_LOAN0066_9,LOAN0066,CUST0148,36068.17,30409.9,5658.27,2024-05-02,Paid
TXN_LOAN0066_10,LOAN0066,CUST0148,36068.17,30735.96,5332.21,2024-06-02,Paid
TXN_LOAN0066_11,LOAN0066,CUST0148,36068.17,31065.52,5002.65,2024-07-02,Paid
TXN_LOAN0066_12,LOAN0066,CUST0148,36068.17,31398.61,4669.56,2024-08-02,Paid
TXN_LOAN0066_13,LOAN0066,CUST0148,36068.17,31735.27,4332.9,2024-09-02,Paid
TXN_LOAN0066_14,LOAN0066,CUST0148,36068.17,32075.55,3992.62,2024-10-02,Paid
TXN_LOAN0066_15,LOAN0066,CUST0148,36068.17,32419.47,3648.7,2024-11-02,Paid
TXN_LOAN0066_16,LOAN0066,CUST0148,36068.17,32767.08,3301.09,2024-12-02,Paid
TXN_LOAN0066_17,LOAN0066,CUST0148,36068.17,33118.41,2949.76,2025-01-02,Paid
TXN_LOAN0066_18,LOAN0066,CUST0148,36068.17,33473.52,2594.65,2025-02-02,Paid
TXN_LOAN0066_19,LOAN0066,CUST0148,36068.17,33832.43,2235.74,2025-03-02,Paid
TXN_LOAN0066_20,LOAN0066,CUST0148,36068.17,34195.19,1872.98,2025-04-02,Paid
TXN_LOAN0066_21,LOAN0066,CUST0148,36068.17,34561.84,1506.33,2025-05-02,Paid
TXN_LOAN0066_22,LOAN0066,CUST0148,36068.17,34932.42,1135.75,2025-06-02,Paid
TXN_LOAN0066_23,LOAN0066,CUST0148,36068.17,35306.97,761.2,2025-07-02,Paid
TXN_LOAN0066_24,LOAN0066,CUST0148,36068.17,35685.46,382.71,2025-08-02,Paid
TXN_LOAN0067_1,LOAN0067,CUST0011,17860.3,9187.42,8672.88,2023-08-19,Paid
TXN_LOAN0067_2,LOAN0067,CUST0011,17860.3,9315.54,8544.76,2023-09-19,Paid
TXN_LOAN0067_3,LOAN0067,CUST0011,17860.3,9445.45,8414.85,2023-10-19,Paid
TXN_LOAN0067_4,LOAN0067,CUST0011,17860.3,9577.17,8283.13,2023-11-19,Paid
TXN_LOAN0067_5,LOAN0067,CUST0011,17860.3,9710.72,8149.58,2023-12-19,Paid
TXN_LOAN0067_6,LOAN0067,CUST0011,17860.3,9846.14,8014.16,2024-01-19,Paid
TXN_LOAN0067_7,LOAN0067,CUST0011,17860.3,9983.45,7876.85,2024-02-19,Paid
TXN_LOAN0067_8,LOAN0067,CUST0011,17860.3,10122.67,7737.63,2024-03-19,Paid
TXN_LOAN0067_9,LOAN0067,CUST0011,17860.3,10263.83,7596.47,2024-04-19,Paid
TXN_LOAN0067_10,LOAN0067,CUST0011,17860.3,10406.96,7453.34,2024-05-19,Missed
TXN_LOAN0067_11,LOAN0067,CUST0011,17860.3,10552.09,7308.21,2024-06-19,Paid
TXN_LOAN0067_12,LOAN0067,CUST0011,17860.3,10699.24,7161.06,2024-07-19,Paid
TXN_LOAN0067_13,LOAN0067,CUST0011,17860.3,10848.44,7011.86,2024-08-19,Paid
TXN_LOAN0067_14,LOAN0067,CUST0011,17860.3,10999.73,6860.57,2024-09-19,Paid
TXN_LOAN0067_15,LOAN0067,CUST0011,17860.3,11153.12,6707.18,2024-10-19,Paid
TXN_LOAN0067_16,LOAN0067,CUST0011,17860.3,11308.65,6551.65,2024-11-19,Paid
TXN_LOAN0067_17,LOAN0067,CUST0011,17860.3,11466.35,6393.95,2024-12-19,Paid
TXN_LOAN0067_18,LOAN0067,CUST0011,17860.3,11626.25,6234.05,2025-01-19,Paid
TXN_LOAN0067_19,LOAN0067,CUST0011,17860.3,11788.38,6071.92,2025-02-19,Paid
TXN_LOAN0067_20,LOAN0067,CUST0011,17860.3,11952.78,5907.52,2025-03-19,Paid
TXN_LOAN0067_21,LOAN0067,CUST0011,17860.3,12119.46,5740.84,2025-04-19,Paid
TXN_LOAN0067_22,LOAN0067,CUST0011,17860.3,12288.47,5571.83,2025-05-19,Missed
TXN_LOAN0067_23,LOAN0067,CUST0011,17860.3,12459.83,5400.47,2025-06-19,Paid
TXN_LOAN0067_24,LOAN0067,CUST0011,17860.3,12633.59,5226.71,2025-07-19,Paid
TXN_LOAN0067_25,LOAN0067,CUST0011,17860.3,12809.77,5050.53,2025-08-19,Paid
TXN_LOAN0067_26,LOAN0067,CUST0011,17860.3,12988.4,4871.9,2025-09-19,Paid
TXN_LOAN0067_27,LOAN0067,CUST0011,17860.3,13169.53,4690.77,2025-10-19,Paid
TXN_LOAN0067_28,LOAN0067,CUST0011,17860.3,13353.18,4507.12,2025-11-19,Paid
TXN_LOAN0067_29,LOAN0067,CUST0011,17860.3,13539.39,4320.91,2025-12-19,Paid
TXN_LOAN0067_30,LOAN0067,CUST0011,17860.3,13728.2,4132.1,2026-01-19,Paid
TXN_LOAN0067_31,LOAN0067,CUST0011,17860.3,13919.64,3940.66,2026-02-19,Paid
TXN_LOAN0067_32,LOAN0067,CUST0011,17860.3,14113.75,3746.55,2026-03-19,Paid
TXN_LOAN0067_33,LOAN0067,CUST0011,17860.3,14310.57,3549.73,2026-04-19,Paid
TXN_LOAN0067_34,LOAN0067,CUST0011,17860.3,14510.14,3350.16,2026-05-19,Paid
TXN_LOAN0067_35,LOAN0067,CUST0011,17860.3,14712.48,3147.82,2026-06-19,Paid
TXN_LOAN0067_36,LOAN0067,CUST0011,17860.3,14917.65,2942.65,2026-07-19,Paid
TXN_LOAN0067_37,LOAN0067,CUST0011,17860.3,15125.68,2734.62,2026-08-19,Paid
TXN_LOAN0067_38,LOAN0067,CUST0011,17860.3,15336.61,2523.69,2026-09-19,Paid
TXN_LOAN0067_39,LOAN0067,CUST0011,17860.3,15550.48,2309.82,2026-10-19,Missed
TXN_LOAN0067_40,LOAN0067,CUST0011,17860.3,15767.34,2092.96,2026-11-19,Paid
TXN_LOAN0067_41,LOAN0067,CUST0011,17860.3,15987.22,1873.08,2026-12-19,Paid
TXN_LOAN0067_42,LOAN0067,CUST0011,17860.3,16210.16,1650.14,2027-01-19,Paid
TXN_LOAN0067_43,LOAN0067,CUST0011,17860.3,16436.22,1424.08,2027-02-19,Paid
TXN_LOAN0067_44,LOAN0067,CUST0011,17860.3,16665.42,1194.88,2027-03-19,Paid
TXN_LOAN0067_45,LOAN0067,CUST0011,17860.3,16897.82,962.48,2027-04-19,Paid
TXN_LOAN0067_46,LOAN0067,CUST0011,17860.3,17133.47,726.83,2027-05-19,Paid
TXN_LOAN0067_47,LOAN0067,CUST0011,17860.3,17372.4,487.9,2027-06-19,Paid
TXN_LOAN0067_48,LOAN0067,CUST0011,17860.3,17614.75,245.55,2027-07-19,Paid
TXN_LOAN0068_1,LOAN0068,CUST0074,6341.35,4523.74,1817.61,2023-04-20,Missed
TXN_LOAN0068_2,LOAN0068,CUST0074,6341.35,4587.85,1753.5,2023-05-20,Paid
TXN_LOAN0068_3,LOAN0068,CUST0074,6341.35,4652.87,1688.48,2023-06-20,Paid
TXN_LOAN0068_4,LOAN0068,CUST0074,6341.35,4718.82,1622.53,2023-07-20,Paid
TXN_LOAN0068_5,LOAN0068,CUST0074,6341.35,4785.69,1555.66,2023-08-20,Paid
TXN_LOAN0068_6,LOAN0068,CUST0074,6341.35,4853.52,1487.83,2023-09-20,Paid
TXN_LOAN0068_7,LOAN0068,CUST0074,6341.35,4922.31,1419.04,2023-10-20,Paid
TXN_LOAN0068_8,LOAN0068,CUST0074,6341.35,4992.07,1349.28,2023-11-20,Paid
TXN_LOAN0068_9,LOAN0068,CUST0074,6341.35,5062.82,1278.53,2023-12-20,Paid
TXN_LOAN0068_10,LOAN0068,CUST0074,6341.35,5134.57,1206.78,2024-01-20,Paid
TXN_LOAN0068_11,LOAN0068,CUST0074,6341.35,5207.34,1134.01,2024-02-20,Paid
TXN_LOAN0068_12,LOAN0068,CUST0074,6341.35,5281.14,1060.21,2024-03-20,Paid
TXN_LOAN0068_13,LOAN0068,CUST0074,6341.35,5355.99,985.36,2024-04-20,Paid
TXN_LOAN0068_14,LOAN0068,CUST0074,6341.35,5431.9,909.45,2024-05-20,Paid
TXN_LOAN0068_15,LOAN0068,CUST0074,6341.35,5508.88,832.47,2024-06-20,Paid
TXN_LOAN0068_16,LOAN0068,CUST0074,6341.35,5586.95,754.4,2024-07-20,Paid
TXN_LOAN0068_17,LOAN0068,CUST0074,6341.35,5666.14,675.21,2024-08-20,Paid
TXN_LOAN0068_18,LOAN0068,CUST0074,6341.35,5746.44,594.91,2024-09-20,Paid
TXN_LOAN0068_19,LOAN0068,CUST0074,6341.35,5827.88,513.47,2024-10-20,Paid
TXN_LOAN0068_20,LOAN0068,CUST0074,6341.35,5910.48,430.87,2024-11-20,Paid
TXN_LOAN0068_21,LOAN0068,CUST0074,6341.35,5994.24,347.11,2024-12-20,Paid
TXN_LOAN0068_22,LOAN0068,CUST0074,6341.35,6079.2,262.15,2025-01-20,Paid
TXN_LOAN0068_23,LOAN0068,CUST0074,6341.35,6165.35,176.0,2025-02-20,Paid
TXN_LOAN0068_24,LOAN0068,CUST0074,6341.35,6252.81,88.54,2025-03-20,Paid
TXN_LOAN0069_1,LOAN0069,CUST0104,24914.91,15321.38,9593.53,2024-01-09,Paid
TXN_LOAN0069_2,LOAN0069,CUST0104,24914.91,15477.36,9437.55,2024-02-09,Paid
TXN_LOAN0069_3,LOAN0069,CUST0104,24914.91,15634.94,9279.97,2024-03-09,Paid
TXN_LOAN0069_4,LOAN0069,CUST0104,24914.91,15794.12,9120.79,2024-04-09,Missed
TXN_LOAN0069_5,LOAN0069,CUST0104,24914.91,15954.92,8959.99,2024-05-09,Paid
TXN_LOAN0069_6,LOAN0069,CUST0104,24914.91,16117.36,8797.55,2024-06-09,Paid
TXN_LOAN0069_7,LOAN0069,CUST0104,24914.91,16281.45,8633.46,2024-07-09,Paid
TXN_LOAN0069_8,LOAN0069,CUST0104,24914.91,16447.21,8467.7,2024-08-09,Missed
TXN_LOAN0069_9,LOAN0069,CUST0104,24914.91,16614.66,8300.25,2024-09-09,Paid
TXN_LOAN0069_10,LOAN0069,CUST0104,24914.91,16783.81,8131.1,2024-10-09,Paid
TXN_LOAN0069_11,LOAN0069,CUST0104,24914.91,16954.69,7960.22,2024-11-09,Paid
TXN_LOAN0069_12,LOAN0069,CUST0104,24914.91,17127.3,7787.61,2024-12-09,Paid
TXN_LOAN0069_13,LOAN0069,CUST0104,24914.91,17301.68,7613.23,2025-01-09,Paid
TXN_LOAN0069_14,LOAN0069,CUST0104,24914.91,17477.83,7437.08,2025-02-09,Paid
TXN_LOAN0069_15,LOAN0069,CUST0104,24914.91,17655.77,7259.14,2025-03-09,Paid
TXN_LOAN0069_16,LOAN0069,CUST0104,24914.91,17835.52,7079.39,2025-04-09,Missed
TXN_LOAN0069_17,LOAN0069,CUST0104,24914.91,18017.1,6897.81,2025-05-09,Paid
TXN_LOAN0069_18,LOAN0069,CUST0104,24914.91,18200.54,6714.37,2025-06-09,Paid
TXN_LOAN0069_19,LOAN0069,CUST0104,24914.91,18385.84,6529.07,2025-07-09,Paid
TXN_LOAN0069_20,LOAN0069,CUST0104,24914.91,18573.02,6341.89,2025-08-09,Paid
TXN_LOAN0069_21,LOAN0069,CUST0104,24914.91,18762.11,6152.8,2025-09-09,Paid
TXN_LOAN0069_22,LOAN0069,CUST0104,24914.91,18953.13,5961.78,2025-10-09,Paid
TXN_LOAN0069_23,LOAN0069,CUST0104,24914.91,19146.09,5768.82,2025-11-09,Paid
TXN_LOAN0069_24,LOAN0069,CUST0104,24914.91,19341.02,5573.89,2025-12-09,Paid
TXN_LOAN0069_25,LOAN0069,CUST0104,24914.91,19537.93,5376.98,2026-01-09,Paid
TXN_LOAN0069_26,LOAN0069,CUST0104,24914.91,19736.85,5178.06,2026-02-09,Missed
TXN_LOAN0069_27,LOAN0069,CUST0104,24914.91,19937.79,4977.12,2026-03-09,Paid
TXN_LOAN0069_28,LOAN0069,CUST0104,24914.91,20140.78,4774.13,2026-04-09,Paid
TXN_LOAN0069_29,LOAN0069,CUST0104,24914.91,20345.83,4569.08,2026-05-09,Paid
TXN_LOAN0069_30,LOAN0069,CUST0104,24914.91,20552.97,4361.94,2026-06-09,Paid
TXN_LOAN0069_31,LOAN0069,CUST0104,24914.91,20762.22,4152.69,2026-07-09,Paid
TXN_LOAN0069_32,LOAN0069,CUST0104,24914.91,20973.6,3941.31,2026-08-09,Paid
TXN_LOAN0069_33,LOAN0069,CUST0104,24914.91,21187.13,3727.78,2026-09-09,Paid
TXN_LOAN0069_34,LOAN0069,CUST0104,24914.91,21402.84,3512.07,2026-10-09,Paid
TXN_LOAN0069_35,LOAN0069,CUST0104,24914.91,21620.74,3294.17,2026-11-09,Paid
TXN_LOAN0069_36,LOAN0069,CUST0104,24914.91,21840.86,3074.05,2026-12-09,Paid
TXN_LOAN0069_37,LOAN0069,CUST0104,24914.91,22063.22,2851.69,2027-01-09,Paid
TXN_LOAN0069_38,LOAN0069,CUST0104,24914.91,22287.85,2627.06,2027-02-09,Paid
TXN_LOAN0069_39,LOAN0069,CUST0104,24914.91,22514.76,2400.15,2027-03-09,Paid
TXN_LOAN0069_40,LOAN0069,CUST0104,24914.91,22743.99,2170.92,2027-04-09,Paid
TXN_LOAN0069_41,LOAN0069,CUST0104,24914.91,22975.54,1939.37,2027-05-09,Paid
TXN_LOAN0069_42,LOAN0069,CUST0104,24914.91,23209.46,1705.45,2027-06-09,Paid
TXN_LOAN0069_43,LOAN0069,CUST0104,24914.91,23445.75,1469.16,2027-07-09,Paid
TXN_LOAN0069_44,LOAN0069,CUST0104,24914.91,23684.45,1230.46,2027-08-09,Paid
TXN_LOAN0069_45,LOAN0069,CUST0104,24914.91,23925.58,989.33,2027-09-09,Paid
TXN_LOAN0069_46,LOAN0069,CUST0104,24914.91,24169.17,745.74,2027-10-09,Paid
TXN_LOAN0069_47,LOAN0069,CUST0104,24914.91,24415.24,499.67,2027-11-09,Paid
TXN_LOAN0069_48,LOAN0069,CUST0104,24914.91,24663.6,251.31,2027-12-09,Paid
TXN_LOAN0070_1,LOAN0070,CUST0038,50934.49,45756.68,5177.81,2024-01-10,Paid
TXN_LOAN0070_2,LOAN0070,CUST0038,50934.49,46167.28,4767.21,2024-02-10,Paid
TXN_LOAN0070_3,LOAN0070,CUST0038,50934.49,46581.57,4352.92,2024-03-10,Paid
TXN_LOAN0070_4,LOAN0070,CUST0038,50934.49,46999.57,3934.92,2024-04-10,Paid
TXN_LOAN0070_5,LOAN0070,CUST0038,50934.49,47421.32,3513.17,2024-05-10,Paid
TXN_LOAN0070_6,LOAN0070,CUST0038,50934.49,47846.86,3087.63,2024-06-10,Paid
TXN_LOAN0070_7,LOAN0070,CUST0038,50934.49,48276.22,2658.27,2024-07-10,Missed
TXN_LOAN0070_8,LOAN0070,CUST0038,50934.49,48709.43,2225.06,2024-08-10,Paid
TXN_LOAN0070_9,LOAN0070,CUST0038,50934.49,49146.52,1787.97,2024-09-10,Paid
TXN_LOAN0070_10,LOAN0070,CUST0038,50934.49,49587.54,1346.95,2024-10-10,Missed
TXN_LOAN0070_11,LOAN0070,CUST0038,50934.49,50032.52,901.97,2024-11-10,Paid
TXN_LOAN0070_12,LOAN0070,CUST0038,50934.49,50481.49,453.0,2024-12-10,Paid
TXN_LOAN0071_1,LOAN0071,CUST0134,65361.26,56911.43,8449.83,2023-07-22,Paid
TXN_LOAN0071_2,LOAN0071,CUST0134,65361.26,57571.77,7789.49,2023-08-22,Paid
TXN_LOAN0071_3,LOAN0071,CUST0134,65361.26,58239.77,7121.49,2023-09-22,Paid
TXN_LOAN0071_4,LOAN0071,CUST0134,65361.26,58915.52,6445.74,2023-10-22,Paid
TXN_LOAN0071_5,LOAN0071,CUST0134,65361.26,59599.12,5762.14,2023-11-22,Paid
TXN_LOAN0071_6,LOAN0071,CUST0134,65361.26,60290.64,5070.62,2023-12-22,Paid
TXN_LOAN0071_7,LOAN0071,CUST0134,65361.26,60990.19,4371.07,2024-01-22,Missed
TXN_LOAN0071_8,LOAN0071,CUST0134,65361.26,61697.85,3663.41,2024-02-22,Paid
TXN_LOAN0071_9,LOAN0071,CUST0134,65361.26,62413.73,2947.53,2024-03-22,Paid
TXN_LOAN0071_10,LOAN0071,CUST0134,65361.26,63137.91,2223.35,2024-04-22,Paid
TXN_LOAN0071_11,LOAN0071,CUST0134,65361.26,63870.49,1490.77,2024-05-22,Paid
TXN_LOAN0071_12,LOAN0071,CUST0134,65361.26,64611.58,749.68,2024-06-22,Paid
TXN_LOAN0072_1,LOAN0072,CUST0200,47498.24,40071.55,7426.69,2023-04-10,Missed
TXN_LOAN0072_2,LOAN0072,CUST0200,47498.24,40643.36,6854.88,2023-05-10,Paid
TXN_LOAN0072_3,LOAN0072,CUST0200,47498.24,41223.33,6274.91,2023-06-10,Paid
TXN_LOAN0072_4,LOAN0072,CUST0200,47498.24,41811.57,5686.67,2023-07-10,Paid
TXN_LOAN0072_5,LOAN0072,CUST0200,47498.24,42408.21,5090.03,2023-08-10,Paid
TXN_LOAN0072_6,LOAN0072,CUST0200,47498.24,43013.36,4484.88,2023-09-10,Missed
TXN_LOAN0072_7,LOAN0072,CUST0200,47498.24,43627.15,3871.09,2023-10-10,Paid
TXN_LOAN0072_8,LOAN0072,CUST0200,47498.24,44249.69,3248.55,2023-11-10,Paid
TXN_LOAN0072_9,LOAN0072,CUST0200,47498.24,44881.12,2617.12,2023-12-10,Paid
TXN_LOAN0072_10,LOAN0072,CUST0200,47498.24,45521.56,1976.68,2024-01-10,Paid
TXN_LOAN0072_11,LOAN0072,CUST0200,47498.24,46171.14,1327.1,2024-02-10,Paid
TXN_LOAN0072_12,LOAN0072,CUST0200,47498.24,46829.96,668.28,2024-03-10,Paid
TXN_LOAN0073_1,LOAN0073,CUST0023,15503.4,11463.07,4040.33,2023-04-28,Paid
TXN_LOAN0073_2,LOAN0073,CUST0023,15503.4,11559.61,3943.79,2023-05-28,Paid
TXN_LOAN0073_3,LOAN0073,CUST0023,15503.4,11656.97,3846.43,2023-06-28,Paid
TXN_LOAN0073_4,LOAN0073,CUST0023,15503.4,11755.15,3748.25,2023-07-28,Paid
TXN_LOAN0073_5,LOAN0073,CUST0023,15503.4,11854.15,3649.25,2023-08-28,Paid
TXN_LOAN0073_6,LOAN0073,CUST0023,15503.4,11953.99,3549.41,2023-09-28,Paid
TXN_LOAN0073_7,LOAN0073,CUST0023,15503.4,12054.67,3448.73,2023-10-28,Paid
TXN_LOAN0073_8,LOAN0073,CUST0023,15503.4,12156.19,3347.21,2023-11-28,Paid
TXN_LOAN0073_9,LOAN0073,CUST0023,15503.4,12258.57,3244.83,2023-12-28,Paid
TXN_LOAN0073_10,LOAN0073,CUST0023,15503.4,12361.82,3141.58,2024-01-28,Paid
TXN_LOAN0073_11,LOAN0073,CUST0023,15503.4,12465.93,3037.47,2024-02-28,Paid
TXN_LOAN0073_12,LOAN0073,CUST0023,15503.4,12570.92,2932.48,2024-03-28,Paid
TXN_LOAN0073_13,LOAN0073,CUST0023,15503.4,12676.8,2826.6,2024-04-28,Paid
TXN_LOAN0073_14,LOAN0073,CUST0023,15503.4,12783.56,2719.84,2024-05-28,Paid
TXN_LOAN0073_15,LOAN0073,CUST0023,15503.4,12891.23,2612.17,2024-06-28,Paid
TXN_LOAN0073_16,LOAN0073,CUST0023,15503.4,12999.8,2503.6,2024-07-28,Missed
TXN_LOAN0073_17,LOAN0073,CUST0023,15503.4,13109.29,2394.11,2024-08-28,Paid
TXN_LOAN0073_18,LOAN0073,CUST0023,15503.4,13219.7,2283.7,2024-09-28,Paid
TXN_LOAN0073_19,LOAN0073,CUST0023,15503.4,13331.04,2172.36,2024-10-28,Paid
TXN_LOAN0073_20,LOAN0073,CUST0023,15503.4,13443.31,2060.09,2024-11-28,Paid
TXN_LOAN0073_21,LOAN0073,CUST0023,15503.4,13556.53,1946.87,2024-12-28,Paid
TXN_LOAN0073_22,LOAN0073,CUST0023,15503.4,13670.71,1832.69,2025-01-28,Paid
TXN_LOAN0073_23,LOAN0073,CUST0023,15503.4,13785.85,1717.55,2025-02-28,Missed
TXN_LOAN0073_24,LOAN0073,CUST0023,15503.4,13901.95,1601.45,2025-03-28,Paid
TXN_LOAN0073_25,LOAN0073,CUST0023,15503.4,14019.04,1484.36,2025-04-28,Paid
TXN_LOAN0073_26,LOAN0073,CUST0023,15503.4,14137.11,1366.29,2025-05-28,Paid
TXN_LOAN0073_27,LOAN0073,CUST0023,15503.4,14256.18,1247.22,2025-06-28,Paid
TXN_LOAN0073_28,LOAN0073,CUST0023,15503.4,14376.24,1127.16,2025-07-28,Paid
TXN_LOAN0073_29,LOAN0073,CUST0023,15503.4,14497.32,1006.08,2025-08-28,Paid
TXN_LOAN0073_30,LOAN0073,CUST0023,15503.4,14619.42,883.98,2025-09-28,Paid
TXN_LOAN0073_31,LOAN0073,CUST0023,15503.4,14742.55,760.85,2025-10-28,Paid
TXN_LOAN0073_32,LOAN0073,CUST0023,15503.4,14866.71,636.69,2025-11-28,Paid
TXN_LOAN0073_33,LOAN0073,CUST0023,15503.4,14991.92,511.48,2025-12-28,Paid
TXN_LOAN0073_34,LOAN0073,CUST0023,15503.4,15118.19,385.21,2026-01-28,Paid
TXN_LOAN0073_35,LOAN0073,CUST0023,15503.4,15245.52,257.88,2026-02-28,Paid
TXN_LOAN0073_36,LOAN0073,CUST0023,15503.4,15373.99,129.41,2026-03-28,Paid
TXN_LOAN0074_1,LOAN0074,CUST0047,3172.92,2075.65,1097.27,2023-05-11,Paid
TXN_LOAN0074_2,LOAN0074,CUST0047,3172.92,2100.26,1072.66,2023-06-11,Paid
TXN_LOAN0074_3,LOAN0074,CUST0047,3172.92,2125.16,1047.76,2023-07-11,Paid
TXN_LOAN0074_4,LOAN0074,CUST0047,3172.92,2150.37,1022.55,2023-08-11,Paid
TXN_LOAN0074_5,LOAN0074,CUST0047,3172.92,2175.86,997.06,2023-09-11,Paid
TXN_LOAN0074_6,LOAN0074,CUST0047,3172.92,2201.67,971.25,2023-10-11,Paid
TXN_LOAN0074_7,LOAN0074,CUST0047,3172.92,2227.77,945.15,2023-11-11,Paid
TXN_LOAN0074_8,LOAN0074,CUST0047,3172.92,2254.19,918.73,2023-12-11,Missed
TXN_LOAN0074_9,LOAN0074,CUST0047,3172.92,2280.92,892.0,2024-01-11,Paid
TXN_LOAN0074_10,LOAN0074,CUST0047,3172.92,2307.97,864.95,2024-02-11,Paid
TXN_LOAN0074_11,LOAN0074,CUST0047,3172.92,2335.34,837.58,2024-03-11,Paid
TXN_LOAN0074_12,LOAN0074,CUST0047,3172.92,2363.03,809.89,2024-04-11,Paid
TXN_LOAN0074_13,LOAN0074,CUST0047,3172.92,2391.05,781.87,2024-05-11,Paid
TXN_LOAN0074_14,LOAN0074,CUST0047,3172.92,2419.4,753.52,2024-06-11,Paid
TXN_LOAN0074_15,LOAN0074,CUST0047,3172.92,2448.09,724.83,2024-07-11,Paid
TXN_LOAN0074_16,LOAN0074,CUST0047,3172.92,2477.12,695.8,2024-08-11,Paid
TXN_LOAN0074_17,LOAN0074,CUST0047,3172.92,2506.5,666.42,2024-09-11,Paid
TXN_LOAN0074_18,LOAN0074,CUST0047,3172.92,2536.22,636.7,2024-10-11,Paid
TXN_LOAN0074_19,LOAN0074,CUST0047,3172.92,2566.29,606.63,2024-11-11,Paid
TXN_LOAN0074_20,LOAN0074,CUST0047,3172.92,2596.72,576.2,2024-12-11,Paid
TXN_LOAN0074_21,LOAN0074,CUST0047,3172.92,2627.52,545.4,2025-01-11,Paid
TXN_LOAN0074_22,LOAN0074,CUST0047,3172.92,2658.67,514.25,2025-02-11,Paid
TXN_LOAN0074_23,LOAN0074,CUST0047,3172.92,2690.2,482.72,2025-03-11,Paid
TXN_LOAN0074_24,LOAN0074,CUST0047,3172.92,2722.1,450.82,2025-04-11,Paid
TXN_LOAN0074_25,LOAN0074,CUST0047,3172.92,2754.38,418.54,2025-05-11,Paid
TXN_LOAN0074_26,LOAN0074,CUST0047,3172.92,2787.04,385.88,2025-06-11,Missed
TXN_LOAN0074_27,LOAN0074,CUST0047,3172.92,2820.09,352.83,2025-07-11,Paid
TXN_LOAN0074_28,LOAN0074,CUST0047,3172.92,2853.53,319.39,2025-08-11,Paid
TXN_LOAN0074_29,LOAN0074,CUST0047,3172.92,2887.37,285.55,2025-09-11,Paid
TXN_LOAN0074_30,LOAN0074,CUST0047,3172.92,2921.61,251.31,2025-10-11,Paid
TXN_LOAN0074_31,LOAN0074,CUST0047,3172.92,2956.25,216.67,2025-11-11,Missed
TXN_LOAN0074_32,LOAN0074,CUST0047,3172.92,2991.31,181.61,2025-12-11,Paid
TXN_LOAN0074_33,LOAN0074,CUST0047,3172.92,3026.78,146.14,2026-01-11,Paid
TXN_LOAN0074_34,LOAN0074,CUST0047,3172.92,3062.67,110.25,2026-02-11,Paid
TXN_LOAN0074_35,LOAN0074,CUST0047,3172.92,3098.99,73.93,2026-03-11,Paid
TXN_LOAN0074_36,LOAN0074,CUST0047,3172.92,3135.91,37.01,2026-04-11,Paid
TXN_LOAN0075_1,LOAN0075,CUST0090,49061.53,42553.68,6507.85,2023-02-08,Paid
TXN_LOAN0075_2,LOAN0075,CUST0090,49061.53,43061.33,6000.2,2023-03-08,Missed
TXN_LOAN0075_3,LOAN0075,CUST0090,49061.53,43575.04,5486.49,2023-04-08,Paid
TXN_LOAN0075_4,LOAN0075,CUST0090,49061.53,44094.88,4966.65,2023-05-08,Paid
TXN_LOAN0075_5,LOAN0075,CUST0090,49061.53,44620.91,4440.62,2023-06-08,Paid
TXN_LOAN0075_6,LOAN0075,CUST0090,49061.53,45153.23,3908.3,2023-07-08,Paid
TXN_LOAN0075_7,LOAN0075,CUST0090,49061.53,45691.89,3369.64,2023-08-08,Missed
TXN_LOAN0075_8,LOAN0075,CUST0090,49061.53,46236.98,2824.55,2023-09-08,Missed
TXN_LOAN0075_9,LOAN0075,CUST0090,49061.53,46788.57,2272.96,2023-10-08,Paid
TXN_LOAN0075_10,LOAN0075,CUST0090,49061.53,47346.74,1714.79,2023-11-08,Paid
TXN_LOAN0075_11,LOAN0075,CUST0090,49061.53,47911.57,1149.96,2023-12-08,Paid
TXN_LOAN0075_12,LOAN0075,CUST0090,49061.53,48483.18,578.35,2024-01-08,Missed
TXN_LOAN0076_1,LOAN0076,CUST0046,23213.67,14698.13,8515.54,2023-12-29,Paid
TXN_LOAN0076_2,LOAN0076,CUST0046,23213.67,14885.92,8327.75,2024-01-29,Paid
TXN_LOAN0076_3,LOAN0076,CUST0046,23213.67,15076.1,8137.57,2024-02-29,Missed
TXN_LOAN0076_4,LOAN0076,CUST0046,23213.67,15268.71,7944.96,2024-03-29,Missed
TXN_LOAN0076_5,LOAN0076,CUST0046,23213.67,15463.78,7749.89,2024-04-29,Paid
TXN_LOAN0076_6,LOAN0076,CUST0046,23213.67,15661.35,7552.32,2024-05-29,Paid
TXN_LOAN0076_7,LOAN0076,CUST0046,23213.67,15861.43,7352.24,2024-06-29,Missed
TXN_LOAN0076_8,LOAN0076,CUST0046,23213.67,16064.08,7149.59,2024-07-29,Paid
TXN_LOAN0076_9,LOAN0076,CUST0046,23213.67,16269.31,6944.36,2024-08-29,Missed
TXN_LOAN0076_10,LOAN0076,CUST0046,23213.67,16477.17,6736.5,2024-09-29,Paid
TXN_LOAN0076_11,LOAN0076,CUST0046,23213.67,16687.68,6525.99,2024-10-29,Paid
TXN_LOAN0076_12,LOAN0076,CUST0046,23213.67,16900.88,6312.79,2024-11-29,Paid
TXN_LOAN0076_13,LOAN0076,CUST0046,23213.67,17116.81,6096.86,2024-12-29,Paid
TXN_LOAN0076_14,LOAN0076,CUST0046,23213.67,17335.49,5878.18,2025-01-29,Paid
TXN_LOAN0076_15,LOAN0076,CUST0046,23213.67,17556.97,5656.7,2025-02-28,Paid
TXN_LOAN0076_16,LOAN0076,CUST0046,23213.67,17781.27,5432.4,2025-03-29,Paid
TXN_LOAN0076_17,LOAN0076,CUST0046,23213.67,18008.45,5205.22,2025-04-29,Paid
TXN_LOAN0076_18,LOAN0076,CUST0046,23213.67,18238.52,4975.15,2025-05-29,Paid
TXN_LOAN0076_19,LOAN0076,CUST0046,23213.67,18471.53,4742.14,2025-06-29,Paid
TXN_LOAN0076_20,LOAN0076,CUST0046,23213.67,18707.53,4506.14,2025-07-29,Paid
TXN_LOAN0076_21,LOAN0076,CUST0046,23213.67,18946.53,4267.14,2025-08-29,Paid
TXN_LOAN0076_22,LOAN0076,CUST0046,23213.67,19188.59,4025.08,2025-09-29,Paid
TXN_LOAN0076_23,LOAN0076,CUST0046,23213.67,19433.74,3779.93,2025-10-29,Paid
TXN_LOAN0076_24,LOAN0076,CUST0046,23213.67,19682.03,3531.64,2025-11-29,Paid
TXN_LOAN0076_25,LOAN0076,CUST0046,23213.67,19933.49,3280.18,2025-12-29,Paid
TXN_LOAN0076_26,LOAN0076,CUST0046,23213.67,20188.15,3025.52,2026-01-29,Missed
TXN_LOAN0076_27,LOAN0076,CUST0046,23213.67,20446.08,2767.59,2026-02-28,Paid
TXN_LOAN0076_28,LOAN0076,CUST0046,23213.67,20707.29,2506.38,2026-03-29,Paid
TXN_LOAN0076_29,LOAN0076,CUST0046,23213.67,20971.85,2241.82,2026-04-29,Missed
TXN_LOAN0076_30,LOAN0076,CUST0046,23213.67,21239.79,1973.88,2026-05-29,Paid
TXN_LOAN0076_31,LOAN0076,CUST0046,23213.67,21511.14,1702.53,2026-06-29,Paid
TXN_LOAN0076_32,LOAN0076,CUST0046,23213.67,21785.97,1427.7,2026-07-29,Paid
TXN_LOAN0076_33,LOAN0076,CUST0046,23213.67,22064.3,1149.37,2026-08-29,Paid
TXN_LOAN0076_34,LOAN0076,CUST0046,23213.67,22346.2,867.47,2026-09-29,Paid
TXN_LOAN0076_35,LOAN0076,CUST0046,23213.67,22631.69,581.98,2026-10-29,Paid
TXN_LOAN0076_36,LOAN0076,CUST0046,23213.67,22921.05,292.62,2026-11-29,Paid
TXN_LOAN0077_1,LOAN0077,CUST0107,11566.34,7979.78,3586.56,2023-08-19,Paid
TXN_LOAN0077_2,LOAN0077,CUST0107,11566.34,8041.73,3524.61,2023-09-19,Paid
TXN_LOAN0077_3,LOAN0077,CUST0107,11566.34,8104.16,3462.18,2023-10-19,Paid
TXN_LOAN0077_4,LOAN0077,CUST0107,11566.34,8167.07,3399.27,2023-11-19,Paid
TXN_LOAN0077_5,LOAN0077,CUST0107,11566.34,8230.47,3335.87,2023-12-19,Paid
TXN_LOAN0077_6,LOAN0077,CUST0107,11566.34,8294.37,3271.97,2024-01-19,Paid
TXN_LOAN0077_7,LOAN0077,CUST0107,11566.34,8358.76,3207.58,2024-02-19,Paid
TXN_LOAN0077_8,LOAN0077,CUST0107,11566.34,8423.64,3142.7,2024-03-19,Paid
TXN_LOAN0077_9,LOAN0077,CUST0107,11566.34,8489.04,3077.3,2024-04-19,Paid
TXN_LOAN0077_10,LOAN0077,CUST0107,11566.34,8554.94,3011.4,2024-05-19,Paid
TXN_LOAN0077_11,LOAN0077,CUST0107,11566.34,8621.35,2944.99,2024-06-19,Paid
TXN_LOAN0077_12,LOAN0077,CUST0107,11566.34,8688.28,2878.06,2024-07-19,Paid
TXN_LOAN0077_13,LOAN0077,CUST0107,11566.34,8755.73,2810.61,2024-08-19,Paid
TXN_LOAN0077_14,LOAN0077,CUST0107,11566.34,8823.7,2742.64,2024-09-19,Paid
TXN_LOAN0077_15,LOAN0077,CUST0107,11566.34,8892.2,2674.14,2024-10-19,Paid
TXN_LOAN0077_16,LOAN0077,CUST0107,11566.34,8961.23,2605.11,2024-11-19,Paid
TXN_LOAN0077_17,LOAN0077,CUST0107,11566.34,9030.79,2535.55,2024-12-19,Paid
TXN_LOAN0077_18,LOAN0077,CUST0107,11566.34,9100.9,2465.44,2025-01-19,Paid
TXN_LOAN0077_19,LOAN0077,CUST0107,11566.34,9171.55,2394.79,2025-02-19,Paid
TXN_LOAN0077_20,LOAN0077,CUST0107,11566.34,9242.75,2323.59,2025-03-19,Paid
TXN_LOAN0077_21,LOAN0077,CUST0107,11566.34,9314.5,2251.84,2025-04-19,Paid
TXN_LOAN0077_22,LOAN0077,CUST0107,11566.34,9386.81,2179.53,2025-05-19,Paid
TXN_LOAN0077_23,LOAN0077,CUST0107,11566.34,9459.68,2106.66,2025-06-19,Paid
TXN_LOAN0077_24,LOAN0077,CUST0107,11566.34,9533.12,2033.22,2025-07-19,Paid
TXN_LOAN0077_25,LOAN0077,CUST0107,11566.34,9607.13,1959.21,2025-08-19,Paid
TXN_LOAN0077_26,LOAN0077,CUST0107,11566.34,9681.71,1884.63,2025-09-19,Paid
TXN_LOAN0077_27,LOAN0077,CUST0107,11566.34,9756.87,1809.47,2025-10-19,Paid
TXN_LOAN0077_28,LOAN0077,CUST0107,11566.34,9832.61,1733.73,2025-11-19,Paid
TXN_LOAN0077_29,LOAN0077,CUST0107,11566.34,9908.94,1657.4,2025-12-19,Paid
TXN_LOAN0077_30,LOAN0077,CUST0107,11566.34,9985.86,1580.48,2026-01-19,Paid
TXN_LOAN0077_31,LOAN0077,CUST0107,11566.34,10063.38,1502.96,2026-02-19,Paid
TXN_LOAN0077_32,LOAN0077,CUST0107,11566.34,10141.51,1424.83,2026-03-19,Paid
TXN_LOAN0077_33,LOAN0077,CUST0107,11566.34,10220.24,1346.1,2026-04-19,Paid
TXN_LOAN0077_34,LOAN0077,CUST0107,11566.34,10299.58,1266.76,2026-05-19,Paid
TXN_LOAN0077_35,LOAN0077,CUST0107,11566.34,10379.53,1186.81,2026-06-19,Paid
TXN_LOAN0077_36,LOAN0077,CUST0107,11566.34,10460.11,1106.23,2026-07-19,Paid
TXN_LOAN0077_37,LOAN0077,CUST0107,11566.34,10541.31,1025.03,2026-08-19,Paid
TXN_LOAN0077_38,LOAN0077,CUST0107,11566.34,10623.15,943.19,2026-09-19,Paid
TXN_LOAN0077_39,LOAN0077,CUST0107,11566.34,10705.61,860.73,2026-10-19,Missed
TXN_LOAN0077_40,LOAN0077,CUST0107,11566.34,10788.72,777.62,2026-11-19,Paid
TXN_LOAN0077_41,LOAN0077,CUST0107,11566.34,10872.48,693.86,2026-12-19,Paid
TXN_LOAN0077_42,LOAN0077,CUST0107,11566.34,10956.88,609.46,2027-01-19,Paid
TXN_LOAN0077_43,LOAN0077,CUST0107,11566.34,11041.94,524.4,2027-02-19,Paid
TXN_LOAN0077_44,LOAN0077,CUST0107,11566.34,11127.66,438.68,2027-03-19,Paid
TXN_LOAN0077_45,LOAN0077,CUST0107,11566.34,11214.04,352.3,2027-04-19,Missed
TXN_LOAN0077_46,LOAN0077,CUST0107,11566.34,11301.1,265.24,2027-05-19,Paid
TXN_LOAN0077_47,LOAN0077,CUST0107,11566.34,11388.83,177.51,2027-06-19,Paid
TXN_LOAN0077_48,LOAN0077,CUST0107,11566.34,11477.26,89.08,2027-07-19,Paid
TXN_LOAN0078_1,LOAN0078,CUST0140,8557.04,6331.19,2225.85,2023-04-28,Paid
TXN_LOAN0078_2,LOAN0078,CUST0140,8557.04,6411.16,2145.88,2023-05-28,Paid
TXN_LOAN0078_3,LOAN0078,CUST0140,8557.04,6492.15,2064.89,2023-06-28,Paid
TXN_LOAN0078_4,LOAN0078,CUST0140,8557.04,6574.16,1982.88,2023-07-28,Missed
TXN_LOAN0078_5,LOAN0078,CUST0140,8557.04,6657.2,1899.84,2023-08-28,Paid
TXN_LOAN0078_6,LOAN0078,CUST0140,8557.04,6741.29,1815.75,2023-09-28,Paid
TXN_LOAN0078_7,LOAN0078,CUST0140,8557.04,6826.45,1730.59,2023-10-28,Paid
TXN_LOAN0078_8,LOAN0078,CUST0140,8557.04,6912.68,1644.36,2023-11-28,Paid
TXN_LOAN0078_9,LOAN0078,CUST0140,8557.04,7000.0,1557.04,2023-12-28,Paid
TXN_LOAN0078_10,LOAN0078,CUST0140,8557.04,7088.42,1468.62,2024-01-28,Paid
TXN_LOAN0078_11,LOAN0078,CUST0140,8557.04,7177.96,1379.08,2024-02-28,Paid
TXN_LOAN0078_12,LOAN0078,CUST0140,8557.04,7268.64,1288.4,2024-03-28,Paid
TXN_LOAN0078_13,LOAN0078,CUST0140,8557.04,7360.45,1196.59,2024-04-28,Paid
TXN_LOAN0078_14,LOAN0078,CUST0140,8557.04,7453.43,1103.61,2024-05-28,Paid
TXN_LOAN0078_15,LOAN0078,CUST0140,8557.04,7547.58,1009.46,2024-06-28,Paid
TXN_LOAN0078_16,LOAN0078,CUST0140,8557.04,7642.92,914.12,2024-07-28,Paid
TXN_LOAN0078_17,LOAN0078,CUST0140,8557.04,7739.46,817.58,2024-08-28,Paid
TXN_LOAN0078_18,LOAN0078,CUST0140,8557.04,7837.23,719.81,2024-09-28,Paid
TXN_LOAN0078_19,LOAN0078,CUST0140,8557.04,7936.23,620.81,2024-10-28,Paid
TXN_LOAN0078_20,LOAN0078,CUST0140,8557.04,8036.48,520.56,2024-11-28,Paid
TXN_LOAN0078_21,LOAN0078,CUST0140,8557.04,8137.99,419.05,2024-12-28,Paid
TXN_LOAN0078_22,LOAN0078,CUST0140,8557.04,8240.79,316.25,2025-01-28,Paid
TXN_LOAN0078_23,LOAN0078,CUST0140,8557.04,8344.89,212.15,2025-02-28,Missed
TXN_LOAN0078_24,LOAN0078,CUST0140,8557.04,8450.25,106.79,2025-03-28,Paid
TXN_LOAN0079_1,LOAN0079,CUST0141,24349.97,17342.07,7007.9,2023-03-12,Paid
TXN_LOAN0079_2,LOAN0079,CUST0141,24349.97,17589.05,6760.92,2023-04-12,Paid
TXN_LOAN0079_3,LOAN0079,CUST0141,24349.97,17839.55,6510.42,2023-05-12,Paid
TXN_LOAN0079_4,LOAN0079,CUST0141,24349.97,18093.62,6256.35,2023-06-12,Paid
TXN_LOAN0079_5,LOAN0079,CUST0141,24349.97,18351.31,5998.66,2023-07-12,Paid
TXN_LOAN0079_6,LOAN0079,CUST0141,24349.97,18612.67,5737.3,2023-08-12,Paid
TXN_LOAN0079_7,LOAN0079,CUST0141,24349.97,18877.75,5472.22,2023-09-12,Paid
TXN_LOAN0079_8,LOAN0079,CUST0141,24349.97,19146.61,5203.36,2023-10-12,Missed
TXN_LOAN0079_9,LOAN0079,CUST0141,24349.97,19419.29,4930.68,2023-11-12,Paid
TXN_LOAN0079_10,LOAN0079,CUST0141,24349.97,19695.86,4654.11,2023-12-12,Paid
TXN_LOAN0079_11,LOAN0079,CUST0141,24349.97,19976.37,4373.6,2024-01-12,Paid
TXN_LOAN0079_12,LOAN0079,CUST0141,24349.97,20260.87,4089.1,2024-02-12,Paid
TXN_LOAN0079_13,LOAN0079,CUST0141,24349.97,20549.42,3800.55,2024-03-12,Paid
TXN_LOAN0079_14,LOAN0079,CUST0141,24349.97,20842.09,3507.88,2024-04-12,Paid
TXN_LOAN0079_15,LOAN0079,CUST0141,24349.97,21138.92,3211.05,2024-05-12,Paid
TXN_LOAN0079_16,LOAN0079,CUST0141,24349.97,21439.98,2909.99,2024-06-12,Paid
TXN_LOAN0079_17,LOAN0079,CUST0141,24349.97,21745.33,2604.64,2024-07-12,Paid
TXN_LOAN0079_18,LOAN0079,CUST0141,24349.97,22055.02,2294.95,2024-08-12,Paid
TXN_LOAN0079_19,LOAN0079,CUST0141,24349.97,22369.13,1980.84,2024-09-12,Paid
TXN_LOAN0079_20,LOAN0079,CUST0141,24349.97,22687.71,1662.26,2024-10-12,Paid
TXN_LOAN0079_21,LOAN0079,CUST0141,24349.97,23010.82,1339.15,2024-11-12,Paid
TXN_LOAN0079_22,LOAN0079,CUST0141,24349.97,23338.54,1011.43,2024-12-12,Paid
TXN_LOAN0079_23,LOAN0079,CUST0141,24349.97,23670.93,679.04,2025-01-12,Paid
TXN_LOAN0079_24,LOAN0079,CUST0141,24349.97,24008.09,341.88,2025-02-12,Paid
TXN_LOAN0080_1,LOAN0080,CUST0104,11006.42,9055.19,1951.23,2023-05-19,Paid
TXN_LOAN0080_2,LOAN0080,CUST0104,11006.42,9129.11,1877.31,2023-06-19,Paid
TXN_LOAN0080_3,LOAN0080,CUST0104,11006.42,9203.64,1802.78,2023-07-19,Paid
TXN_LOAN0080_4,LOAN0080,CUST0104,11006.42,9278.78,1727.64,2023-08-19,Paid
TXN_LOAN0080_5,LOAN0080,CUST0104,11006.42,9354.53,1651.89,2023-09-19,Paid
TXN_LOAN0080_6,LOAN0080,CUST0104,11006.42,9430.9,1575.52,2023-10-19,Paid
TXN_LOAN0080_7,LOAN0080,CUST0104,11006.42,9507.9,1498.52,2023-11-19,Paid
TXN_LOAN0080_8,LOAN0080,CUST0104,11006.42,9585.52,1420.9,2023-12-19,Paid
TXN_LOAN0080_9,LOAN0080,CUST0104,11006.42,9663.78,1342.64,2024-01-19,Paid
TXN_LOAN0080_10,LOAN0080,CUST0104,11006.42,9742.67,1263.75,2024-02-19,Missed
TXN_LOAN0080_11,LOAN0080,CUST0104,11006.42,9822.21,1184.21,2024-03-19,Paid
TXN_LOAN0080_12,LOAN0080,CUST0104,11006.42,9902.4,1104.02,2024-04-19,Paid
TXN_LOAN0080_13,LOAN0080,CUST0104,11006.42,9983.24,1023.18,2024-05-19,Paid
TXN_LOAN0080_14,LOAN0080,CUST0104,11006.42,10064.75,941.67,2024-06-19,Paid
TXN_LOAN0080_15,LOAN0080,CUST0104,11006.42,10146.92,859.5,2024-07-19,Paid
TXN_LOAN0080_16,LOAN0080,CUST0104,11006.42,10229.76,776.66,2024-08-19,Paid
TXN_LOAN0080_17,LOAN0080,CUST0104,11006.42,10313.27,693.15,2024-09-19,Paid
TXN_LOAN0080_18,LOAN0080,CUST0104,11006.42,10397.47,608.95,2024-10-19,Paid
TXN_LOAN0080_19,LOAN0080,CUST0104,11006.42,10482.36,524.06,2024-11-19,Missed
TXN_LOAN0080_20,LOAN0080,CUST0104,11006.42,10567.93,438.49,2024-12-19,Paid
TXN_LOAN0080_21,LOAN0080,CUST0104,11006.42,10654.21,352.21,2025-01-19,Paid
TXN_LOAN0080_22,LOAN0080,CUST0104,11006.42,10741.19,265.23,2025-02-19,Paid
TXN_LOAN0080_23,LOAN0080,CUST0104,11006.42,10828.88,177.54,2025-03-19,Missed
TXN_LOAN0080_24,LOAN0080,CUST0104,11006.42,10917.39,89.03,2025-04-19,Paid
TXN_LOAN0081_1,LOAN0081,CUST0190,58704.63,52942.7,5761.93,2023-07-01,Paid
TXN_LOAN0081_2,LOAN0081,CUST0190,58704.63,53400.46,5304.17,2023-08-01,Missed
TXN_LOAN0081_3,LOAN0081,CUST0190,58704.63,53862.17,4842.46,2023-09-01,Paid
TXN_LOAN0081_4,LOAN0081,CUST0190,58704.63,54327.87,4376.76,2023-10-01,Paid
TXN_LOAN0081_5,LOAN0081,CUST0190,58704.63,54797.6,3907.03,2023-11-01,Paid
TXN_LOAN0081_6,LOAN0081,CUST0190,58704.63,55271.39,3433.24,2023-12-01,Paid
TXN_LOAN0081_7,LOAN0081,CUST0190,58704.63,55749.28,2955.35,2024-01-01,Paid
TXN_LOAN0081_8,LOAN0081,CUST0190,58704.63,56231.3,2473.33,2024-02-01,Paid
TXN_LOAN0081_9,LOAN0081,CUST0190,58704.63,56717.48,1987.15,2024-03-01,Missed
TXN_LOAN0081_10,LOAN0081,CUST0190,58704.63,57207.87,1496.76,2024-04-01,Missed
TXN_LOAN0081_11,LOAN0081,CUST0190,58704.63,57702.5,1002.13,2024-05-01,Paid
TXN_LOAN0081_12,LOAN0081,CUST0190,58704.63,58201.38,503.25,2024-06-01,Paid
TXN_LOAN0082_1,LOAN0082,CUST0111,23980.13,14149.67,9830.46,2023-02-17,Paid
TXN_LOAN0082_2,LOAN0082,CUST0111,23980.13,14358.54,9621.59,2023-03-17,Paid
TXN_LOAN0082_3,LOAN0082,CUST0111,23980.13,14570.5,9409.63,2023-04-17,Paid
TXN_LOAN0082_4,LOAN0082,CUST0111,23980.13,14785.58,9194.55,2023-05-17,Paid
TXN_LOAN0082_5,LOAN0082,CUST0111,23980.13,15003.84,8976.29,2023-06-17,Paid
TXN_LOAN0082_6,LOAN0082,CUST0111,23980.13,15225.32,8754.81,2023-07-17,Paid
TXN_LOAN0082_7,LOAN0082,CUST0111,23980.13,15450.07,8530.06,2023-08-17,Missed
TXN_LOAN0082_8,LOAN0082,CUST0111,23980.13,15678.14,8301.99,2023-09-17,Paid
TXN_LOAN0082_9,LOAN0082,CUST0111,23980.13,15909.58,8070.55,2023-10-17,Paid
TXN_LOAN0082_10,LOAN0082,CUST0111,23980.13,16144.43,7835.7,2023-11-17,Paid
TXN_LOAN0082_11,LOAN0082,CUST0111,23980.13,16382.74,7597.39,2023-12-17,Paid
TXN_LOAN0082_12,LOAN0082,CUST0111,23980.13,16624.58,7355.55,2024-01-17,Paid
TXN_LOAN0082_13,LOAN0082,CUST0111,23980.13,16869.99,7110.14,2024-02-17,Paid
TXN_LOAN0082_14,LOAN0082,CUST0111,23980.13,17119.01,6861.12,2024-03-17,Paid
TXN_LOAN0082_15,LOAN0082,CUST0111,23980.13,17371.72,6608.41,2024-04-17,Paid
TXN_LOAN0082_16,LOAN0082,CUST0111,23980.13,17628.15,6351.98,2024-05-17,Paid
TXN_LOAN0082_17,LOAN0082,CUST0111,23980.13,17888.37,6091.76,2024-06-17,Paid
TXN_LOAN0082_18,LOAN0082,CUST0111,23980.13,18152.44,5827.69,2024-07-17,Paid
TXN_LOAN0082_19,LOAN0082,CUST0111,23980.13,18420.39,5559.74,2024-08-17,Missed
TXN_LOAN0082_20,LOAN0082,CUST0111,23980.13,18692.31,5287.82,2024-09-17,Paid
TXN_LOAN0082_21,LOAN0082,CUST0111,23980.13,18968.24,5011.89,2024-10-17,Missed
TXN_LOAN0082_22,LOAN0082,CUST0111,23980.13,19248.24,4731.89,2024-11-17,Paid
TXN_LOAN0082_23,LOAN0082,CUST0111,23980.13,19532.38,4447.75,2024-12-17,Missed
TXN_LOAN0082_24,LOAN0082,CUST0111,23980.13,19820.71,4159.42,2025-01-17,Paid
TXN_LOAN0082_25,LOAN0082,CUST0111,23980.13,20113.29,3866.84,2025-02-17,Paid
TXN_LOAN0082_26,LOAN0082,CUST0111,23980.13,20410.2,3569.93,2025-03-17,Paid
TXN_LOAN0082_27,LOAN0082,CUST0111,23980.13,20711.48,3268.65,2025-04-17,Paid
TXN_LOAN0082_28,LOAN0082,CUST0111,23980.13,21017.22,2962.91,2025-05-17,Paid
TXN_LOAN0082_29,LOAN0082,CUST0111,23980.13,21327.47,2652.66,2025-06-17,Paid
TXN_LOAN0082_30,LOAN0082,CUST0111,23980.13,21642.3,2337.83,2025-07-17,Paid
TXN_LOAN0082_31,LOAN0082,CUST0111,23980.13,21961.77,2018.36,2025-08-17,Paid
TXN_LOAN0082_32,LOAN0082,CUST0111,23980.13,22285.96,1694.17,2025-09-17,Paid
TXN_LOAN0082_33,LOAN0082,CUST0111,23980.13,22614.94,1365.19,2025-10-17,Paid
TXN_LOAN0082_34,LOAN0082,CUST0111,23980.13,22948.77,1031.36,2025-11-17,Paid
TXN_LOAN0082_35,LOAN0082,CUST0111,23980.13,23287.53,692.6,2025-12-17,Paid
TXN_LOAN0082_36,LOAN0082,CUST0111,23980.13,23631.13,349.0,2026-01-17,Paid
TXN_LOAN0083_1,LOAN0083,CUST0104,5411.45,3660.95,1750.5,2023-06-13,Paid
TXN_LOAN0083_2,LOAN0083,CUST0104,5411.45,3690.87,1720.58,2023-07-13,Paid
TXN_LOAN0083_3,LOAN0083,CUST0104,5411.45,3721.05,1690.4,2023-08-13,Paid
TXN_LOAN0083_4,LOAN0083,CUST0104,5411.45,3751.46,1659.99,2023-09-13,Missed
TXN_LOAN0083_5,LOAN0083,CUST0104,5411.45,3782.13,1629.32,2023-10-13,Paid
TXN_LOAN0083_6,LOAN0083,CUST0104,5411.45,3813.05,1598.4,2023-11-13,Paid
TXN_LOAN0083_7,LOAN0083,CUST0104,5411.45,3844.22,1567.23,2023-12-13,Paid
TXN_LOAN0083_8,LOAN0083,CUST0104,5411.45,3875.65,1535.8,2024-01-13,Paid
TXN_LOAN0083_9,LOAN0083,CUST0104,5411.45,3907.33,1504.12,2024-02-13,Paid
TXN_LOAN0083_10,LOAN0083,CUST0104,5411.45,3939.27,1472.18,2024-03-13,Paid
TXN_LOAN0083_11,LOAN0083,CUST0104,5411.45,3971.47,1439.98,2024-04-13,Paid
TXN_LOAN0083_12,LOAN0083,CUST0104,5411.45,4003.94,1407.51,2024-05-13,Paid
TXN_LOAN0083_13,LOAN0083,CUST0104,5411.45,4036.67,1374.78,2024-06-13,Paid
TXN_LOAN0083_14,LOAN0083,CUST0104,5411.45,4069.67,1341.78,2024-07-13,Paid
TXN_LOAN0083_15,LOAN0083,CUST0104,5411.45,4102.94,1308.51,2024-08-13,Paid
TXN_LOAN0083_16,LOAN0083,CUST0104,5411.45,4136.48,1274.97,2024-09-13,Paid
TXN_LOAN0083_17,LOAN0083,CUST0104,5411.45,4170.29,1241.16,2024-10-13,Paid
TXN_LOAN0083_18,LOAN0083,CUST0104,5411.45,4204.39,1207.06,2024-11-13,Paid
TXN_LOAN0083_19,LOAN0083,CUST0104,5411.45,4238.76,1172.69,2024-12-13,Missed
TXN_LOAN0083_20,LOAN0083,CUST0104,5411.45,4273.41,1138.04,2025-01-13,Paid
TXN_LOAN0083_21,LOAN0083,CUST0104,5411.45,4308.34,1103.11,2025-02-13,Paid
TXN_LOAN0083_22,LOAN0083,CUST0104,5411.45,4343.56,1067.89,2025-03-13,Paid
TXN_LOAN0083_23,LOAN0083,CUST0104,5411.45,4379.07,1032.38,2025-04-13,Paid
TXN_LOAN0083_24,LOAN0083,CUST0104,5411.45,4414.87,996.58,2025-05-13,Paid
TXN_LOAN0083_25,LOAN0083,CUST0104,5411.45,4450.96,960.49,2025-06-13,Paid
TXN_LOAN0083_26,LOAN0083,CUST0104,5411.45,4487.34,924.11,2025-07-13,Paid
TXN_LOAN0083_27,LOAN0083,CUST0104,5411.45,4524.03,887.42,2025-08-13,Paid
TXN_LOAN0083_28,LOAN0083,CUST0104,5411.45,4561.01,850.44,2025-09-13,Paid
TXN_LOAN0083_29,LOAN0083,CUST0104,5411.45,4598.3,813.15,2025-10-13,Missed
TXN_LOAN0083_30,LOAN0083,CUST0104,5411.45,4635.89,775.56,2025-11-13,Paid
TXN_LOAN0083_31,LOAN0083,CUST0104,5411.45,4673.78,737.67,2025-12-13,Paid
TXN_LOAN0083_32,LOAN0083,CUST0104,5411.45,4711.99,699.46,2026-01-13,Paid
TXN_LOAN0083_33,LOAN0083,CUST0104,5411.45,4750.51,660.94,2026-02-13,Paid
TXN_LOAN0083_34,LOAN0083,CUST0104,5411.45,4789.34,622.11,2026-03-13,Paid
TXN_LOAN0083_35,LOAN0083,CUST0104,5411.45,4828.5,582.95,2026-04-13,Paid
TXN_LOAN0083_36,LOAN0083,CUST0104,5411.45,4867.97,543.48,2026-05-13,Paid
TXN_LOAN0083_37,LOAN0083,CUST0104,5411.45,4907.76,503.69,2026-06-13,Paid
TXN_LOAN0083_38,LOAN0083,CUST0104,5411.45,4947.88,463.57,2026-07-13,Paid
TXN_LOAN0083_39,LOAN0083,CUST0104,5411.45,4988.33,423.12,2026-08-13,Paid
TXN_LOAN0083_40,LOAN0083,CUST0104,5411.45,5029.11,382.34,2026-09-13,Paid
TXN_LOAN0083_41,LOAN0083,CUST0104,5411.45,5070.22,341.23,2026-10-13,Missed
TXN_LOAN0083_42,LOAN0083,CUST0104,5411.45,5111.67,299.78,2026-11-13,Paid
TXN_LOAN0083_43,LOAN0083,CUST0104,5411.45,5153.46,257.99,2026-12-13,Paid
TXN_LOAN0083_44,LOAN0083,CUST0104,5411.45,5195.59,215.86,2027-01-13,Paid
TXN_LOAN0083_45,LOAN0083,CUST0104,5411.45,5238.06,173.39,2027-02-13,Paid
TXN_LOAN0083_46,LOAN0083,CUST0104,5411.45,5280.88,130.57,2027-03-13,Paid
TXN_LOAN0083_47,LOAN0083,CUST0104,5411.45,5324.05,87.4,2027-04-13,Paid
TXN_LOAN0083_48,LOAN0083,CUST0104,5411.45,5367.53,43.92,2027-05-13,Paid
TXN_LOAN0084_1,LOAN0084,CUST0060,3597.85,1864.7,1733.15,2023-06-28,Paid
TXN_LOAN0084_2,LOAN0084,CUST0060,3597.85,1890.41,1707.44,2023-07-28,Paid
TXN_LOAN0084_3,LOAN0084,CUST0060,3597.85,1916.47,1681.38,2023-08-28,Paid
TXN_LOAN0084_4,LOAN0084,CUST0060,3597.85,1942.89,1654.96,2023-09-28,Paid
TXN_LOAN0084_5,LOAN0084,CUST0060,3597.85,1969.68,1628.17,2023-10-28,Paid
TXN_LOAN0084_6,LOAN0084,CUST0060,3597.85,1996.83,1601.02,2023-11-28,Paid
TXN_LOAN0084_7,LOAN0084,CUST0060,3597.85,2024.36,1573.49,2023-12-28,Paid
TXN_LOAN0084_8,LOAN0084,CUST0060,3597.85,2052.27,1545.58,2024-01-28,Paid
TXN_LOAN0084_9,LOAN0084,CUST0060,3597.85,2080.57,1517.28,2024-02-28,Paid
TXN_LOAN0084_10,LOAN0084,CUST0060,3597.85,2109.25,1488.6,2024-03-28,Paid
TXN_LOAN0084_11,LOAN0084,CUST0060,3597.85,2138.33,1459.52,2024-04-28,Paid
TXN_LOAN0084_12,LOAN0084,CUST0060,3597.85,2167.81,1430.04,2024-05-28,Paid
TXN_LOAN0084_13,LOAN0084,CUST0060,3597.85,2197.7,1400.15,2024-06-28,Paid
TXN_LOAN0084_14,LOAN0084,CUST0060,3597.85,2228.0,1369.85,2024-07-28,Missed
TXN_LOAN0084_15,LOAN0084,CUST0060,3597.85,2258.71,1339.14,2024-08-28,Paid
TXN_LOAN0084_16,LOAN0084,CUST0060,3597.85,2289.85,1308.0,2024-09-28,Paid
TXN_LOAN0084_17,LOAN0084,CUST0060,3597.85,2321.42,1276.43,2024-10-28,Paid
TXN_LOAN0084_18,LOAN0084,CUST0060,3597.85,2353.42,1244.43,2024-11-28,Paid
TXN_LOAN0084_19,LOAN0084,CUST0060,3597.85,2385.87,1211.98,2024-12-28,Paid
TXN_LOAN0084_20,LOAN0084,CUST0060,3597.85,2418.76,1179.09,2025-01-28,Missed
TXN_LOAN0084_21,LOAN0084,CUST0060,3597.85,2452.11,1145.74,2025-02-28,Paid
TXN_LOAN0084_22,LOAN0084,CUST0060,3597.85,2485.92,1111.93,2025-03-28,Paid
TXN_LOAN0084_23,LOAN0084,CUST0060,3597.85,2520.19,1077.66,2025-04-28,Paid
TXN_LOAN0084_24,LOAN0084,CUST0060,3597.85,2554.93,1042.92,2025-05-28,Paid
TXN_LOAN0084_25,LOAN0084,CUST0060,3597.85,2590.16,1007.69,2025-06-28,Paid
TXN_LOAN0084_26,LOAN0084,CUST0060,3597.85,2625.87,971.98,2025-07-28,Paid
TXN_LOAN0084_27,LOAN0084,CUST0060,3597.85,2662.07,935.78,2025-08-28,Paid
TXN_LOAN0084_28,LOAN0084,CUST0060,3597.85,2698.77,899.08,2025-09-28,Paid
TXN_LOAN0084_29,LOAN0084,CUST0060,3597.85,2735.97,861.88,2025-10-28,Paid
TXN_LOAN0084_30,LOAN0084,CUST0060,3597.85,2773.69,824.16,2025-11-28,Paid
TXN_LOAN0084_31,LOAN0084,CUST0060,3597.85,2811.93,785.92,2025-12-28,Paid
TXN_LOAN0084_32,LOAN0084,CUST0060,3597.85,2850.7,747.15,2026-01-28,Paid
TXN_LOAN0084_33,LOAN0084,CUST0060,3597.85,2890.0,707.85,2026-02-28,Paid
TXN_LOAN0084_34,LOAN0084,CUST0060,3597.85,2929.85,668.0,2026-03-28,Paid
TXN_LOAN0084_35,LOAN0084,CUST0060,3597.85,2970.24,627.61,2026-04-28,Paid
TXN_LOAN0084_36,LOAN0084,CUST0060,3597.85,3011.19,586.66,2026-05-28,Paid
TXN_LOAN0084_37,LOAN0084,CUST0060,3597.85,3052.7,545.15,2026-06-28,Paid
TXN_LOAN0084_38,LOAN0084,CUST0060,3597.85,3094.79,503.06,2026-07-28,Paid
TXN_LOAN0084_39,LOAN0084,CUST0060,3597.85,3137.45,460.4,2026-08-28,Paid
TXN_LOAN0084_40,LOAN0084,CUST0060,3597.85,3180.71,417.14,2026-09-28,Paid
TXN_LOAN0084_41,LOAN0084,CUST0060,3597.85,3224.56,373.29,2026-10-28,Paid
TXN_LOAN0084_42,LOAN0084,CUST0060,3597.85,3269.01,328.84,2026-11-28,Paid
TXN_LOAN0084_43,LOAN0084,CUST0060,3597.85,3314.08,283.77,2026-12-28,Paid
TXN_LOAN0084_44,LOAN0084,CUST0060,3597.85,3359.77,238.08,2027-01-28,Paid
TXN_LOAN0084_45,LOAN0084,CUST0060,3597.85,3406.09,191.76,2027-02-28,Paid
TXN_LOAN0084_46,LOAN0084,CUST0060,3597.85,3453.05,144.8,2027-03-28,Paid
TXN_LOAN0084_47,LOAN0084,CUST0060,3597.85,3500.66,97.19,2027-04-28,Paid
TXN_LOAN0084_48,LOAN0084,CUST0060,3597.85,3549.24,48.61,2027-05-28,Paid
TXN_LOAN0085_1,LOAN0085,CUST0171,70766.21,62230.47,8535.74,2023-11-04,Paid
TXN_LOAN0085_2,LOAN0085,CUST0171,70766.21,62900.63,7865.58,2023-12-04,Paid
TXN_LOAN0085_3,LOAN0085,CUST0171,70766.21,63578.0,7188.21,2024-01-04,Paid
TXN_LOAN0085_4,LOAN0085,CUST0171,70766.21,64262.67,6503.54,2024-02-04,Paid
TXN_LOAN0085_5,LOAN0085,CUST0171,70766.21,64954.72,5811.49,2024-03-04,Paid
TXN_LOAN0085_6,LOAN0085,CUST0171,70766.21,65654.21,5112.0,2024-04-04,Paid
TXN_LOAN0085_7,LOAN0085,CUST0171,70766.21,66361.24,4404.97,2024-05-04,Paid
TXN_LOAN0085_8,LOAN0085,CUST0171,70766.21,67075.88,3690.33,2024-06-04,Paid
TXN_LOAN0085_9,LOAN0085,CUST0171,70766.21,67798.22,2967.99,2024-07-04,Paid
TXN_LOAN0085_10,LOAN0085,CUST0171,70766.21,68528.34,2237.87,2024-08-04,Paid
TXN_LOAN0085_11,LOAN0085,CUST0171,70766.21,69266.32,1499.89,2024-09-04,Paid
TXN_LOAN0085_12,LOAN0085,CUST0171,70766.21,70012.3,753.91,2024-10-04,Paid
TXN_LOAN0086_1,LOAN0086,CUST0100,13792.3,9088.73,4703.57,2023-09-20,Paid
TXN_LOAN0086_2,LOAN0086,CUST0100,13792.3,9168.05,4624.25,2023-10-20,Paid
TXN_LOAN0086_3,LOAN0086,CUST0100,13792.3,9248.06,4544.24,2023-11-20,Paid
TXN_LOAN0086_4,LOAN0086,CUST0100,13792.3,9328.76,4463.54,2023-12-20,Paid
TXN_LOAN0086_5,LOAN0086,CUST0100,13792.3,9410.18,4382.12,2024-01-20,Paid
TXN_LOAN0086_6,LOAN0086,CUST0100,13792.3,9492.3,4300.0,2024-02-20,Paid
TXN_LOAN0086_7,LOAN0086,CUST0100,13792.3,9575.14,4217.16,2024-03-20,Paid
TXN_LOAN0086_8,LOAN0086,CUST0100,13792.3,9658.7,4133.6,2024-04-20,Paid
TXN_LOAN0086_9,LOAN0086,CUST0100,13792.3,9742.99,4049.31,2024-05-20,Paid
TXN_LOAN0086_10,LOAN0086,CUST0100,13792.3,9828.01,3964.29,2024-06-20,Paid
TXN_LOAN0086_11,LOAN0086,CUST0100,13792.3,9913.78,3878.52,2024-07-20,Paid
TXN_LOAN0086_12,LOAN0086,CUST0100,13792.3,10000.3,3792.0,2024-08-20,Paid
TXN_LOAN0086_13,LOAN0086,CUST0100,13792.3,10087.57,3704.73,2024-09-20,Paid
TXN_LOAN0086_14,LOAN0086,CUST0100,13792.3,10175.61,3616.69,2024-10-20,Paid
TXN_LOAN0086_15,LOAN0086,CUST0100,13792.3,10264.41,3527.89,2024-11-20,Paid
TXN_LOAN0086_16,LOAN0086,CUST0100,13792.3,10353.98,3438.32,2024-12-20,Paid
TXN_LOAN0086_17,LOAN0086,CUST0100,13792.3,10444.34,3347.96,2025-01-20,Paid
TXN_LOAN0086_18,LOAN0086,CUST0100,13792.3,10535.49,3256.81,2025-02-20,Paid
TXN_LOAN0086_19,LOAN0086,CUST0100,13792.3,10627.43,3164.87,2025-03-20,Paid
TXN_LOAN0086_20,LOAN0086,CUST0100,13792.3,10720.18,3072.12,2025-04-20,Paid
TXN_LOAN0086_21,LOAN0086,CUST0100,13792.3,10813.73,2978.57,2025-05-20,Paid
TXN_LOAN0086_22,LOAN0086,CUST0100,13792.3,10908.1,2884.2,2025-06-20,Paid
TXN_LOAN0086_23,LOAN0086,CUST0100,13792.3,11003.3,2789.0,2025-07-20,Missed
TXN_LOAN0086_24,LOAN0086,CUST0100,13792.3,11099.32,2692.98,2025-08-20,Paid
TXN_LOAN0086_25,LOAN0086,CUST0100,13792.3,11196.18,2596.12,2025-09-20,Paid
TXN_LOAN0086_26,LOAN0086,CUST0100,13792.3,11293.89,2498.41,2025-10-20,Paid
TXN_LOAN0086_27,LOAN0086,CUST0100,13792.3,11392.45,2399.85,2025-11-20,Paid
TXN_LOAN0086_28,LOAN0086,CUST0100,13792.3,11491.87,2300.43,2025-12-20,Missed
TXN_LOAN0086_29,LOAN0086,CUST0100,13792.3,11592.16,2200.14,2026-01-20,Paid
TXN_LOAN0086_30,LOAN0086,CUST0100,13792.3,11693.33,2098.97,2026-02-20,Paid
TXN_LOAN0086_31,LOAN0086,CUST0100,13792.3,11795.37,1996.93,2026-03-20,Paid
TXN_LOAN0086_32,LOAN0086,CUST0100,13792.3,11898.31,1893.99,2026-04-20,Missed
TXN_LOAN0086_33,LOAN0086,CUST0100,13792.3,12002.15,1790.15,2026-05-20,Paid
TXN_LOAN0086_34,LOAN0086,CUST0100,13792.3,12106.89,1685.41,2026-06-20,Paid
TXN_LOAN0086_35,LOAN0086,CUST0100,13792.3,12212.54,1579.76,2026-07-20,Paid
TXN_LOAN0086_36,LOAN0086,CUST0100,13792.3,12319.12,1473.18,2026-08-20,Paid
TXN_LOAN0086_37,LOAN0086,CUST0100,13792.3,12426.63,1365.67,2026-09-20,Paid
TXN_LOAN0086_38,LOAN0086,CUST0100,13792.3,12535.08,1257.22,2026-10-20,Paid
TXN_LOAN0086_39,LOAN0086,CUST0100,13792.3,12644.47,1147.83,2026-11-20,Paid
TXN_LOAN0086_40,LOAN0086,CUST0100,13792.3,12754.82,1037.48,2026-12-20,Paid
TXN_LOAN0086_41,LOAN0086,CUST0100,13792.3,12866.13,926.17,2027-01-20,Paid
TXN_LOAN0086_42,LOAN0086,CUST0100,13792.3,12978.41,813.89,2027-02-20,Paid
TXN_LOAN0086_43,LOAN0086,CUST0100,13792.3,13091.67,700.63,2027-03-20,Paid
TXN_LOAN0086_44,LOAN0086,CUST0100,13792.3,13205.92,586.38,2027-04-20,Missed
TXN_LOAN0086_45,LOAN0086,CUST0100,13792.3,13321.17,471.13,2027-05-20,Paid
TXN_LOAN0086_46,LOAN0086,CUST0100,13792.3,13437.42,354.88,2027-06-20,Paid
TXN_LOAN0086_47,LOAN0086,CUST0100,13792.3,13554.69,237.61,2027-07-20,Paid
TXN_LOAN0086_48,LOAN0086,CUST0100,13792.3,13672.87,119.43,2027-08-20,Paid
TXN_LOAN0087_1,LOAN0087,CUST0068,3599.99,1853.81,1746.18,2023-12-10,Paid
TXN_LOAN0087_2,LOAN0087,CUST0068,3599.99,1879.62,1720.37,2024-01-10,Paid
TXN_LOAN0087_3,LOAN0087,CUST0068,3599.99,1905.79,1694.2,2024-02-10,Paid
TXN_LOAN0087_4,LOAN0087,CUST0068,3599.99,1932.32,1667.67,2024-03-10,Paid
TXN_LOAN0087_5,LOAN0087,CUST0068,3599.99,1959.22,1640.77,2024-04-10,Paid
TXN_LOAN0087_6,LOAN0087,CUST0068,3599.99,1986.5,1613.49,2024-05-10,Paid
TXN_LOAN0087_7,LOAN0087,CUST0068,3599.99,2014.16,1585.83,2024-06-10,Paid
TXN_LOAN0087_8,LOAN0087,CUST0068,3599.99,2042.2,1557.79,2024-07-10,Missed
TXN_LOAN0087_9,LOAN0087,CUST0068,3599.99,2070.64,1529.35,2024-08-10,Paid
TXN_LOAN0087_10,LOAN0087,CUST0068,3599.99,2099.47,1500.52,2024-09-10,Paid
TXN_LOAN0087_11,LOAN0087,CUST0068,3599.99,2128.7,1471.29,2024-10-10,Paid
TXN_LOAN0087_12,LOAN0087,CUST0068,3599.99,2158.33,1441.66,2024-11-10,Paid
TXN_LOAN0087_13,LOAN0087,CUST0068,3599.99,2188.38,1411.61,2024-12-10,Paid
TXN_LOAN0087_14,LOAN0087,CUST0068,3599.99,2218.85,1381.14,2025-01-10,Paid
TXN_LOAN0087_15,LOAN0087,CUST0068,3599.99,2249.75,1350.24,2025-02-10,Paid
TXN_LOAN0087_16,LOAN0087,CUST0068,3599.99,2281.07,1318.92,2025-03-10,Paid
TXN_LOAN0087_17,LOAN0087,CUST0068,3599.99,2312.83,1287.16,2025-04-10,Paid
TXN_LOAN0087_18,LOAN0087,CUST0068,3599.99,2345.03,1254.96,2025-05-10,Paid
TXN_LOAN0087_19,LOAN0087,CUST0068,3599.99,2377.68,1222.31,2025-06-10,Missed
TXN_LOAN0087_20,LOAN0087,CUST0068,3599.99,2410.78,1189.21,2025-07-10,Paid
TXN_LOAN0087_21,LOAN0087,CUST0068,3599.99,2444.35,1155.64,2025-08-10,Paid
TXN_LOAN0087_22,LOAN0087,CUST0068,3599.99,2478.38,1121.61,2025-09-10,Paid
TXN_LOAN0087_23,LOAN0087,CUST0068,3599.99,2512.89,1087.1,2025-10-10,Paid
TXN_LOAN0087_24,LOAN0087,CUST0068,3599.99,2547.87,1052.12,2025-11-10,Paid
TXN_LOAN0087_25,LOAN0087,CUST0068,3599.99,2583.35,1016.64,2025-12-10,Paid
TXN_LOAN0087_26,LOAN0087,CUST0068,3599.99,2619.32,980.67,2026-01-10,Missed
TXN_LOAN0087_27,LOAN0087,CUST0068,3599.99,2655.78,944.21,2026-02-10,Paid
TXN_LOAN0087_28,LOAN0087,CUST0068,3599.99,2692.76,907.23,2026-03-10,Paid
TXN_LOAN0087_29,LOAN0087,CUST0068,3599.99,2730.25,869.74,2026-04-10,Paid
TXN_LOAN0087_30,LOAN0087,CUST0068,3599.99,2768.26,831.73,2026-05-10,Missed
TXN_LOAN0087_31,LOAN0087,CUST0068,3599.99,2806.81,793.18,2026-06-10,Paid
TXN_LOAN0087_32,LOAN0087,CUST0068,3599.99,2845.89,754.1,2026-07-10,Paid
TXN_LOAN0087_33,LOAN0087,CUST0068,3599.99,2885.51,714.48,2026-08-10,Paid
TXN_LOAN0087_34,LOAN0087,CUST0068,3599.99,2925.68,674.31,2026-09-10,Paid
TXN_LOAN0087_35,LOAN0087,CUST0068,3599.99,2966.42,633.57,2026-10-10,Paid
TXN_LOAN0087_36,LOAN0087,CUST0068,3599.99,3007.72,592.27,2026-11-10,Paid
TXN_LOAN0087_37,LOAN0087,CUST0068,3599.99,3049.59,550.4,2026-12-10,Paid
TXN_LOAN0087_38,LOAN0087,CUST0068,3599.99,3092.05,507.94,2027-01-10,Paid
TXN_LOAN0087_39,LOAN0087,CUST0068,3599.99,3135.1,464.89,2027-02-10,Paid
TXN_LOAN0087_40,LOAN0087,CUST0068,3599.99,3178.75,421.24,2027-03-10,Paid
TXN_LOAN0087_41,LOAN0087,CUST0068,3599.99,3223.01,376.98,2027-04-10,Paid
TXN_LOAN0087_42,LOAN0087,CUST0068,3599.99,3267.88,332.11,2027-05-10,Paid
TXN_LOAN0087_43,LOAN0087,CUST0068,3599.99,3313.38,286.61,2027-06-10,Paid
TXN_LOAN0087_44,LOAN0087,CUST0068,3599.99,3359.52,240.47,2027-07-10,Paid
TXN_LOAN0087_45,LOAN0087,CUST0068,3599.99,3406.29,193.7,2027-08-10,Paid
TXN_LOAN0087_46,LOAN0087,CUST0068,3599.99,3453.72,146.27,2027-09-10,Missed
TXN_LOAN0087_47,LOAN0087,CUST0068,3599.99,3501.8,98.19,2027-10-10,Paid
TXN_LOAN0087_48,LOAN0087,CUST0068,3599.99,3550.54,49.45,2027-11-10,Paid
TXN_LOAN0088_1,LOAN0088,CUST0133,4733.28,2883.67,1849.61,2023-09-16,Paid
TXN_LOAN0088_2,LOAN0088,CUST0133,4733.28,2913.6,1819.68,2023-10-16,Paid
TXN_LOAN0088_3,LOAN0088,CUST0133,4733.28,2943.83,1789.45,2023-11-16,Missed
TXN_LOAN0088_4,LOAN0088,CUST0133,4733.28,2974.38,1758.9,2023-12-16,Paid
TXN_LOAN0088_5,LOAN0088,CUST0133,4733.28,3005.25,1728.03,2024-01-16,Paid
TXN_LOAN0088_6,LOAN0088,CUST0133,4733.28,3036.43,1696.85,2024-02-16,Paid
TXN_LOAN0088_7,LOAN0088,CUST0133,4733.28,3067.95,1665.33,2024-03-16,Paid
TXN_LOAN0088_8,LOAN0088,CUST0133,4733.28,3099.78,1633.5,2024-04-16,Paid
TXN_LOAN0088_9,LOAN0088,CUST0133,4733.28,3131.95,1601.33,2024-05-16,Paid
TXN_LOAN0088_10,LOAN0088,CUST0133,4733.28,3164.45,1568.83,2024-06-16,Paid
TXN_LOAN0088_11,LOAN0088,CUST0133,4733.28,3197.29,1535.99,2024-07-16,Missed
TXN_LOAN0088_12,LOAN0088,CUST0133,4733.28,3230.47,1502.81,2024-08-16,Paid
TXN_LOAN0088_13,LOAN0088,CUST0133,4733.28,3264.0,1469.28,2024-09-16,Paid
TXN_LOAN0088_14,LOAN0088,CUST0133,4733.28,3297.87,1435.41,2024-10-16,Paid
TXN_LOAN0088_15,LOAN0088,CUST0133,4733.28,3332.09,1401.19,2024-11-16,Paid
TXN_LOAN0088_16,LOAN0088,CUST0133,4733.28,3366.67,1366.61,2024-12-16,Paid
TXN_LOAN0088_17,LOAN0088,CUST0133,4733.28,3401.61,1331.67,2025-01-16,Paid
TXN_LOAN0088_18,LOAN0088,CUST0133,4733.28,3436.91,1296.37,2025-02-16,Paid
TXN_LOAN0088_19,LOAN0088,CUST0133,4733.28,3472.58,1260.7,2025-03-16,Paid
TXN_LOAN0088_20,LOAN0088,CUST0133,4733.28,3508.61,1224.67,2025-04-16,Paid
TXN_LOAN0088_21,LOAN0088,CUST0133,4733.28,3545.02,1188.26,2025-05-16,Paid
TXN_LOAN0088_22,LOAN0088,CUST0133,4733.28,3581.81,1151.47,2025-06-16,Paid
TXN_LOAN0088_23,LOAN0088,CUST0133,4733.28,3618.98,1114.3,2025-07-16,Missed
TXN_LOAN0088_24,LOAN0088,CUST0133,4733.28,3656.54,1076.74,2025-08-16,Missed
TXN_LOAN0088_25,LOAN0088,CUST0133,4733.28,3694.49,1038.79,2025-09-16,Missed
TXN_LOAN0088_26,LOAN0088,CUST0133,4733.28,3732.82,1000.46,2025-10-16,Paid
TXN_LOAN0088_27,LOAN0088,CUST0133,4733.28,3771.56,961.72,2025-11-16,Paid
TXN_LOAN0088_28,LOAN0088,CUST0133,4733.28,3810.7,922.58,2025-12-16,Paid
TXN_LOAN0088_29,LOAN0088,CUST0133,4733.28,3850.25,883.03,2026-01-16,Missed
TXN_LOAN0088_30,LOAN0088,CUST0133,4733.28,3890.2,843.08,2026-02-16,Paid
TXN_LOAN0088_31,LOAN0088,CUST0133,4733.28,3930.57,802.71,2026-03-16,Paid
TXN_LOAN0088_32,LOAN0088,CUST0133,4733.28,3971.36,761.92,2026-04-16,Paid
TXN_LOAN0088_33,LOAN0088,CUST0133,4733.28,4012.58,720.7,2026-05-16,Paid
TXN_LOAN0088_34,LOAN0088,CUST0133,4733.28,4054.22,679.06,2026-06-16,Paid
TXN_LOAN0088_35,LOAN0088,CUST0133,4733.28,4096.29,636.99,2026-07-16,Paid
TXN_LOAN0088_36,LOAN0088,CUST0133,4733.28,4138.8,594.48,2026-08-16,Paid
TXN_LOAN0088_37,LOAN0088,CUST0133,4733.28,4181.75,551.53,2026-09-16,Paid
TXN_LOAN0088_38,LOAN0088,CUST0133,4733.28,4225.15,508.13,2026-10-16,Paid
TXN_LOAN0088_39,LOAN0088,CUST0133,4733.28,4268.99,464.29,2026-11-16,Paid
TXN_LOAN0088_40,LOAN0088,CUST0133,4733.28,4313.3,419.98,2026-12-16,Paid
TXN_LOAN0088_41,LOAN0088,CUST0133,4733.28,4358.06,375.22,2027-01-16,Paid
TXN_LOAN0088_42,LOAN0088,CUST0133,4733.28,4403.28,330.0,2027-02-16,Paid
TXN_LOAN0088_43,LOAN0088,CUST0133,4733.28,4448.98,284.3,2027-03-16,Paid
TXN_LOAN0088_44,LOAN0088,CUST0133,4733.28,4495.15,238.13,2027-04-16,Missed
TXN_LOAN0088_45,LOAN0088,CUST0133,4733.28,4541.8,191.48,2027-05-16,Paid
TXN_LOAN0088_46,LOAN0088,CUST0133,4733.28,4588.93,144.35,2027-06-16,Missed
TXN_LOAN0088_47,LOAN0088,CUST0133,4733.28,4636.55,96.73,2027-07-16,Missed
TXN_LOAN0088_48,LOAN0088,CUST0133,4733.28,4684.48,48.8,2027-08-16,Paid
TXN_LOAN0089_1,LOAN0089,CUST0120,15348.45,9097.03,6251.42,2023-06-19,Paid
TXN_LOAN0089_2,LOAN0089,CUST0120,15348.45,9196.7,6151.75,2023-07-19,Paid
TXN_LOAN0089_3,LOAN0089,CUST0120,15348.45,9297.47,6050.98,2023-08-19,Paid
TXN_LOAN0089_4,LOAN0089,CUST0120,15348.45,9399.34,5949.11,2023-09-19,Paid
TXN_LOAN0089_5,LOAN0089,CUST0120,15348.45,9502.33,5846.12,2023-10-19,Paid
TXN_LOAN0089_6,LOAN0089,CUST0120,15348.45,9606.44,5742.01,2023-11-19,Paid
TXN_LOAN0089_7,LOAN0089,CUST0120,15348.45,9711.7,5636.75,2023-12-19,Paid
TXN_LOAN0089_8,LOAN0089,CUST0120,15348.45,9818.11,5530.34,2024-01-19,Paid
TXN_LOAN0089_9,LOAN0089,CUST0120,15348.45,9925.68,5422.77,2024-02-19,Paid
TXN_LOAN0089_10,LOAN0089,CUST0120,15348.45,10034.44,5314.01,2024-03-19,Paid
TXN_LOAN0089_11,LOAN0089,CUST0120,15348.45,10144.38,5204.07,2024-04-19,Paid
TXN_LOAN0089_12,LOAN0089,CUST0120,15348.45,10255.53,5092.92,2024-05-19,Paid
TXN_LOAN0089_13,LOAN0089,CUST0120,15348.45,10367.9,4980.55,2024-06-19,Paid
TXN_LOAN0089_14,LOAN0089,CUST0120,15348.45,10481.5,4866.95,2024-07-19,Paid
TXN_LOAN0089_15,LOAN0089,CUST0120,15348.45,10596.34,4752.11,2024-08-19,Paid
TXN_LOAN0089_16,LOAN0089,CUST0120,15348.45,10712.45,4636.0,2024-09-19,Paid
TXN_LOAN0089_17,LOAN0089,CUST0120,15348.45,10829.82,4518.63,2024-10-19,Paid
TXN_LOAN0089_18,LOAN0089,CUST0120,15348.45,10948.48,4399.97,2024-11-19,Paid
TXN_LOAN0089_19,LOAN0089,CUST0120,15348.45,11068.44,4280.01,2024-12-19,Paid
TXN_LOAN0089_20,LOAN0089,CUST0120,15348.45,11189.72,4158.73,2025-01-19,Paid
TXN_LOAN0089_21,LOAN0089,CUST0120,15348.45,11312.32,4036.13,2025-02-19,Paid
TXN_LOAN0089_22,LOAN0089,CUST0120,15348.45,11436.27,3912.18,2025-03-19,Paid
TXN_LOAN0089_23,LOAN0089,CUST0120,15348.45,11561.57,3786.88,2025-04-19,Paid
TXN_LOAN0089_24,LOAN0089,CUST0120,15348.45,11688.25,3660.2,2025-05-19,Paid
TXN_LOAN0089_25,LOAN0089,CUST0120,15348.45,11816.32,3532.13,2025-06-19,Missed
TXN_LOAN0089_26,LOAN0089,CUST0120,15348.45,11945.79,3402.66,2025-07-19,Paid
TXN_LOAN0089_27,LOAN0089,CUST0120,15348.45,12076.67,3271.78,2025-08-19,Paid
TXN_LOAN0089_28,LOAN0089,CUST0120,15348.45,12208.99,3139.46,2025-09-19,Paid
TXN_LOAN0089_29,LOAN0089,CUST0120,15348.45,12342.77,3005.68,2025-10-19,Paid
TXN_LOAN0089_30,LOAN0089,CUST0120,15348.45,12478.0,2870.45,2025-11-19,Paid
TXN_LOAN0089_31,LOAN0089,CUST0120,15348.45,12614.72,2733.73,2025-12-19,Paid
TXN_LOAN0089_32,LOAN0089,CUST0120,15348.45,12752.94,2595.51,2026-01-19,Paid
TXN_LOAN0089_33,LOAN0089,CUST0120,15348.45,12892.67,2455.78,2026-02-19,Paid
TXN_LOAN0089_34,LOAN0089,CUST0120,15348.45,13033.93,2314.52,2026-03-19,Paid
TXN_LOAN0089_35,LOAN0089,CUST0120,15348.45,13176.74,2171.71,2026-04-19,Paid
TXN_LOAN0089_36,LOAN0089,CUST0120,15348.45,13321.12,2027.33,2026-05-19,Paid
TXN_LOAN0089_37,LOAN0089,CUST0120,15348.45,13467.08,1881.37,2026-06-19,Paid
TXN_LOAN0089_38,LOAN0089,CUST0120,15348.45,13614.63,1733.82,2026-07-19,Paid
TXN_LOAN0089_39,LOAN0089,CUST0120,15348.45,13763.81,1584.64,2026-08-19,Paid
TXN_LOAN0089_40,LOAN0089,CUST0120,15348.45,13914.61,1433.84,2026-09-19,Paid
TXN_LOAN0089_41,LOAN0089,CUST0120,15348.45,14067.07,1281.38,2026-10-19,Paid
TXN_LOAN0089_42,LOAN0089,CUST0120,15348.45,14221.2,1127.25,2026-11-19,Paid
TXN_LOAN0089_43,LOAN0089,CUST0120,15348.45,14377.02,971.43,2026-12-19,Paid
TXN_LOAN0089_44,LOAN0089,CUST0120,15348.45,14534.55,813.9,2027-01-19,Paid
TXN_LOAN0089_45,LOAN0089,CUST0120,15348.45,14693.8,654.65,2027-02-19,Paid
TXN_LOAN0089_46,LOAN0089,CUST0120,15348.45,14854.8,493.65,2027-03-19,Paid
TXN_LOAN0089_47,LOAN0089,CUST0120,15348.45,15017.56,330.89,2027-04-19,Paid
TXN_LOAN0089_48,LOAN0089,CUST0120,15348.45,15182.0,166.45,2027-05-19,Paid
TXN_LOAN0090_1,LOAN0090,CUST0037,7034.5,4976.49,2058.01,2023-08-30,Paid
TXN_LOAN0090_2,LOAN0090,CUST0037,7034.5,5024.57,2009.93,2023-09-30,Paid
TXN_LOAN0090_3,LOAN0090,CUST0037,7034.5,5073.11,1961.39,2023-10-30,Paid
TXN_LOAN0090_4,LOAN0090,CUST0037,7034.5,5122.11,1912.39,2023-11-30,Paid
TXN_LOAN0090_5,LOAN0090,CUST0037,7034.5,5171.6,1862.9,2023-12-30,Paid
TXN_LOAN0090_6,LOAN0090,CUST0037,7034.5,5221.55,1812.95,2024-01-30,Missed
TXN_LOAN0090_7,LOAN0090,CUST0037,7034.5,5272.0,1762.5,2024-02-29,Paid
TXN_LOAN0090_8,LOAN0090,CUST0037,7034.5,5322.93,1711.57,2024-03-30,Paid
TXN_LOAN0090_9,LOAN0090,CUST0037,7034.5,5374.35,1660.15,2024-04-30,Paid
TXN_LOAN0090_10,LOAN0090,CUST0037,7034.5,5426.26,1608.24,2024-05-30,Paid
TXN_LOAN0090_11,LOAN0090,CUST0037,7034.5,5478.68,1555.82,2024-06-30,Paid
TXN_LOAN0090_12,LOAN0090,CUST0037,7034.5,5531.61,1502.89,2024-07-30,Paid
TXN_LOAN0090_13,LOAN0090,CUST0037,7034.5,5585.05,1449.45,2024-08-30,Paid
TXN_LOAN0090_14,LOAN0090,CUST0037,7034.5,5639.0,1395.5,2024-09-30,Paid
TXN_LOAN0090_15,LOAN0090,CUST0037,7034.5,5693.47,1341.03,2024-10-30,Paid
TXN_LOAN0090_16,LOAN0090,CUST0037,7034.5,5748.47,1286.03,2024-11-30,Paid
TXN_LOAN0090_17,LOAN0090,CUST0037,7034.5,5804.01,1230.49,2024-12-30,Paid
TXN_LOAN0090_18,LOAN0090,CUST0037,7034.5,5860.07,1174.43,2025-01-30,Paid
TXN_LOAN0090_19,LOAN0090,CUST0037,7034.5,5916.68,1117.82,2025-02-28,Paid
TXN_LOAN0090_20,LOAN0090,CUST0037,7034.5,5973.84,1060.66,2025-03-30,Paid
TXN_LOAN0090_21,LOAN0090,CUST0037,7034.5,6031.55,1002.95,2025-04-30,Paid
TXN_LOAN0090_22,LOAN0090,CUST0037,7034.5,6089.82,944.68,2025-05-30,Paid
TXN_LOAN0090_23,LOAN0090,CUST0037,7034.5,6148.64,885.86,2025-06-30,Paid
TXN_LOAN0090_24,LOAN0090,CUST0037,7034.5,6208.04,826.46,2025-07-30,Paid
TXN_LOAN0090_25,LOAN0090,CUST0037,7034.5,6268.01,766.49,2025-08-30,Paid
TXN_LOAN0090_26,LOAN0090,CUST0037,7034.5,6328.56,705.94,2025-09-30,Paid
TXN_LOAN0090_27,LOAN0090,CUST0037,7034.5,6389.7,644.8,2025-10-30,Paid
TXN_LOAN0090_28,LOAN0090,CUST0037,7034.5,6451.43,583.07,2025-11-30,Paid
TXN_LOAN0090_29,LOAN0090,CUST0037,7034.5,6513.75,520.75,2025-12-30,Paid
TXN_LOAN0090_30,LOAN0090,CUST0037,7034.5,6576.67,457.83,2026-01-30,Paid
TXN_LOAN0090_31,LOAN0090,CUST0037,7034.5,6640.21,394.29,2026-02-28,Paid
TXN_LOAN0090_32,LOAN0090,CUST0037,7034.5,6704.35,330.15,2026-03-30,Paid
TXN_LOAN0090_33,LOAN0090,CUST0037,7034.5,6769.12,265.38,2026-04-30,Paid
TXN_LOAN0090_34,LOAN0090,CUST0037,7034.5,6834.51,199.99,2026-05-30,Paid
TXN_LOAN0090_35,LOAN0090,CUST0037,7034.5,6900.53,133.97,2026-06-30,Missed
TXN_LOAN0090_36,LOAN0090,CUST0037,7034.5,6967.26,67.24,2026-07-30,Paid
TXN_LOAN0091_1,LOAN0091,CUST0072,26758.71,15377.25,11381.46,2023-02-28,Paid
TXN_LOAN0091_2,LOAN0091,CUST0072,26758.71,15555.74,11202.97,2023-03-28,Missed
TXN_LOAN0091_3,LOAN0091,CUST0072,26758.71,15736.31,11022.4,2023-04-28,Paid
TXN_LOAN0091_4,LOAN0091,CUST0072,26758.71,15918.98,10839.73,2023-05-28,Missed
TXN_LOAN0091_5,LOAN0091,CUST0072,26758.71,16103.77,10654.94,2023-06-28,Missed
TXN_LOAN0091_6,LOAN0091,CUST0072,26758.71,16290.7,10468.01,2023-07-28,Paid
TXN_LOAN0091_7,LOAN0091,CUST0072,26758.71,16479.8,10278.91,2023-08-28,Paid
TXN_LOAN0091_8,LOAN0091,CUST0072,26758.71,16671.09,10087.62,2023-09-28,Paid
TXN_LOAN0091_9,LOAN0091,CUST0072,26758.71,16864.61,9894.1,2023-10-28,Paid
TXN_LOAN0091_10,LOAN0091,CUST0072,26758.71,17060.37,9698.34,2023-11-28,Paid
TXN_LOAN0091_11,LOAN0091,CUST0072,26758.71,17258.41,9500.3,2023-12-28,Paid
TXN_LOAN0091_12,LOAN0091,CUST0072,26758.71,17458.74,9299.97,2024-01-28,Paid
TXN_LOAN0091_13,LOAN0091,CUST0072,26758.71,17661.4,9097.31,2024-02-28,Paid
TXN_LOAN0091_14,LOAN0091,CUST0072,26758.71,17866.42,8892.29,2024-03-28,Missed
TXN_LOAN0091_15,LOAN0091,CUST0072,26758.71,18073.81,8684.9,2024-04-28,Paid
TXN_LOAN0091_16,LOAN0091,CUST0072,26758.71,18283.61,8475.1,2024-05-28,Paid
TXN_LOAN0091_17,LOAN0091,CUST0072,26758.71,18495.84,8262.87,2024-06-28,Paid
TXN_LOAN0091_18,LOAN0091,CUST0072,26758.71,18710.54,8048.17,2024-07-28,Paid
TXN_LOAN0091_19,LOAN0091,CUST0072,26758.71,18927.73,7830.98,2024-08-28,Paid
TXN_LOAN0091_20,LOAN0091,CUST0072,26758.71,19147.44,7611.27,2024-09-28,Paid
TXN_LOAN0091_21,LOAN0091,CUST0072,26758.71,19369.7,7389.01,2024-10-28,Missed
TXN_LOAN0091_22,LOAN0091,CUST0072,26758.71,19594.55,7164.16,2024-11-28,Paid
TXN_LOAN0091_23,LOAN0091,CUST0072,26758.71,19822.0,6936.71,2024-12-28,Paid
TXN_LOAN0091_24,LOAN0091,CUST0072,26758.71,20052.09,6706.62,2025-01-28,Paid
TXN_LOAN0091_25,LOAN0091,CUST0072,26758.71,20284.85,6473.86,2025-02-28,Missed
TXN_LOAN0091_26,LOAN0091,CUST0072,26758.71,20520.32,6238.39,2025-03-28,Paid
TXN_LOAN0091_27,LOAN0091,CUST0072,26758.71,20758.52,6000.19,2025-04-28,Paid
TXN_LOAN0091_28,LOAN0091,CUST0072,26758.71,20999.48,5759.23,2025-05-28,Paid
TXN_LOAN0091_29,LOAN0091,CUST0072,26758.71,21243.24,5515.47,2025-06-28,Paid
TXN_LOAN0091_30,LOAN0091,CUST0072,26758.71,21489.83,5268.88,2025-07-28,Paid
TXN_LOAN0091_31,LOAN0091,CUST0072,26758.71,21739.28,5019.43,2025-08-28,Paid
TXN_LOAN0091_32,LOAN0091,CUST0072,26758.71,21991.63,4767.08,2025-09-28,Paid
TXN_LOAN0091_33,LOAN0091,CUST0072,26758.71,22246.91,4511.8,2025-10-28,Paid
TXN_LOAN0091_34,LOAN0091,CUST0072,26758.71,22505.15,4253.56,2025-11-28,Paid
TXN_LOAN0091_35,LOAN0091,CUST0072,26758.71,22766.39,3992.32,2025-12-28,Paid
TXN_LOAN0091_36,LOAN0091,CUST0072,26758.71,23030.66,3728.05,2026-01-28,Paid
TXN_LOAN0091_37,LOAN0091,CUST0072,26758.71,23298.0,3460.71,2026-02-28,Paid
TXN_LOAN0091_38,LOAN0091,CUST0072,26758.71,23568.44,3190.27,2026-03-28,Paid
TXN_LOAN0091_39,LOAN0091,CUST0072,26758.71,23842.02,2916.69,2026-04-28,Paid
TXN_LOAN0091_40,LOAN0091,CUST0072,26758.71,24118.77,2639.94,2026-05-28,Paid
TXN_LOAN0091_41,LOAN0091,CUST0072,26758.71,24398.74,2359.97,2026-06-28,Paid
TXN_LOAN0091_42,LOAN0091,CUST0072,26758.71,24681.96,2076.75,2026-07-28,Paid
TXN_LOAN0091_43,LOAN0091,CUST0072,26758.71,24968.47,1790.24,2026-08-28,Paid
TXN_LOAN0091_44,LOAN0091,CUST0072,26758.71,25258.3,1500.41,2026-09-28,Paid
TXN_LOAN0091_45,LOAN0091,CUST0072,26758.71,25551.5,1207.21,2026-10-28,Paid
TXN_LOAN0091_46,LOAN0091,CUST0072,26758.71,25848.1,910.61,2026-11-28,Missed
TXN_LOAN0091_47,LOAN0091,CUST0072,26758.71,26148.14,610.57,2026-12-28,Paid
TXN_LOAN0091_48,LOAN0091,CUST0072,26758.71,26451.4,307.31,2027-01-28,Paid
TXN_LOAN0092_1,LOAN0092,CUST0127,10040.54,8287.06,1753.48,2023-03-20,Paid
TXN_LOAN0092_2,LOAN0092,CUST0127,10040.54,8353.6,1686.94,2023-04-20,Missed
TXN_LOAN0092_3,LOAN0092,CUST0127,10040.54,8420.68,1619.86,2023-05-20,Paid
TXN_LOAN0092_4,LOAN0092,CUST0127,10040.54,8488.29,1552.25,2023-06-20,Paid
TXN_LOAN0092_5,LOAN0092,CUST0127,10040.54,8556.45,1484.09,2023-07-20,Paid
TXN_LOAN0092_6,LOAN0092,CUST0127,10040.54,8625.15,1415.39,2023-08-20,Paid
TXN_LOAN0092_7,LOAN0092,CUST0127,10040.54,8694.4,1346.14,2023-09-20,Paid
TXN_LOAN0092_8,LOAN0092,CUST0127,10040.54,8764.21,1276.33,2023-10-20,Paid
TXN_LOAN0092_9,LOAN0092,CUST0127,10040.54,8834.58,1205.96,2023-11-20,Paid
TXN_LOAN0092_10,LOAN0092,CUST0127,10040.54,8905.52,1135.02,2023-12-20,Paid
TXN_LOAN0092_11,LOAN0092,CUST0127,10040.54,8977.03,1063.51,2024-01-20,Paid
TXN_LOAN0092_12,LOAN0092,CUST0127,10040.54,9049.11,991.43,2024-02-20,Paid
TXN_LOAN0092_13,LOAN0092,CUST0127,10040.54,9121.76,918.78,2024-03-20,Paid
TXN_LOAN0092_14,LOAN0092,CUST0127,10040.54,9195.01,845.53,2024-04-20,Paid
TXN_LOAN0092_15,LOAN0092,CUST0127,10040.54,9268.84,771.7,2024-05-20,Paid
TXN_LOAN0092_16,LOAN0092,CUST0127,10040.54,9343.26,697.28,2024-06-20,Paid
TXN_LOAN0092_17,LOAN0092,CUST0127,10040.54,9418.28,622.26,2024-07-20,Paid
TXN_LOAN0092_18,LOAN0092,CUST0127,10040.54,9493.9,546.64,2024-08-20,Missed
TXN_LOAN0092_19,LOAN0092,CUST0127,10040.54,9570.13,470.41,2024-09-20,Paid
TXN_LOAN0092_20,LOAN0092,CUST0127,10040.54,9646.97,393.57,2024-10-20,Paid
TXN_LOAN0092_21,LOAN0092,CUST0127,10040.54,9724.43,316.11,2024-11-20,Missed
TXN_LOAN0092_22,LOAN0092,CUST0127,10040.54,9802.51,238.03,2024-12-20,Paid
TXN_LOAN0092_23,LOAN0092,CUST0127,10040.54,9881.22,159.32,2025-01-20,Paid
TXN_LOAN0092_24,LOAN0092,CUST0127,10040.54,9960.61,79.93,2025-02-20,Paid
TXN_LOAN0093_1,LOAN0093,CUST0106,77085.16,68469.6,8615.56,2023-10-18,Paid
TXN_LOAN0093_2,LOAN0093,CUST0106,77085.16,69149.21,7935.95,2023-11-18,Paid
TXN_LOAN0093_3,LOAN0093,CUST0106,77085.16,69835.56,7249.6,2023-12-18,Paid
TXN_LOAN0093_4,LOAN0093,CUST0106,77085.16,70528.73,6556.43,2024-01-18,Paid
TXN_LOAN0093_5,LOAN0093,CUST0106,77085.16,71228.77,5856.39,2024-02-18,Paid
TXN_LOAN0093_6,LOAN0093,CUST0106,77085.16,71935.77,5149.39,2024-03-18,Paid
TXN_LOAN0093_7,LOAN0093,CUST0106,77085.16,72649.78,4435.38,2024-04-18,Paid
TXN_LOAN0093_8,LOAN0093,CUST0106,77085.16,73370.88,3714.28,2024-05-18,Paid
TXN_LOAN0093_9,LOAN0093,CUST0106,77085.16,74099.13,2986.03,2024-06-18,Paid
TXN_LOAN0093_10,LOAN0093,CUST0106,77085.16,74834.62,2250.54,2024-07-18,Paid
TXN_LOAN0093_11,LOAN0093,CUST0106,77085.16,75577.4,1507.76,2024-08-18,Paid
TXN_LOAN0093_12,LOAN0093,CUST0106,77085.16,76327.55,757.61,2024-09-18,Paid
TXN_LOAN0094_1,LOAN0094,CUST0092,13535.53,7991.43,5544.1,2023-10-18,Paid
TXN_LOAN0094_2,LOAN0094,CUST0092,13535.53,8109.26,5426.27,2023-11-18,Paid
TXN_LOAN0094_3,LOAN0094,CUST0092,13535.53,8228.84,5306.69,2023-12-18,Paid
TXN_LOAN0094_4,LOAN0094,CUST0092,13535.53,8350.17,5185.36,2024-01-18,Paid
TXN_LOAN0094_5,LOAN0094,CUST0092,13535.53,8473.3,5062.23,2024-02-18,Missed
TXN_LOAN0094_6,LOAN0094,CUST0092,13535.53,8598.24,4937.29,2024-03-18,Paid
TXN_LOAN0094_7,LOAN0094,CUST0092,13535.53,8725.02,4810.51,2024-04-18,Paid
TXN_LOAN0094_8,LOAN0094,CUST0092,13535.53,8853.67,4681.86,2024-05-18,Paid
TXN_LOAN0094_9,LOAN0094,CUST0092,13535.53,8984.22,4551.31,2024-06-18,Missed
TXN_LOAN0094_10,LOAN0094,CUST0092,13535.53,9116.69,4418.84,2024-07-18,Paid
TXN_LOAN0094_11,LOAN0094,CUST0092,13535.53,9251.12,4284.41,2024-08-18,Paid
TXN_LOAN0094_12,LOAN0094,CUST0092,13535.53,9387.53,4148.0,2024-09-18,Paid
TXN_LOAN0094_13,LOAN0094,CUST0092,13535.53,9525.95,4009.58,2024-10-18,Paid
TXN_LOAN0094_14,LOAN0094,CUST0092,13535.53,9666.41,3869.12,2024-11-18,Paid
TXN_LOAN0094_15,LOAN0094,CUST0092,13535.53,9808.94,3726.59,2024-12-18,Paid
TXN_LOAN0094_16,LOAN0094,CUST0092,13535.53,9953.57,3581.96,2025-01-18,Missed
TXN_LOAN0094_17,LOAN0094,CUST0092,13535.53,10100.34,3435.19,2025-02-18,Paid
TXN_LOAN0094_18,LOAN0094,CUST0092,13535.53,10249.27,3286.26,2025-03-18,Paid
TXN_LOAN0094_19,LOAN0094,CUST0092,13535.53,10400.4,3135.13,2025-04-18,Missed
TXN_LOAN0094_20,LOAN0094,CUST0092,13535.53,10553.75,2981.78,2025-05-18,Paid
TXN_LOAN0094_21,LOAN0094,CUST0092,13535.53,10709.37,2826.16,2025-06-18,Paid
TXN_LOAN0094_22,LOAN0094,CUST0092,13535.53,10867.28,2668.25,2025-07-18,Paid
TXN_LOAN0094_23,LOAN0094,CUST0092,13535.53,11027.52,2508.01,2025-08-18,Paid
TXN_LOAN0094_24,LOAN0094,CUST0092,13535.53,11190.12,2345.41,2025-09-18,Paid
TXN_LOAN0094_25,LOAN0094,CUST0092,13535.53,11355.12,2180.41,2025-10-18,Paid
TXN_LOAN0094_26,LOAN0094,CUST0092,13535.53,11522.55,2012.98,2025-11-18,Paid
TXN_LOAN0094_27,LOAN0094,CUST0092,13535.53,11692.45,1843.08,2025-12-18,Paid
TXN_LOAN0094_28,LOAN0094,CUST0092,13535.53,11864.86,1670.67,2026-01-18,Paid
TXN_LOAN0094_29,LOAN0094,CUST0092,13535.53,12039.81,1495.72,2026-02-18,Paid
TXN_LOAN0094_30,LOAN0094,CUST0092,13535.53,12217.34,1318.19,2026-03-18,Paid
TXN_LOAN0094_31,LOAN0094,CUST0092,13535.53,12397.48,1138.05,2026-04-18,Paid
TXN_LOAN0094_32,LOAN0094,CUST0092,13535.53,12580.28,955.25,2026-05-18,Paid
TXN_LOAN0094_33,LOAN0094,CUST0092,13535.53,12765.78,769.75,2026-06-18,Paid
TXN_LOAN0094_34,LOAN0094,CUST0092,13535.53,12954.01,581.52,2026-07-18,Paid
TXN_LOAN0094_35,LOAN0094,CUST0092,13535.53,13145.02,390.51,2026-08-18,Paid
TXN_LOAN0094_36,LOAN0094,CUST0092,13535.53,13338.89,196.64,2026-09-18,Paid
TXN_LOAN0095_1,LOAN0095,CUST0031,7916.46,5194.22,2722.24,2024-01-16,Paid
TXN_LOAN0095_2,LOAN0095,CUST0031,7916.46,5240.02,2676.44,2024-02-16,Paid
TXN_LOAN0095_3,LOAN0095,CUST0031,7916.46,5286.22,2630.24,2024-03-16,Paid
TXN_LOAN0095_4,LOAN0095,CUST0031,7916.46,5332.84,2583.62,2024-04-16,Paid
TXN_LOAN0095_5,LOAN0095,CUST0031,7916.46,5379.86,2536.6,2024-05-16,Paid
TXN_LOAN0095_6,LOAN0095,CUST0031,7916.46,5427.3,2489.16,2024-06-16,Paid
TXN_LOAN0095_7,LOAN0095,CUST0031,7916.46,5475.16,2441.3,2024-07-16,Paid
TXN_LOAN0095_8,LOAN0095,CUST0031,7916.46,5523.43,2393.03,2024-08-16,Paid
TXN_LOAN0095_9,LOAN0095,CUST0031,7916.46,5572.14,2344.32,2024-09-16,Paid
TXN_LOAN0095_10,LOAN0095,CUST0031,7916.46,5621.27,2295.19,2024-10-16,Paid
TXN_LOAN0095_11,LOAN0095,CUST0031,7916.46,5670.84,2245.62,2024-11-16,Paid
TXN_LOAN0095_12,LOAN0095,CUST0031,7916.46,5720.84,2195.62,2024-12-16,Paid
TXN_LOAN0095_13,LOAN0095,CUST0031,7916.46,5771.29,2145.17,2025-01-16,Paid
TXN_LOAN0095_14,LOAN0095,CUST0031,7916.46,5822.18,2094.28,2025-02-16,Paid
TXN_LOAN0095_15,LOAN0095,CUST0031,7916.46,5873.52,2042.94,2025-03-16,Paid
TXN_LOAN0095_16,LOAN0095,CUST0031,7916.46,5925.31,1991.15,2025-04-16,Paid
TXN_LOAN0095_17,LOAN0095,CUST0031,7916.46,5977.56,1938.9,2025-05-16,Paid
TXN_LOAN0095_18,LOAN0095,CUST0031,7916.46,6030.27,1886.19,2025-06-16,Paid
TXN_LOAN0095_19,LOAN0095,CUST0031,7916.46,6083.44,1833.02,2025-07-16,Paid
TXN_LOAN0095_20,LOAN0095,CUST0031,7916.46,6137.08,1779.38,2025-08-16,Paid
TXN_LOAN0095_21,LOAN0095,CUST0031,7916.46,6191.2,1725.26,2025-09-16,Paid
TXN_LOAN0095_22,LOAN0095,CUST0031,7916.46,6245.79,1670.67,2025-10-16,Paid
TXN_LOAN0095_23,LOAN0095,CUST0031,7916.46,6300.86,1615.6,2025-11-16,Paid
TXN_LOAN0095_24,LOAN0095,CUST0031,7916.46,6356.42,1560.04,2025-12-16,Paid
TXN_LOAN0095_25,LOAN0095,CUST0031,7916.46,6412.47,1503.99,2026-01-16,Paid
TXN_LOAN0095_26,LOAN0095,CUST0031,7916.46,6469.02,1447.44,2026-02-16,Paid
TXN_LOAN0095_27,LOAN0095,CUST0031,7916.46,6526.06,1390.4,2026-03-16,Paid
TXN_LOAN0095_28,LOAN0095,CUST0031,7916.46,6583.61,1332.85,2026-04-16,Paid
TXN_LOAN0095_29,LOAN0095,CUST0031,7916.46,6641.66,1274.8,2026-05-16,Paid
TXN_LOAN0095_30,LOAN0095,CUST0031,7916.46,6700.22,1216.24,2026-06-16,Paid
TXN_LOAN0095_31,LOAN0095,CUST0031,7916.46,6759.3,1157.16,2026-07-16,Paid
TXN_LOAN0095_32,LOAN0095,CUST0031,7916.46,6818.91,1097.55,2026-08-16,Paid
TXN_LOAN0095_33,LOAN0095,CUST0031,7916.46,6879.03,1037.43,2026-09-16,Paid
TXN_LOAN0095_34,LOAN0095,CUST0031,7916.46,6939.69,976.77,2026-10-16,Paid
TXN_LOAN0095_35,LOAN0095,CUST0031,7916.46,7000.88,915.58,2026-11-16,Paid
TXN_LOAN0095_36,LOAN0095,CUST0031,7916.46,7062.62,853.84,2026-12-16,Paid
TXN_LOAN0095_37,LOAN0095,CUST0031,7916.46,7124.89,791.57,2027-01-16,Paid
TXN_LOAN0095_38,LOAN0095,CUST0031,7916.46,7187.72,728.74,2027-02-16,Paid
TXN_LOAN0095_39,LOAN0095,CUST0031,7916.46,7251.1,665.36,2027-03-16,Paid
TXN_LOAN0095_40,LOAN0095,CUST0031,7916.46,7315.04,601.42,2027-04-16,Paid
TXN_LOAN0095_41,LOAN0095,CUST0031,7916.46,7379.54,536.92,2027-05-16,Paid
TXN_LOAN0095_42,LOAN0095,CUST0031,7916.46,7444.61,471.85,2027-06-16,Paid
TXN_LOAN0095_43,LOAN0095,CUST0031,7916.46,7510.26,406.2,2027-07-16,Missed
TXN_LOAN0095_44,LOAN0095,CUST0031,7916.46,7576.48,339.98,2027-08-16,Paid
TXN_LOAN0095_45,LOAN0095,CUST0031,7916.46,7643.29,273.17,2027-09-16,Paid
TXN_LOAN0095_46,LOAN0095,CUST0031,7916.46,7710.68,205.78,2027-10-16,Paid
TXN_LOAN0095_47,LOAN0095,CUST0031,7916.46,7778.67,137.79,2027-11-16,Paid
TXN_LOAN0095_48,LOAN0095,CUST0031,7916.46,7847.19,69.27,2027-12-16,Paid
TXN_LOAN0096_1,LOAN0096,CUST0122,6273.32,4062.98,2210.34,2024-01-18,Paid
TXN_LOAN0096_2,LOAN0096,CUST0122,6273.32,4112.3,2161.02,2024-02-18,Paid
TXN_LOAN0096_3,LOAN0096,CUST0122,6273.32,4162.22,2111.1,2024-03-18,Missed
TXN_LOAN0096_4,LOAN0096,CUST0122,6273.32,4212.75,2060.57,2024-04-18,Paid
TXN_LOAN0096_5,LOAN0096,CUST0122,6273.32,4263.89,2009.43,2024-05-18,Paid
TXN_LOAN0096_6,LOAN0096,CUST0122,6273.32,4315.65,1957.67,2024-06-18,Paid
TXN_LOAN0096_7,LOAN0096,CUST0122,6273.32,4368.04,1905.28,2024-07-18,Paid
TXN_LOAN0096_8,LOAN0096,CUST0122,6273.32,4421.07,1852.25,2024-08-18,Paid
TXN_LOAN0096_9,LOAN0096,CUST0122,6273.32,4474.73,1798.59,2024-09-18,Paid
TXN_LOAN0096_10,LOAN0096,CUST0122,6273.32,4529.06,1744.26,2024-10-18,Paid
TXN_LOAN0096_11,LOAN0096,CUST0122,6273.32,4584.04,1689.28,2024-11-18,Paid
TXN_LOAN0096_12,LOAN0096,CUST0122,6273.32,4639.68,1633.64,2024-12-18,Paid
TXN_LOAN0096_13,LOAN0096,CUST0122,6273.32,4696.01,1577.31,2025-01-18,Paid
TXN_LOAN0096_14,LOAN0096,CUST0122,6273.32,4753.01,1520.31,2025-02-18,Paid
TXN_LOAN0096_15,LOAN0096,CUST0122,6273.32,4810.71,1462.61,2025-03-18,Paid
TXN_LOAN0096_16,LOAN0096,CUST0122,6273.32,4869.11,1404.21,2025-04-18,Paid
TXN_LOAN0096_17,LOAN0096,CUST0122,6273.32,4928.22,1345.1,2025-05-18,Paid
TXN_LOAN0096_18,LOAN0096,CUST0122,6273.32,4988.05,1285.27,2025-06-18,Paid
TXN_LOAN0096_19,LOAN0096,CUST0122,6273.32,5048.6,1224.72,2025-07-18,Paid
TXN_LOAN0096_20,LOAN0096,CUST0122,6273.32,5109.89,1163.43,2025-08-18,Paid
TXN_LOAN0096_21,LOAN0096,CUST0122,6273.32,5171.92,1101.4,2025-09-18,Paid
TXN_LOAN0096_22,LOAN0096,CUST0122,6273.32,5234.7,1038.62,2025-10-18,Paid
TXN_LOAN0096_23,LOAN0096,CUST0122,6273.32,5298.25,975.07,2025-11-18,Paid
TXN_LOAN0096_24,LOAN0096,CUST0122,6273.32,5362.57,910.75,2025-12-18,Paid
TXN_LOAN0096_25,LOAN0096,CUST0122,6273.32,5427.67,845.65,2026-01-18,Paid
TXN_LOAN0096_26,LOAN0096,CUST0122,6273.32,5493.55,779.77,2026-02-18,Paid
TXN_LOAN0096_27,LOAN0096,CUST0122,6273.32,5560.24,713.08,2026-03-18,Paid
TXN_LOAN0096_28,LOAN0096,CUST0122,6273.32,5627.74,645.58,2026-04-18,Paid
TXN_LOAN0096_29,LOAN0096,CUST0122,6273.32,5696.06,577.26,2026-05-18,Paid
TXN_LOAN0096_30,LOAN0096,CUST0122,6273.32,5765.21,508.11,2026-06-18,Paid
TXN_LOAN0096_31,LOAN0096,CUST0122,6273.32,5835.19,438.13,2026-07-18,Missed
TXN_LOAN0096_32,LOAN0096,CUST0122,6273.32,5906.03,367.29,2026-08-18,Paid
TXN_LOAN0096_33,LOAN0096,CUST0122,6273.32,5977.73,295.59,2026-09-18,Paid
TXN_LOAN0096_34,LOAN0096,CUST0122,6273.32,6050.29,223.03,2026-10-18,Paid
TXN_LOAN0096_35,LOAN0096,CUST0122,6273.32,6123.74,149.58,2026-11-18,Paid
TXN_LOAN0096_36,LOAN0096,CUST0122,6273.32,6198.1,75.22,2026-12-18,Paid
TXN_LOAN0097_1,LOAN0097,CUST0137,6545.32,4181.92,2363.4,2023-02-08,Paid
TXN_LOAN0097_2,LOAN0097,CUST0137,6545.32,4221.14,2324.18,2023-03-08,Paid
TXN_LOAN0097_3,LOAN0097,CUST0137,6545.32,4260.72,2284.6,2023-04-08,Paid
TXN_LOAN0097_4,LOAN0097,CUST0137,6545.32,4300.67,2244.65,2023-05-08,Paid
TXN_LOAN0097_5,LOAN0097,CUST0137,6545.32,4340.99,2204.33,2023-06-08,Paid
TXN_LOAN0097_6,LOAN0097,CUST0137,6545.32,4381.7,2163.62,2023-07-08,Paid
TXN_LOAN0097_7,LOAN0097,CUST0137,6545.32,4422.78,2122.54,2023-08-08,Paid
TXN_LOAN0097_8,LOAN0097,CUST0137,6545.32,4464.25,2081.07,2023-09-08,Paid
TXN_LOAN0097_9,LOAN0097,CUST0137,6545.32,4506.11,2039.21,2023-10-08,Paid
TXN_LOAN0097_10,LOAN0097,CUST0137,6545.32,4548.36,1996.96,2023-11-08,Missed
TXN_LOAN0097_11,LOAN0097,CUST0137,6545.32,4591.01,1954.31,2023-12-08,Paid
TXN_LOAN0097_12,LOAN0097,CUST0137,6545.32,4634.06,1911.26,2024-01-08,Paid
TXN_LOAN0097_13,LOAN0097,CUST0137,6545.32,4677.51,1867.81,2024-02-08,Paid
TXN_LOAN0097_14,LOAN0097,CUST0137,6545.32,4721.37,1823.95,2024-03-08,Paid
TXN_LOAN0097_15,LOAN0097,CUST0137,6545.32,4765.64,1779.68,2024-04-08,Paid
TXN_LOAN0097_16,LOAN0097,CUST0137,6545.32,4810.33,1734.99,2024-05-08,Missed
TXN_LOAN0097_17,LOAN0097,CUST0137,6545.32,4855.43,1689.89,2024-06-08,Paid
TXN_LOAN0097_18,LOAN0097,CUST0137,6545.32,4900.96,1644.36,2024-07-08,Paid
TXN_LOAN0097_19,LOAN0097,CUST0137,6545.32,4946.91,1598.41,2024-08-08,Paid
TXN_LOAN0097_20,LOAN0097,CUST0137,6545.32,4993.3,1552.02,2024-09-08,Paid
TXN_LOAN0097_21,LOAN0097,CUST0137,6545.32,5040.12,1505.2,2024-10-08,Paid
TXN_LOAN0097_22,LOAN0097,CUST0137,6545.32,5087.38,1457.94,2024-11-08,Paid
TXN_LOAN0097_23,LOAN0097,CUST0137,6545.32,5135.08,1410.24,2024-12-08,Paid
TXN_LOAN0097_24,LOAN0097,CUST0137,6545.32,5183.23,1362.09,2025-01-08,Paid
TXN_LOAN0097_25,LOAN0097,CUST0137,6545.32,5231.83,1313.49,2025-02-08,Paid
TXN_LOAN0097_26,LOAN0097,CUST0137,6545.32,5280.89,1264.43,2025-03-08,Paid
TXN_LOAN0097_27,LOAN0097,CUST0137,6545.32,5330.4,1214.92,2025-04-08,Paid
TXN_LOAN0097_28,LOAN0097,CUST0137,6545.32,5380.38,1164.94,2025-05-08,Paid
TXN_LOAN0097_29,LOAN0097,CUST0137,6545.32,5430.83,1114.49,2025-06-08,Paid
TXN_LOAN0097_30,LOAN0097,CUST0137,6545.32,5481.76,1063.56,2025-07-08,Paid
TXN_LOAN0097_31,LOAN0097,CUST0137,6545.32,5533.16,1012.16,2025-08-08,Paid
TXN_LOAN0097_32,LOAN0097,CUST0137,6545.32,5585.04,960.28,2025-09-08,Paid
TXN_LOAN0097_33,LOAN0097,CUST0137,6545.32,5637.41,907.91,2025-10-08,Paid
TXN_LOAN0097_34,LOAN0097,CUST0137,6545.32,5690.27,855.05,2025-11-08,Paid
TXN_LOAN0097_35,LOAN0097,CUST0137,6545.32,5743.62,801.7,2025-12-08,Paid
TXN_LOAN0097_36,LOAN0097,CUST0137,6545.32,5797.48,747.84,2026-01-08,Paid
TXN_LOAN0097_37,LOAN0097,CUST0137,6545.32,5851.84,693.48,2026-02-08,Paid
TXN_LOAN0097_38,LOAN0097,CUST0137,6545.32,5906.71,638.61,2026-03-08,Paid
TXN_LOAN0097_39,LOAN0097,CUST0137,6545.32,5962.09,583.23,2026-04-08,Paid
TXN_LOAN0097_40,LOAN0097,CUST0137,6545.32,6018.0,527.32,2026-05-08,Paid
TXN_LOAN0097_41,LOAN0097,CUST0137,6545.32,6074.42,470.9,2026-06-08,Paid
TXN_LOAN0097_42,LOAN0097,CUST0137,6545.32,6131.38,413.94,2026-07-08,Paid
TXN_LOAN0097_43,LOAN0097,CUST0137,6545.32,6188.87,356.45,2026-08-08,Missed
TXN_LOAN0097_44,LOAN0097,CUST0137,6545.32,6246.9,298.42,2026-09-08,Paid
TXN_LOAN0097_45,LOAN0097,CUST0137,6545.32,6305.48,239.84,2026-10-08,Paid
TXN_LOAN0097_46,LOAN0097,CUST0137,6545.32,6364.6,180.72,2026-11-08,Paid
TXN_LOAN0097_47,LOAN0097,CUST0137,6545.32,6424.28,121.04,2026-12-08,Paid
TXN_LOAN0097_48,LOAN0097,CUST0137,6545.32,6484.39,60.93,2027-01-08,Paid
TXN_LOAN0098_1,LOAN0098,CUST0051,31769.58,23239.65,8529.93,2023-12-16,Paid
TXN_LOAN0098_2,LOAN0098,CUST0051,31769.58,23544.38,8225.2,2024-01-16,Paid
TXN_LOAN0098_3,LOAN0098,CUST0051,31769.58,23853.1,7916.48,2024-02-16,Paid
TXN_LOAN0098_4,LOAN0098,CUST0051,31769.58,24165.86,7603.72,2024-03-16,Paid
TXN_LOAN0098_5,LOAN0098,CUST0051,31769.58,24482.73,7286.85,2024-04-16,Paid
TXN_LOAN0098_6,LOAN0098,CUST0051,31769.58,24803.76,6965.82,2024-05-16,Paid
TXN_LOAN0098_7,LOAN0098,CUST0051,31769.58,25128.99,6640.59,2024-06-16,Paid
TXN_LOAN0098_8,LOAN0098,CUST0051,31769.58,25458.49,6311.09,2024-07-16,Paid
TXN_LOAN0098_9,LOAN0098,CUST0051,31769.58,25792.31,5977.27,2024-08-16,Paid
TXN_LOAN0098_10,LOAN0098,CUST0051,31769.58,26130.5,5639.08,2024-09-16,Paid
TXN_LOAN0098_11,LOAN0098,CUST0051,31769.58,26473.14,5296.44,2024-10-16,Paid
TXN_LOAN0098_12,LOAN0098,CUST0051,31769.58,26820.26,4949.32,2024-11-16,Paid
TXN_LOAN0098_13,LOAN0098,CUST0051,31769.58,27171.93,4597.65,2024-12-16,Paid
TXN_LOAN0098_14,LOAN0098,CUST0051,31769.58,27528.22,4241.36,2025-01-16,Paid
TXN_LOAN0098_15,LOAN0098,CUST0051,31769.58,27889.18,3880.4,2025-02-16,Paid
TXN_LOAN0098_16,LOAN0098,CUST0051,31769.58,28254.87,3514.71,2025-03-16,Paid
TXN_LOAN0098_17,LOAN0098,CUST0051,31769.58,28625.35,3144.23,2025-04-16,Paid
TXN_LOAN0098_18,LOAN0098,CUST0051,31769.58,29000.7,2768.88,2025-05-16,Paid
TXN_LOAN0098_19,LOAN0098,CUST0051,31769.58,29380.96,2388.62,2025-06-16,Paid
TXN_LOAN0098_20,LOAN0098,CUST0051,31769.58,29766.21,2003.37,2025-07-16,Paid
TXN_LOAN0098_21,LOAN0098,CUST0051,31769.58,30156.52,1613.06,2025-08-16,Paid
TXN_LOAN0098_22,LOAN0098,CUST0051,31769.58,30551.94,1217.64,2025-09-16,Paid
TXN_LOAN0098_23,LOAN0098,CUST0051,31769.58,30952.54,817.04,2025-10-16,Paid
TXN_LOAN0098_24,LOAN0098,CUST0051,31769.58,31358.41,411.17,2025-11-16,Paid
TXN_LOAN0099_1,LOAN0099,CUST0029,20023.19,18249.96,1773.23,2023-06-18,Paid
TXN_LOAN0099_2,LOAN0099,CUST0029,20023.19,18391.53,1631.66,2023-07-18,Paid
TXN_LOAN0099_3,LOAN0099,CUST0029,20023.19,18534.2,1488.99,2023-08-18,Paid
TXN_LOAN0099_4,LOAN0099,CUST0029,20023.19,18677.97,1345.22,2023-09-18,Paid
TXN_LOAN0099_5,LOAN0099,CUST0029,20023.19,18822.86,1200.33,2023-10-18,Paid
TXN_LOAN0099_6,LOAN0099,CUST0029,20023.19,18968.88,1054.31,2023-11-18,Paid
TXN_LOAN0099_7,LOAN0099,CUST0029,20023.19,19116.03,907.16,2023-12-18,Paid
TXN_LOAN0099_8,LOAN0099,CUST0029,20023.19,19264.31,758.88,2024-01-18,Paid
TXN_LOAN0099_9,LOAN0099,CUST0029,20023.19,19413.75,609.44,2024-02-18,Paid
TXN_LOAN0099_10,LOAN0099,CUST0029,20023.19,19564.35,458.84,2024-03-18,Paid
TXN_LOAN0099_11,LOAN0099,CUST0029,20023.19,19716.12,307.07,2024-04-18,Paid
TXN_LOAN0099_12,LOAN0099,CUST0029,20023.19,19869.04,154.15,2024-05-18,Paid
TXN_LOAN0100_1,LOAN0100,CUST0040,16164.25,8004.81,8159.44,2023-03-07,Paid
TXN_LOAN0100_2,LOAN0100,CUST0040,16164.25,8122.87,8041.38,2023-04-07,Paid
TXN_LOAN0100_3,LOAN0100,CUST0040,16164.25,8242.67,7921.58,2023-05-07,Paid
TXN_LOAN0100_4,LOAN0100,CUST0040,16164.25,8364.24,7800.01,2023-06-07,Paid
TXN_LOAN0100_5,LOAN0100,CUST0040,16164.25,8487.6,7676.65,2023-07-07,Paid
TXN_LOAN0100_6,LOAN0100,CUST0040,16164.25,8612.78,7551.47,2023-08-07,Paid
TXN_LOAN0100_7,LOAN0100,CUST0040,16164.25,8739.81,7424.44,2023-09-07,Paid
TXN_LOAN0100_8,LOAN0100,CUST0040,16164.25,8868.71,7295.54,2023-10-07,Paid
TXN_LOAN0100_9,LOAN0100,CUST0040,16164.25,8999.51,7164.74,2023-11-07,Paid
TXN_LOAN0100_10,LOAN0100,CUST0040,16164.25,9132.23,7032.02,2023-12-07,Paid
TXN_LOAN0100_11,LOAN0100,CUST0040,16164.25,9266.92,6897.33,2024-01-07,Paid
TXN_LOAN0100_12,LOAN0100,CUST0040,16164.25,9403.59,6760.66,2024-02-07,Paid
TXN_LOAN0100_13,LOAN0100,CUST0040,16164.25,9542.28,6621.97,2024-03-07,Paid
TXN_LOAN0100_14,LOAN0100,CUST0040,16164.25,9683.02,6481.23,2024-04-07,Paid
TXN_LOAN0100_15,LOAN0100,CUST0040,16164.25,9825.83,6338.42,2024-05-07,Paid
TXN_LOAN0100_16,LOAN0100,CUST0040,16164.25,9970.74,6193.51,2024-06-07,Paid
TXN_LOAN0100_17,LOAN0100,CUST0040,16164.25,10117.8,6046.45,2024-07-07,Paid
TXN_LOAN0100_18,LOAN0100,CUST0040,16164.25,10267.02,5897.23,2024-08-07,Paid
TXN_LOAN0100_19,LOAN0100,CUST0040,16164.25,10418.44,5745.81,2024-09-07,Paid
TXN_LOAN0100_20,LOAN0100,CUST0040,16164.25,10572.1,5592.15,2024-10-07,Paid
TXN_LOAN0100_21,LOAN0100,CUST0040,16164.25,10728.02,5436.23,2024-11-07,Paid
TXN_LOAN0100_22,LOAN0100,CUST0040,16164.25,10886.25,5278.0,2024-12-07,Paid
TXN_LOAN0100_23,LOAN0100,CUST0040,16164.25,11046.8,5117.45,2025-01-07,Paid
TXN_LOAN0100_24,LOAN0100,CUST0040,16164.25,11209.73,4954.52,2025-02-07,Paid
TXN_LOAN0100_25,LOAN0100,CUST0040,16164.25,11375.05,4789.2,2025-03-07,Paid
TXN_LOAN0100_26,LOAN0100,CUST0040,16164.25,11542.82,4621.43,2025-04-07,Paid
TXN_LOAN0100_27,LOAN0100,CUST0040,16164.25,11713.06,4451.19,2025-05-07,Missed
TXN_LOAN0100_28,LOAN0100,CUST0040,16164.25,11885.81,4278.44,2025-06-07,Paid
TXN_LOAN0100_29,LOAN0100,CUST0040,16164.25,12061.1,4103.15,2025-07-07,Paid
TXN_LOAN0100_30,LOAN0100,CUST0040,16164.25,12238.99,3925.26,2025-08-07,Paid
TXN_LOAN0100_31,LOAN0100,CUST0040,16164.25,12419.49,3744.76,2025-09-07,Paid
TXN_LOAN0100_32,LOAN0100,CUST0040,16164.25,12602.66,3561.59,2025-10-07,Paid
TXN_LOAN0100_33,LOAN0100,CUST0040,16164.25,12788.53,3375.72,2025-11-07,Paid
TXN_LOAN0100_34,LOAN0100,CUST0040,16164.25,12977.15,3187.1,2025-12-07,Paid
TXN_LOAN0100_35,LOAN0100,CUST0040,16164.25,13168.54,2995.71,2026-01-07,Missed
TXN_LOAN0100_36,LOAN0100,CUST0040,16164.25,13362.76,2801.49,2026-02-07,Paid
TXN_LOAN0100_37,LOAN0100,CUST0040,16164.25,13559.84,2604.41,2026-03-07,Paid
TXN_LOAN0100_38,LOAN0100,CUST0040,16164.25,13759.82,2404.43,2026-04-07,Paid
TXN_LOAN0100_39,LOAN0100,CUST0040,16164.25,13962.76,2201.49,2026-05-07,Paid
TXN_LOAN0100_40,LOAN0100,CUST0040,16164.25,14168.69,1995.56,2026-06-07,Paid
TXN_LOAN0100_41,LOAN0100,CUST0040,16164.25,14377.66,1786.59,2026-07-07,Paid
TXN_LOAN0100_42,LOAN0100,CUST0040,16164.25,14589.71,1574.54,2026-08-07,Paid
TXN_LOAN0100_43,LOAN0100,CUST0040,16164.25,14804.88,1359.37,2026-09-07,Paid
TXN_LOAN0100_44,LOAN0100,CUST0040,16164.25,15023.23,1141.02,2026-10-07,Paid
TXN_LOAN0100_45,LOAN0100,CUST0040,16164.25,15244.8,919.45,2026-11-07,Paid
TXN_LOAN0100_46,LOAN0100,CUST0040,16164.25,15469.64,694.61,2026-12-07,Paid
TXN_LOAN0100_47,LOAN0100,CUST0040,16164.25,15697.8,466.45,2027-01-07,Paid
TXN_LOAN0100_48,LOAN0100,CUST0040,16164.25,15929.44,234.81,2027-02-07,Missed
TXN_LOAN0101_1,LOAN0101,CUST0041,2108.13,1280.03,828.1,2023-05-21,Paid
TXN_LOAN0101_2,LOAN0101,CUST0041,2108.13,1293.41,814.72,2023-06-21,Paid
TXN_LOAN0101_3,LOAN0101,CUST0041,2108.13,1306.92,801.21,2023-07-21,Paid
TXN_LOAN0101_4,LOAN0101,CUST0041,2108.13,1320.58,787.55,2023-08-21,Paid
TXN_LOAN0101_5,LOAN0101,CUST0041,2108.13,1334.37,773.76,2023-09-21,Paid
TXN_LOAN0101_6,LOAN0101,CUST0041,2108.13,1348.32,759.81,2023-10-21,Paid
TXN_LOAN0101_7,LOAN0101,CUST0041,2108.13,1362.4,745.73,2023-11-21,Paid
TXN_LOAN0101_8,LOAN0101,CUST0041,2108.13,1376.64,731.49,2023-12-21,Paid
TXN_LOAN0101_9,LOAN0101,CUST0041,2108.13,1391.02,717.11,2024-01-21,Paid
TXN_LOAN0101_10,LOAN0101,CUST0041,2108.13,1405.56,702.57,2024-02-21,Paid
TXN_LOAN0101_11,LOAN0101,CUST0041,2108.13,1420.24,687.89,2024-03-21,Paid
TXN_LOAN0101_12,LOAN0101,CUST0041,2108.13,1435.08,673.05,2024-04-21,Paid
TXN_LOAN0101_13,LOAN0101,CUST0041,2108.13,1450.07,658.06,2024-05-21,Paid
TXN_LOAN0101_14,LOAN0101,CUST0041,2108.13,1465.22,642.91,2024-06-21,Paid
TXN_LOAN0101_15,LOAN0101,CUST0041,2108.13,1480.53,627.6,2024-07-21,Paid
TXN_LOAN0101_16,LOAN0101,CUST0041,2108.13,1496.0,612.13,2024-08-21,Paid
TXN_LOAN0101_17,LOAN0101,CUST0041,2108.13,1511.63,596.5,2024-09-21,Paid
TXN_LOAN0101_18,LOAN0101,CUST0041,2108.13,1527.43,580.7,2024-10-21,Paid
TXN_LOAN0101_19,LOAN0101,CUST0041,2108.13,1543.39,564.74,2024-11-21,Paid
TXN_LOAN0101_20,LOAN0101,CUST0041,2108.13,1559.51,548.62,2024-12-21,Paid
TXN_LOAN0101_21,LOAN0101,CUST0041,2108.13,1575.81,532.32,2025-01-21,Paid
TXN_LOAN0101_22,LOAN0101,CUST0041,2108.13,1592.27,515.86,2025-02-21,Paid
TXN_LOAN0101_23,LOAN0101,CUST0041,2108.13,1608.91,499.22,2025-03-21,Paid
TXN_LOAN0101_24,LOAN0101,CUST0041,2108.13,1625.72,482.41,2025-04-21,Missed
TXN_LOAN0101_25,LOAN0101,CUST0041,2108.13,1642.7,465.43,2025-05-21,Paid
TXN_LOAN0101_26,LOAN0101,CUST0041,2108.13,1659.87,448.26,2025-06-21,Paid
TXN_LOAN0101_27,LOAN0101,CUST0041,2108.13,1677.21,430.92,2025-07-21,Paid
TXN_LOAN0101_28,LOAN0101,CUST0041,2108.13,1694.73,413.4,2025-08-21,Paid
TXN_LOAN0101_29,LOAN0101,CUST0041,2108.13,1712.44,395.69,2025-09-21,Paid
TXN_LOAN0101_30,LOAN0101,CUST0041,2108.13,1730.33,377.8,2025-10-21,Paid
TXN_LOAN0101_31,LOAN0101,CUST0041,2108.13,1748.41,359.72,2025-11-21,Paid
TXN_LOAN0101_32,LOAN0101,CUST0041,2108.13,1766.68,341.45,2025-12-21,Paid
TXN_LOAN0101_33,LOAN0101,CUST0041,2108.13,1785.14,322.99,2026-01-21,Paid
TXN_LOAN0101_34,LOAN0101,CUST0041,2108.13,1803.79,304.34,2026-02-21,Paid
TXN_LOAN0101_35,LOAN0101,CUST0041,2108.13,1822.64,285.49,2026-03-21,Paid
TXN_LOAN0101_36,LOAN0101,CUST0041,2108.13,1841.68,266.45,2026-04-21,Paid
TXN_LOAN0101_37,LOAN0101,CUST0041,2108.13,1860.92,247.21,2026-05-21,Paid
TXN_LOAN0101_38,LOAN0101,CUST0041,2108.13,1880.36,227.77,2026-06-21,Paid
TXN_LOAN0101_39,LOAN0101,CUST0041,2108.13,1900.01,208.12,2026-07-21,Paid
TXN_LOAN0101_40,LOAN0101,CUST0041,2108.13,1919.86,188.27,2026-08-21,Paid
TXN_LOAN0101_41,LOAN0101,CUST0041,2108.13,1939.92,168.21,2026-09-21,Paid
TXN_LOAN0101_42,LOAN0101,CUST0041,2108.13,1960.19,147.94,2026-10-21,Paid
TXN_LOAN0101_43,LOAN0101,CUST0041,2108.13,1980.67,127.46,2026-11-21,Paid
TXN_LOAN0101_44,LOAN0101,CUST0041,2108.13,2001.37,106.76,2026-12-21,Paid
TXN_LOAN0101_45,LOAN0101,CUST0041,2108.13,2022.28,85.85,2027-01-21,Paid
TXN_LOAN0101_46,LOAN0101,CUST0041,2108.13,2043.41,64.72,2027-02-21,Paid
TXN_LOAN0101_47,LOAN0101,CUST0041,2108.13,2064.76,43.37,2027-03-21,Paid
TXN_LOAN0101_48,LOAN0101,CUST0041,2108.13,2086.57,21.56,2027-04-21,Paid
TXN_LOAN0102_1,LOAN0102,CUST0011,13546.58,8966.48,4580.1,2023-09-08,Paid
TXN_LOAN0102_2,LOAN0102,CUST0011,13546.58,9043.89,4502.69,2023-10-08,Paid
TXN_LOAN0102_3,LOAN0102,CUST0011,13546.58,9121.97,4424.61,2023-11-08,Paid
TXN_LOAN0102_4,LOAN0102,CUST0011,13546.58,9200.73,4345.85,2023-12-08,Missed
TXN_LOAN0102_5,LOAN0102,CUST0011,13546.58,9280.17,4266.41,2024-01-08,Missed
TXN_LOAN0102_6,LOAN0102,CUST0011,13546.58,9360.29,4186.29,2024-02-08,Paid
TXN_LOAN0102_7,LOAN0102,CUST0011,13546.58,9441.11,4105.47,2024-03-08,Paid
TXN_LOAN0102_8,LOAN0102,CUST0011,13546.58,9522.62,4023.96,2024-04-08,Paid
TXN_LOAN0102_9,LOAN0102,CUST0011,13546.58,9604.83,3941.75,2024-05-08,Paid
TXN_LOAN0102_10,LOAN0102,CUST0011,13546.58,9687.76,3858.82,2024-06-08,Paid
TXN_LOAN0102_11,LOAN0102,CUST0011,13546.58,9771.4,3775.18,2024-07-08,Missed
TXN_LOAN0102_12,LOAN0102,CUST0011,13546.58,9855.76,3690.82,2024-08-08,Paid
TXN_LOAN0102_13,LOAN0102,CUST0011,13546.58,9940.86,3605.72,2024-09-08,Missed
TXN_LOAN0102_14,LOAN0102,CUST0011,13546.58,10026.68,3519.9,2024-10-08,Paid
TXN_LOAN0102_15,LOAN0102,CUST0011,13546.58,10113.25,3433.33,2024-11-08,Paid
TXN_LOAN0102_16,LOAN0102,CUST0011,13546.58,10200.57,3346.01,2024-12-08,Paid
TXN_LOAN0102_17,LOAN0102,CUST0011,13546.58,10288.64,3257.94,2025-01-08,Paid
TXN_LOAN0102_18,LOAN0102,CUST0011,13546.58,10377.47,3169.11,2025-02-08,Paid
TXN_LOAN0102_19,LOAN0102,CUST0011,13546.58,10467.06,3079.52,2025-03-08,Paid
TXN_LOAN0102_20,LOAN0102,CUST0011,13546.58,10557.43,2989.15,2025-04-08,Paid
TXN_LOAN0102_21,LOAN0102,CUST0011,13546.58,10648.58,2898.0,2025-05-08,Paid
TXN_LOAN0102_22,LOAN0102,CUST0011,13546.58,10740.52,2806.06,2025-06-08,Paid
TXN_LOAN0102_23,LOAN0102,CUST0011,13546.58,10833.25,2713.33,2025-07-08,Paid
TXN_LOAN0102_24,LOAN0102,CUST0011,13546.58,10926.78,2619.8,2025-08-08,Paid
TXN_LOAN0102_25,LOAN0102,CUST0011,13546.58,11021.12,2525.46,2025-09-08,Paid
TXN_LOAN0102_26,LOAN0102,CUST0011,13546.58,11116.28,2430.3,2025-10-08,Missed
TXN_LOAN0102_27,LOAN0102,CUST0011,13546.58,11212.25,2334.33,2025-11-08,Paid
TXN_LOAN0102_28,LOAN0102,CUST0011,13546.58,11309.05,2237.53,2025-12-08,Paid
TXN_LOAN0102_29,LOAN0102,CUST0011,13546.58,11406.69,2139.89,2026-01-08,Paid
TXN_LOAN0102_30,LOAN0102,CUST0011,13546.58,11505.18,2041.4,2026-02-08,Paid
TXN_LOAN0102_31,LOAN0102,CUST0011,13546.58,11604.51,1942.07,2026-03-08,Paid
TXN_LOAN0102_32,LOAN0102,CUST0011,13546.58,11704.7,1841.88,2026-04-08,Paid
TXN_LOAN0102_33,LOAN0102,CUST0011,13546.58,11805.76,1740.82,2026-05-08,Paid
TXN_LOAN0102_34,LOAN0102,CUST0011,13546.58,11907.68,1638.9,2026-06-08,Paid
TXN_LOAN0102_35,LOAN0102,CUST0011,13546.58,12010.49,1536.09,2026-07-08,Paid
TXN_LOAN0102_36,LOAN0102,CUST0011,13546.58,12114.19,1432.39,2026-08-08,Missed
TXN_LOAN0102_37,LOAN0102,CUST0011,13546.58,12218.78,1327.8,2026-09-08,Missed
TXN_LOAN0102_38,LOAN0102,CUST0011,13546.58,12324.27,1222.31,2026-10-08,Paid
TXN_LOAN0102_39,LOAN0102,CUST0011,13546.58,12430.68,1115.9,2026-11-08,Paid
TXN_LOAN0102_40,LOAN0102,CUST0011,13546.58,12538.0,1008.58,2026-12-08,Paid
TXN_LOAN0102_41,LOAN0102,CUST0011,13546.58,12646.25,900.33,2027-01-08,Paid
TXN_LOAN0102_42,LOAN0102,CUST0011,13546.58,12755.43,791.15,2027-02-08,Paid
TXN_LOAN0102_43,LOAN0102,CUST0011,13546.58,12865.56,681.02,2027-03-08,Paid
TXN_LOAN0102_44,LOAN0102,CUST0011,13546.58,12976.64,569.94,2027-04-08,Missed
TXN_LOAN0102_45,LOAN0102,CUST0011,13546.58,13088.68,457.9,2027-05-08,Missed
TXN_LOAN0102_46,LOAN0102,CUST0011,13546.58,13201.68,344.9,2027-06-08,Paid
TXN_LOAN0102_47,LOAN0102,CUST0011,13546.58,13315.66,230.92,2027-07-08,Paid
TXN_LOAN0102_48,LOAN0102,CUST0011,13546.58,13430.37,116.21,2027-08-08,Paid
TXN_LOAN0103_1,LOAN0103,CUST0151,12018.78,8485.32,3533.46,2024-01-03,Paid
TXN_LOAN0103_2,LOAN0103,CUST0151,12018.78,8547.08,3471.7,2024-02-03,Paid
TXN_LOAN0103_3,LOAN0103,CUST0151,12018.78,8609.3,3409.48,2024-03-03,Paid
TXN_LOAN0103_4,LOAN0103,CUST0151,12018.78,8671.97,3346.81,2024-04-03,Paid
TXN_LOAN0103_5,LOAN0103,CUST0151,12018.78,8735.09,3283.69,2024-05-03,Paid
TXN_LOAN0103_6,LOAN0103,CUST0151,12018.78,8798.68,3220.1,2024-06-03,Paid
TXN_LOAN0103_7,LOAN0103,CUST0151,12018.78,8862.72,3156.06,2024-07-03,Paid
TXN_LOAN0103_8,LOAN0103,CUST0151,12018.78,8927.24,3091.54,2024-08-03,Paid
TXN_LOAN0103_9,LOAN0103,CUST0151,12018.78,8992.22,3026.56,2024-09-03,Paid
TXN_LOAN0103_10,LOAN0103,CUST0151,12018.78,9057.67,2961.11,2024-10-03,Paid
TXN_LOAN0103_11,LOAN0103,CUST0151,12018.78,9123.61,2895.17,2024-11-03,Paid
TXN_LOAN0103_12,LOAN0103,CUST0151,12018.78,9190.02,2828.76,2024-12-03,Paid
TXN_LOAN0103_13,LOAN0103,CUST0151,12018.78,9256.91,2761.87,2025-01-03,Paid
TXN_LOAN0103_14,LOAN0103,CUST0151,12018.78,9324.3,2694.48,2025-02-03,Missed
TXN_LOAN0103_15,LOAN0103,CUST0151,12018.78,9392.17,2626.61,2025-03-03,Paid
TXN_LOAN0103_16,LOAN0103,CUST0151,12018.78,9460.54,2558.24,2025-04-03,Paid
TXN_LOAN0103_17,LOAN0103,CUST0151,12018.78,9529.4,2489.38,2025-05-03,Paid
TXN_LOAN0103_18,LOAN0103,CUST0151,12018.78,9598.77,2420.01,2025-06-03,Paid
TXN_LOAN0103_19,LOAN0103,CUST0151,12018.78,9668.64,2350.14,2025-07-03,Paid
TXN_LOAN0103_20,LOAN0103,CUST0151,12018.78,9739.02,2279.76,2025-08-03,Missed
TXN_LOAN0103_21,LOAN0103,CUST0151,12018.78,9809.91,2208.87,2025-09-03,Paid
TXN_LOAN0103_22,LOAN0103,CUST0151,12018.78,9881.32,2137.46,2025-10-03,Paid
TXN_LOAN0103_23,LOAN0103,CUST0151,12018.78,9953.24,2065.54,2025-11-03,Paid
TXN_LOAN0103_24,LOAN0103,CUST0151,12018.78,10025.69,1993.09,2025-12-03,Paid
TXN_LOAN0103_25,LOAN0103,CUST0151,12018.78,10098.67,1920.11,2026-01-03,Paid
TXN_LOAN0103_26,LOAN0103,CUST0151,12018.78,10172.18,1846.6,2026-02-03,Paid
TXN_LOAN0103_27,LOAN0103,CUST0151,12018.78,10246.23,1772.55,2026-03-03,Paid
TXN_LOAN0103_28,LOAN0103,CUST0151,12018.78,10320.81,1697.97,2026-04-03,Paid
TXN_LOAN0103_29,LOAN0103,CUST0151,12018.78,10395.94,1622.84,2026-05-03,Paid
TXN_LOAN0103_30,LOAN0103,CUST0151,12018.78,10471.61,1547.17,2026-06-03,Paid
TXN_LOAN0103_31,LOAN0103,CUST0151,12018.78,10547.84,1470.94,2026-07-03,Missed
TXN_LOAN0103_32,LOAN0103,CUST0151,12018.78,10624.61,1394.17,2026-08-03,Paid
TXN_LOAN0103_33,LOAN0103,CUST0151,12018.78,10701.95,1316.83,2026-09-03,Paid
TXN_LOAN0103_34,LOAN0103,CUST0151,12018.78,10779.85,1238.93,2026-10-03,Paid
TXN_LOAN0103_35,LOAN0103,CUST0151,12018.78,10858.32,1160.46,2026-11-03,Paid
TXN_LOAN0103_36,LOAN0103,CUST0151,12018.78,10937.36,1081.42,2026-12-03,Paid
TXN_LOAN0103_37,LOAN0103,CUST0151,12018.78,11016.98,1001.8,2027-01-03,Paid
TXN_LOAN0103_38,LOAN0103,CUST0151,12018.78,11097.17,921.61,2027-02-03,Paid
TXN_LOAN0103_39,LOAN0103,CUST0151,12018.78,11177.95,840.83,2027-03-03,Paid
TXN_LOAN0103_40,LOAN0103,CUST0151,12018.78,11259.31,759.47,2027-04-03,Paid
TXN_LOAN0103_41,LOAN0103,CUST0151,12018.78,11341.27,677.51,2027-05-03,Paid
TXN_LOAN0103_42,LOAN0103,CUST0151,12018.78,11423.83,594.95,2027-06-03,Paid
TXN_LOAN0103_43,LOAN0103,CUST0151,12018.78,11506.98,511.8,2027-07-03,Paid
TXN_LOAN0103_44,LOAN0103,CUST0151,12018.78,11590.74,428.04,2027-08-03,Missed
TXN_LOAN0103_45,LOAN0103,CUST0151,12018.78,11675.11,343.67,2027-09-03,Paid
TXN_LOAN0103_46,LOAN0103,CUST0151,12018.78,11760.1,258.68,2027-10-03,Paid
TXN_LOAN0103_47,LOAN0103,CUST0151,12018.78,11845.7,173.08,2027-11-03,Paid
TXN_LOAN0103_48,LOAN0103,CUST0151,12018.78,11931.66,87.12,2027-12-03,Paid
TXN_LOAN0104_1,LOAN0104,CUST0001,17059.39,15488.76,1570.63,2023-09-11,Paid
TXN_LOAN0104_2,LOAN0104,CUST0001,17059.39,15613.93,1445.46,2023-10-11,Missed
TXN_LOAN0104_3,LOAN0104,CUST0001,17059.39,15740.11,1319.28,2023-11-11,Paid
TXN_LOAN0104_4,LOAN0104,CUST0001,17059.39,15867.31,1192.08,2023-12-11,Paid
TXN_LOAN0104_5,LOAN0104,CUST0001,17059.39,15995.54,1063.85,2024-01-11,Paid
TXN_LOAN0104_6,LOAN0104,CUST0001,17059.39,16124.81,934.58,2024-02-11,Paid
TXN_LOAN0104_7,LOAN0104,CUST0001,17059.39,16255.12,804.27,2024-03-11,Paid
TXN_LOAN0104_8,LOAN0104,CUST0001,17059.39,16386.48,672.91,2024-04-11,Paid
TXN_LOAN0104_9,LOAN0104,CUST0001,17059.39,16518.9,540.49,2024-05-11,Paid
TXN_LOAN0104_10,LOAN0104,CUST0001,17059.39,16652.4,406.99,2024-06-11,Paid
TXN_LOAN0104_11,LOAN0104,CUST0001,17059.39,16786.97,272.42,2024-07-11,Paid
TXN_LOAN0104_12,LOAN0104,CUST0001,17059.39,16922.67,136.72,2024-08-11,Paid
TXN_LOAN0105_1,LOAN0105,CUST0046,33384.83,29278.24,4106.59,2023-06-16,Paid
TXN_LOAN0105_2,LOAN0105,CUST0046,33384.83,29600.25,3784.58,2023-07-16,Paid
TXN_LOAN0105_3,LOAN0105,CUST0046,33384.83,29925.8,3459.03,2023-08-16,Paid
TXN_LOAN0105_4,LOAN0105,CUST0046,33384.83,30254.92,3129.91,2023-09-16,Paid
TXN_LOAN0105_5,LOAN0105,CUST0046,33384.83,30587.67,2797.16,2023-10-16,Paid
TXN_LOAN0105_6,LOAN0105,CUST0046,33384.83,30924.08,2460.75,2023-11-16,Paid
TXN_LOAN0105_7,LOAN0105,CUST0046,33384.83,31264.18,2120.65,2023-12-16,Paid
TXN_LOAN0105_8,LOAN0105,CUST0046,33384.83,31608.03,1776.8,2024-01-16,Paid
TXN_LOAN0105_9,LOAN0105,CUST0046,33384.83,31955.66,1429.17,2024-02-16,Missed
TXN_LOAN0105_10,LOAN0105,CUST0046,33384.83,32307.11,1077.72,2024-03-16,Paid
TXN_LOAN0105_11,LOAN0105,CUST0046,33384.83,32662.43,722.4,2024-04-16,Paid
TXN_LOAN0105_12,LOAN0105,CUST0046,33384.83,33021.63,363.2,2024-05-16,Paid
TXN_LOAN0106_1,LOAN0106,CUST0101,14669.17,11698.0,2971.17,2023-10-13,Paid
TXN_LOAN0106_2,LOAN0106,CUST0101,14669.17,11808.84,2860.33,2023-11-13,Paid
TXN_LOAN0106_3,LOAN0106,CUST0101,14669.17,11920.73,2748.44,2023-12-13,Paid
TXN_LOAN0106_4,LOAN0106,CUST0101,14669.17,12033.68,2635.49,2024-01-13,Paid
TXN_LOAN0106_5,LOAN0106,CUST0101,14669.17,12147.7,2521.47,2024-02-13,Paid
TXN_LOAN0106_6,LOAN0106,CUST0101,14669.17,12262.8,2406.37,2024-03-13,Paid
TXN_LOAN0106_7,LOAN0106,CUST0101,14669.17,12378.99,2290.18,2024-04-13,Paid
TXN_LOAN0106_8,LOAN0106,CUST0101,14669.17,12496.28,2172.89,2024-05-13,Paid
TXN_LOAN0106_9,LOAN0106,CUST0101,14669.17,12614.68,2054.49,2024-06-13,Paid
TXN_LOAN0106_10,LOAN0106,CUST0101,14669.17,12734.21,1934.96,2024-07-13,Paid
TXN_LOAN0106_11,LOAN0106,CUST0101,14669.17,12854.86,1814.31,2024-08-13,Paid
TXN_LOAN0106_12,LOAN0106,CUST0101,14669.17,12976.66,1692.51,2024-09-13,Paid
TXN_LOAN0106_13,LOAN0106,CUST0101,14669.17,13099.62,1569.55,2024-10-13,Missed
TXN_LOAN0106_14,LOAN0106,CUST0101,14669.17,13223.74,1445.43,2024-11-13,Paid
TXN_LOAN0106_15,LOAN0106,CUST0101,14669.17,13349.03,1320.14,2024-12-13,Paid
TXN_LOAN0106_16,LOAN0106,CUST0101,14669.17,13475.51,1193.66,2025-01-13,Paid
TXN_LOAN0106_17,LOAN0106,CUST0101,14669.17,13603.19,1065.98,2025-02-13,Paid
TXN_LOAN0106_18,LOAN0106,CUST0101,14669.17,13732.09,937.08,2025-03-13,Paid
TXN_LOAN0106_19,LOAN0106,CUST0101,14669.17,13862.2,806.97,2025-04-13,Paid
TXN_LOAN0106_20,LOAN0106,CUST0101,14669.17,13993.54,675.63,2025-05-13,Paid
TXN_LOAN0106_21,LOAN0106,CUST0101,14669.17,14126.13,543.04,2025-06-13,Missed
TXN_LOAN0106_22,LOAN0106,CUST0101,14669.17,14259.98,409.19,2025-07-13,Paid
TXN_LOAN0106_23,LOAN0106,CUST0101,14669.17,14395.09,274.08,2025-08-13,Paid
TXN_LOAN0106_24,LOAN0106,CUST0101,14669.17,14531.45,137.72,2025-09-13,Paid
TXN_LOAN0107_1,LOAN0107,CUST0149,25438.11,21638.1,3800.01,2024-01-26,Paid
TXN_LOAN0107_2,LOAN0107,CUST0149,25438.11,21931.82,3506.29,2024-02-26,Paid
TXN_LOAN0107_3,LOAN0107,CUST0149,25438.11,22229.52,3208.59,2024-03-26,Paid
TXN_LOAN0107_4,LOAN0107,CUST0149,25438.11,22531.27,2906.84,2024-04-26,Paid
TXN_LOAN0107_5,LOAN0107,CUST0149,25438.11,22837.11,2601.0,2024-05-26,Missed
TXN_LOAN0107_6,LOAN0107,CUST0149,25438.11,23147.1,2291.01,2024-06-26,Paid
TXN_LOAN0107_7,LOAN0107,CUST0149,25438.11,23461.3,1976.81,2024-07-26,Paid
TXN_LOAN0107_8,LOAN0107,CUST0149,25438.11,23779.76,1658.35,2024-08-26,Missed
TXN_LOAN0107_9,LOAN0107,CUST0149,25438.11,24102.55,1335.56,2024-09-26,Paid
TXN_LOAN0107_10,LOAN0107,CUST0149,25438.11,24429.72,1008.39,2024-10-26,Paid
TXN_LOAN0107_11,LOAN0107,CUST0149,25438.11,24761.33,676.78,2024-11-26,Missed
TXN_LOAN0107_12,LOAN0107,CUST0149,25438.11,25097.42,340.69,2024-12-26,Paid
TXN_LOAN0108_1,LOAN0108,CUST0090,7462.57,4572.47,2890.1,2023-12-25,Missed
TXN_LOAN0108_2,LOAN0108,CUST0090,7462.57,4619.37,2843.2,2024-01-25,Paid
TXN_LOAN0108_3,LOAN0108,CUST0090,7462.57,4666.75,2795.82,2024-02-25,Paid
TXN_LOAN0108_4,LOAN0108,CUST0090,7462.57,4714.62,2747.95,2024-03-25,Paid
TXN_LOAN0108_5,LOAN0108,CUST0090,7462.57,4762.98,2699.59,2024-04-25,Paid
TXN_LOAN0108_6,LOAN0108,CUST0090,7462.57,4811.84,2650.73,2024-05-25,Paid
TXN_LOAN0108_7,LOAN0108,CUST0090,7462.57,4861.19,2601.38,2024-06-25,Paid
TXN_LOAN0108_8,LOAN0108,CUST0090,7462.57,4911.06,2551.51,2024-07-25,Missed
TXN_LOAN0108_9,LOAN0108,CUST0090,7462.57,4961.43,2501.14,2024-08-25,Paid
TXN_LOAN0108_10,LOAN0108,CUST0090,7462.57,5012.32,2450.25,2024-09-25,Paid
TXN_LOAN0108_11,LOAN0108,CUST0090,7462.57,5063.73,2398.84,2024-10-25,Paid
TXN_LOAN0108_12,LOAN0108,CUST0090,7462.57,5115.68,2346.89,2024-11-25,Paid
TXN_LOAN0108_13,LOAN0108,CUST0090,7462.57,5168.15,2294.42,2024-12-25,Paid
TXN_LOAN0108_14,LOAN0108,CUST0090,7462.57,5221.16,2241.41,2025-01-25,Paid
TXN_LOAN0108_15,LOAN0108,CUST0090,7462.57,5274.72,2187.85,2025-02-25,Paid
TXN_LOAN0108_16,LOAN0108,CUST0090,7462.57,5328.82,2133.75,2025-03-25,Paid
TXN_LOAN0108_17,LOAN0108,CUST0090,7462.57,5383.48,2079.09,2025-04-25,Paid
TXN_LOAN0108_18,LOAN0108,CUST0090,7462.57,5438.7,2023.87,2025-05-25,Paid
TXN_LOAN0108_19,LOAN0108,CUST0090,7462.57,5494.49,1968.08,2025-06-25,Paid
TXN_LOAN0108_20,LOAN0108,CUST0090,7462.57,5550.85,1911.72,2025-07-25,Paid
TXN_LOAN0108_21,LOAN0108,CUST0090,7462.57,5607.78,1854.79,2025-08-25,Paid
TXN_LOAN0108_22,LOAN0108,CUST0090,7462.57,5665.31,1797.26,2025-09-25,Paid
TXN_LOAN0108_23,LOAN0108,CUST0090,7462.57,5723.42,1739.15,2025-10-25,Paid
TXN_LOAN0108_24,LOAN0108,CUST0090,7462.57,5782.12,1680.45,2025-11-25,Paid
TXN_LOAN0108_25,LOAN0108,CUST0090,7462.57,5841.43,1621.14,2025-12-25,Paid
TXN_LOAN0108_26,LOAN0108,CUST0090,7462.57,5901.35,1561.22,2026-01-25,Paid
TXN_LOAN0108_27,LOAN0108,CUST0090,7462.57,5961.88,1500.69,2026-02-25,Paid
TXN_LOAN0108_28,LOAN0108,CUST0090,7462.57,6023.04,1439.53,2026-03-25,Missed
TXN_LOAN0108_29,LOAN0108,CUST0090,7462.57,6084.82,1377.75,2026-04-25,Paid
TXN_LOAN0108_30,LOAN0108,CUST0090,7462.57,6147.23,1315.34,2026-05-25,Paid
TXN_LOAN0108_31,LOAN0108,CUST0090,7462.57,6210.29,1252.28,2026-06-25,Paid
TXN_LOAN0108_32,LOAN0108,CUST0090,7462.57,6273.99,1188.58,2026-07-25,Missed
TXN_LOAN0108_33,LOAN0108,CUST0090,7462.57,6338.34,1124.23,2026-08-25,Paid
TXN_LOAN0108_34,LOAN0108,CUST0090,7462.57,6403.36,1059.21,2026-09-25,Paid
TXN_LOAN0108_35,LOAN0108,CUST0090,7462.57,6469.04,993.53,2026-10-25,Paid
TXN_LOAN0108_36,LOAN0108,CUST0090,7462.57,6535.4,927.17,2026-11-25,Paid
TXN_LOAN0108_37,LOAN0108,CUST0090,7462.57,6602.43,860.14,2026-12-25,Paid
TXN_LOAN0108_38,LOAN0108,CUST0090,7462.57,6670.16,792.41,2027-01-25,Paid
TXN_LOAN0108_39,LOAN0108,CUST0090,7462.57,6738.57,724.0,2027-02-25,Paid
TXN_LOAN0108_40,LOAN0108,CUST0090,7462.57,6807.69,654.88,2027-03-25,Missed
TXN_LOAN0108_41,LOAN0108,CUST0090,7462.57,6877.52,585.05,2027-04-25,Paid
TXN_LOAN0108_42,LOAN0108,CUST0090,7462.57,6948.07,514.5,2027-05-25,Paid
TXN_LOAN0108_43,LOAN0108,CUST0090,7462.57,7019.34,443.23,2027-06-25,Paid
TXN_LOAN0108_44,LOAN0108,CUST0090,7462.57,7091.34,371.23,2027-07-25,Paid
TXN_LOAN0108_45,LOAN0108,CUST0090,7462.57,7164.08,298.49,2027-08-25,Paid
TXN_LOAN0108_46,LOAN0108,CUST0090,7462.57,7237.56,225.01,2027-09-25,Paid
TXN_LOAN0108_47,LOAN0108,CUST0090,7462.57,7311.8,150.77,2027-10-25,Paid
TXN_LOAN0108_48,LOAN0108,CUST0090,7462.57,7386.83,75.74,2027-11-25,Paid
TXN_LOAN0109_1,LOAN0109,CUST0110,30866.02,25048.76,5817.26,2023-03-18,Paid
TXN_LOAN0109_2,LOAN0109,CUST0110,30866.02,25267.67,5598.35,2023-04-18,Paid
TXN_LOAN0109_3,LOAN0109,CUST0110,30866.02,25488.49,5377.53,2023-05-18,Paid
TXN_LOAN0109_4,LOAN0109,CUST0110,30866.02,25711.24,5154.78,2023-06-18,Paid
TXN_LOAN0109_5,LOAN0109,CUST0110,30866.02,25935.94,4930.08,2023-07-18,Paid
TXN_LOAN0109_6,LOAN0109,CUST0110,30866.02,26162.6,4703.42,2023-08-18,Paid
TXN_LOAN0109_7,LOAN0109,CUST0110,30866.02,26391.24,4474.78,2023-09-18,Paid
TXN_LOAN0109_8,LOAN0109,CUST0110,30866.02,26621.88,4244.14,2023-10-18,Paid
TXN_LOAN0109_9,LOAN0109,CUST0110,30866.02,26854.54,4011.48,2023-11-18,Paid
TXN_LOAN0109_10,LOAN0109,CUST0110,30866.02,27089.23,3776.79,2023-12-18,Paid
TXN_LOAN0109_11,LOAN0109,CUST0110,30866.02,27325.97,3540.05,2024-01-18,Paid
TXN_LOAN0109_12,LOAN0109,CUST0110,30866.02,27564.78,3301.24,2024-02-18,Paid
TXN_LOAN0109_13,LOAN0109,CUST0110,30866.02,27805.67,3060.35,2024-03-18,Paid
TXN_LOAN0109_14,LOAN0109,CUST0110,30866.02,28048.68,2817.34,2024-04-18,Paid
TXN_LOAN0109_15,LOAN0109,CUST0110,30866.02,28293.8,2572.22,2024-05-18,Paid
TXN_LOAN0109_16,LOAN0109,CUST0110,30866.02,28541.07,2324.95,2024-06-18,Paid
TXN_LOAN0109_17,LOAN0109,CUST0110,30866.02,28790.5,2075.52,2024-07-18,Paid
TXN_LOAN0109_18,LOAN0109,CUST0110,30866.02,29042.11,1823.91,2024-08-18,Paid
TXN_LOAN0109_19,LOAN0109,CUST0110,30866.02,29295.91,1570.11,2024-09-18,Paid
TXN_LOAN0109_20,LOAN0109,CUST0110,30866.02,29551.94,1314.08,2024-10-18,Paid
TXN_LOAN0109_21,LOAN0109,CUST0110,30866.02,29810.2,1055.82,2024-11-18,Paid
TXN_LOAN0109_22,LOAN0109,CUST0110,30866.02,30070.72,795.3,2024-12-18,Paid
TXN_LOAN0109_23,LOAN0109,CUST0110,30866.02,30333.52,532.5,2025-01-18,Paid
TXN_LOAN0109_24,LOAN0109,CUST0110,30866.02,30598.54,267.48,2025-02-18,Paid
TXN_LOAN0110_1,LOAN0110,CUST0164,9990.65,7537.43,2453.22,2023-11-19,Paid
TXN_LOAN0110_2,LOAN0110,CUST0164,9990.65,7626.44,2364.21,2023-12-19,Paid
TXN_LOAN0110_3,LOAN0110,CUST0164,9990.65,7716.51,2274.14,2024-01-19,Paid
TXN_LOAN0110_4,LOAN0110,CUST0164,9990.65,7807.64,2183.01,2024-02-19,Paid
TXN_LOAN0110_5,LOAN0110,CUST0164,9990.65,7899.84,2090.81,2024-03-19,Paid
TXN_LOAN0110_6,LOAN0110,CUST0164,9990.65,7993.14,1997.51,2024-04-19,Paid
TXN_LOAN0110_7,LOAN0110,CUST0164,9990.65,8087.53,1903.12,2024-05-19,Paid
TXN_LOAN0110_8,LOAN0110,CUST0164,9990.65,8183.04,1807.61,2024-06-19,Paid
TXN_LOAN0110_9,LOAN0110,CUST0164,9990.65,8279.68,1710.97,2024-07-19,Missed
TXN_LOAN0110_10,LOAN0110,CUST0164,9990.65,8377.46,1613.19,2024-08-19,Paid
TXN_LOAN0110_11,LOAN0110,CUST0164,9990.65,8476.39,1514.26,2024-09-19,Paid
TXN_LOAN0110_12,LOAN0110,CUST0164,9990.65,8576.49,1414.16,2024-10-19,Paid
TXN_LOAN0110_13,LOAN0110,CUST0164,9990.65,8677.78,1312.87,2024-11-19,Paid
TXN_LOAN0110_14,LOAN0110,CUST0164,9990.65,8780.26,1210.39,2024-12-19,Paid
TXN_LOAN0110_15,LOAN0110,CUST0164,9990.65,8883.95,1106.7,2025-01-19,Paid
TXN_LOAN0110_16,LOAN0110,CUST0164,9990.65,8988.87,1001.78,2025-02-19,Paid
TXN_LOAN0110_17,LOAN0110,CUST0164,9990.65,9095.02,895.63,2025-03-19,Paid
TXN_LOAN0110_18,LOAN0110,CUST0164,9990.65,9202.43,788.22,2025-04-19,Paid
TXN_LOAN0110_19,LOAN0110,CUST0164,9990.65,9311.1,679.55,2025-05-19,Paid
TXN_LOAN0110_20,LOAN0110,CUST0164,9990.65,9421.06,569.59,2025-06-19,Paid
TXN_LOAN0110_21,LOAN0110,CUST0164,9990.65,9532.32,458.33,2025-07-19,Paid
TXN_LOAN0110_22,LOAN0110,CUST0164,9990.65,9644.89,345.76,2025-08-19,Paid
TXN_LOAN0110_23,LOAN0110,CUST0164,9990.65,9758.8,231.85,2025-09-19,Paid
TXN_LOAN0110_24,LOAN0110,CUST0164,9990.65,9873.93,116.72,2025-10-19,Paid
TXN_LOAN0111_1,LOAN0111,CUST0182,47188.85,34976.57,12212.28,2023-12-20,Paid
TXN_LOAN0111_2,LOAN0111,CUST0182,47188.85,35415.75,11773.1,2024-01-20,Paid
TXN_LOAN0111_3,LOAN0111,CUST0182,47188.85,35860.45,11328.4,2024-02-20,Paid
TXN_LOAN0111_4,LOAN0111,CUST0182,47188.85,36310.73,10878.12,2024-03-20,Paid
TXN_LOAN0111_5,LOAN0111,CUST0182,47188.85,36766.67,10422.18,2024-04-20,Paid
TXN_LOAN0111_6,LOAN0111,CUST0182,47188.85,37228.33,9960.52,2024-05-20,Paid
TXN_LOAN0111_7,LOAN0111,CUST0182,47188.85,37695.78,9493.07,2024-06-20,Paid
TXN_LOAN0111_8,LOAN0111,CUST0182,47188.85,38169.11,9019.74,2024-07-20,Paid
TXN_LOAN0111_9,LOAN0111,CUST0182,47188.85,38648.38,8540.47,2024-08-20,Paid
TXN_LOAN0111_10,LOAN0111,CUST0182,47188.85,39133.67,8055.18,2024-09-20,Missed
TXN_LOAN0111_11,LOAN0111,CUST0182,47188.85,39625.05,7563.8,2024-10-20,Paid
TXN_LOAN0111_12,LOAN0111,CUST0182,47188.85,40122.6,7066.25,2024-11-20,Paid
TXN_LOAN0111_13,LOAN0111,CUST0182,47188.85,40626.4,6562.45,2024-12-20,Paid
TXN_LOAN0111_14,LOAN0111,CUST0182,47188.85,41136.52,6052.33,2025-01-20,Paid
TXN_LOAN0111_15,LOAN0111,CUST0182,47188.85,41653.05,5535.8,2025-02-20,Paid
TXN_LOAN0111_16,LOAN0111,CUST0182,47188.85,42176.07,5012.78,2025-03-20,Paid
TXN_LOAN0111_17,LOAN0111,CUST0182,47188.85,42705.65,4483.2,2025-04-20,Paid
TXN_LOAN0111_18,LOAN0111,CUST0182,47188.85,43241.88,3946.97,2025-05-20,Paid
TXN_LOAN0111_19,LOAN0111,CUST0182,47188.85,43784.85,3404.0,2025-06-20,Paid
TXN_LOAN0111_20,LOAN0111,CUST0182,47188.85,44334.63,2854.22,2025-07-20,Paid
TXN_LOAN0111_21,LOAN0111,CUST0182,47188.85,44891.32,2297.53,2025-08-20,Paid
TXN_LOAN0111_22,LOAN0111,CUST0182,47188.85,45454.99,1733.86,2025-09-20,Paid
TXN_LOAN0111_23,LOAN0111,CUST0182,47188.85,46025.75,1163.1,2025-10-20,Paid
TXN_LOAN0111_24,LOAN0111,CUST0182,47188.85,46603.8,585.05,2025-11-20,Paid
TXN_LOAN0112_1,LOAN0112,CUST0057,24725.99,16820.33,7905.66,2023-04-19,Paid
TXN_LOAN0112_2,LOAN0112,CUST0057,24725.99,16955.88,7770.11,2023-05-19,Missed
TXN_LOAN0112_3,LOAN0112,CUST0057,24725.99,17092.53,7633.46,2023-06-19,Paid
TXN_LOAN0112_4,LOAN0112,CUST0057,24725.99,17230.27,7495.72,2023-07-19,Paid
TXN_LOAN0112_5,LOAN0112,CUST0057,24725.99,17369.12,7356.87,2023-08-19,Paid
TXN_LOAN0112_6,LOAN0112,CUST0057,24725.99,17509.09,7216.9,2023-09-19,Paid
TXN_LOAN0112_7,LOAN0112,CUST0057,24725.99,17650.19,7075.8,2023-10-19,Paid
TXN_LOAN0112_8,LOAN0112,CUST0057,24725.99,17792.43,6933.56,2023-11-19,Paid
TXN_LOAN0112_9,LOAN0112,CUST0057,24725.99,17935.82,6790.17,2023-12-19,Missed
TXN_LOAN0112_10,LOAN0112,CUST0057,24725.99,18080.35,6645.64,2024-01-19,Paid
TXN_LOAN0112_11,LOAN0112,CUST0057,24725.99,18226.06,6499.93,2024-02-19,Paid
TXN_LOAN0112_12,LOAN0112,CUST0057,24725.99,18372.94,6353.05,2024-03-19,Paid
TXN_LOAN0112_13,LOAN0112,CUST0057,24725.99,18521.0,6204.99,2024-04-19,Paid
TXN_LOAN0112_14,LOAN0112,CUST0057,24725.99,18670.25,6055.74,2024-05-19,Paid
TXN_LOAN0112_15,LOAN0112,CUST0057,24725.99,18820.71,5905.28,2024-06-19,Paid
TXN_LOAN0112_16,LOAN0112,CUST0057,24725.99,18972.38,5753.61,2024-07-19,Paid
TXN_LOAN0112_17,LOAN0112,CUST0057,24725.99,19125.27,5600.72,2024-08-19,Paid
TXN_LOAN0112_18,LOAN0112,CUST0057,24725.99,19279.4,5446.59,2024-09-19,Paid
TXN_LOAN0112_19,LOAN0112,CUST0057,24725.99,19434.76,5291.23,2024-10-19,Paid
TXN_LOAN0112_20,LOAN0112,CUST0057,24725.99,19591.38,5134.61,2024-11-19,Paid
TXN_LOAN0112_21,LOAN0112,CUST0057,24725.99,19749.26,4976.73,2024-12-19,Paid
TXN_LOAN0112_22,LOAN0112,CUST0057,24725.99,19908.42,4817.57,2025-01-19,Paid
TXN_LOAN0112_23,LOAN0112,CUST0057,24725.99,20068.85,4657.14,2025-02-19,Paid
TXN_LOAN0112_24,LOAN0112,CUST0057,24725.99,20230.58,4495.41,2025-03-19,Paid
TXN_LOAN0112_25,LOAN0112,CUST0057,24725.99,20393.61,4332.38,2025-04-19,Paid
TXN_LOAN0112_26,LOAN0112,CUST0057,24725.99,20557.96,4168.03,2025-05-19,Paid
TXN_LOAN0112_27,LOAN0112,CUST0057,24725.99,20723.63,4002.36,2025-06-19,Paid
TXN_LOAN0112_28,LOAN0112,CUST0057,24725.99,20890.63,3835.36,2025-07-19,Paid
TXN_LOAN0112_29,LOAN0112,CUST0057,24725.99,21058.98,3667.01,2025-08-19,Paid
TXN_LOAN0112_30,LOAN0112,CUST0057,24725.99,21228.69,3497.3,2025-09-19,Paid
TXN_LOAN0112_31,LOAN0112,CUST0057,24725.99,21399.77,3326.22,2025-10-19,Paid
TXN_LOAN0112_32,LOAN0112,CUST0057,24725.99,21572.22,3153.77,2025-11-19,Paid
TXN_LOAN0112_33,LOAN0112,CUST0057,24725.99,21746.06,2979.93,2025-12-19,Paid
TXN_LOAN0112_34,LOAN0112,CUST0057,24725.99,21921.31,2804.68,2026-01-19,Paid
TXN_LOAN0112_35,LOAN0112,CUST0057,24725.99,22097.97,2628.02,2026-02-19,Paid
TXN_LOAN0112_36,LOAN0112,CUST0057,24725.99,22276.05,2449.94,2026-03-19,Paid
TXN_LOAN0112_37,LOAN0112,CUST0057,24725.99,22455.56,2270.43,2026-04-19,Paid
TXN_LOAN0112_38,LOAN0112,CUST0057,24725.99,22636.52,2089.47,2026-05-19,Paid
TXN_LOAN0112_39,LOAN0112,CUST0057,24725.99,22818.94,1907.05,2026-06-19,Paid
TXN_LOAN0112_40,LOAN0112,CUST0057,24725.99,23002.84,1723.15,2026-07-19,Paid
TXN_LOAN0112_41,LOAN0112,CUST0057,24725.99,23188.21,1537.78,2026-08-19,Missed
TXN_LOAN0112_42,LOAN0112,CUST0057,24725.99,23375.07,1350.92,2026-09-19,Paid
TXN_LOAN0112_43,LOAN0112,CUST0057,24725.99,23563.45,1162.54,2026-10-19,Paid
TXN_LOAN0112_44,LOAN0112,CUST0057,24725.99,23753.34,972.65,2026-11-19,Paid
TXN_LOAN0112_45,LOAN0112,CUST0057,24725.99,23944.76,781.23,2026-12-19,Paid
TXN_LOAN0112_46,LOAN0112,CUST0057,24725.99,24137.72,588.27,2027-01-19,Paid
TXN_LOAN0112_47,LOAN0112,CUST0057,24725.99,24332.24,393.75,2027-02-19,Paid
TXN_LOAN0112_48,LOAN0112,CUST0057,24725.99,24528.2,197.79,2027-03-19,Paid
TXN_LOAN0113_1,LOAN0113,CUST0001,24984.32,18711.28,6273.04,2023-05-15,Paid
TXN_LOAN0113_2,LOAN0113,CUST0001,24984.32,18862.16,6122.16,2023-06-15,Missed
TXN_LOAN0113_3,LOAN0113,CUST0001,24984.32,19014.26,5970.06,2023-07-15,Missed
TXN_LOAN0113_4,LOAN0113,CUST0001,24984.32,19167.58,5816.74,2023-08-15,Paid
TXN_LOAN0113_5,LOAN0113,CUST0001,24984.32,19322.14,5662.18,2023-09-15,Paid
TXN_LOAN0113_6,LOAN0113,CUST0001,24984.32,19477.94,5506.38,2023-10-15,Paid
TXN_LOAN0113_7,LOAN0113,CUST0001,24984.32,19635.0,5349.32,2023-11-15,Paid
TXN_LOAN0113_8,LOAN0113,CUST0001,24984.32,19793.33,5190.99,2023-12-15,Paid
TXN_LOAN0113_9,LOAN0113,CUST0001,24984.32,19952.93,5031.39,2024-01-15,Paid
TXN_LOAN0113_10,LOAN0113,CUST0001,24984.32,20113.82,4870.5,2024-02-15,Paid
TXN_LOAN0113_11,LOAN0113,CUST0001,24984.32,20276.01,4708.31,2024-03-15,Paid
TXN_LOAN0113_12,LOAN0113,CUST0001,24984.32,20439.5,4544.82,2024-04-15,Paid
TXN_LOAN0113_13,LOAN0113,CUST0001,24984.32,20604.32,4380.0,2024-05-15,Paid
TXN_LOAN0113_14,LOAN0113,CUST0001,24984.32,20770.46,4213.86,2024-06-15,Paid
TXN_LOAN0113_15,LOAN0113,CUST0001,24984.32,20937.94,4046.38,2024-07-15,Paid
TXN_LOAN0113_16,LOAN0113,CUST0001,24984.32,21106.78,3877.54,2024-08-15,Paid
TXN_LOAN0113_17,LOAN0113,CUST0001,24984.32,21276.97,3707.35,2024-09-15,Paid
TXN_LOAN0113_18,LOAN0113,CUST0001,24984.32,21448.54,3535.78,2024-10-15,Paid
TXN_LOAN0113_19,LOAN0113,CUST0001,24984.32,21621.49,3362.83,2024-11-15,Paid
TXN_LOAN0113_20,LOAN0113,CUST0001,24984.32,21795.83,3188.49,2024-12-15,Paid
TXN_LOAN0113_21,LOAN0113,CUST0001,24984.32,21971.58,3012.74,2025-01-15,Paid
TXN_LOAN0113_22,LOAN0113,CUST0001,24984.32,22148.75,2835.57,2025-02-15,Paid
TXN_LOAN0113_23,LOAN0113,CUST0001,24984.32,22327.35,2656.97,2025-03-15,Paid
TXN_LOAN0113_24,LOAN0113,CUST0001,24984.32,22507.38,2476.94,2025-04-15,Missed
TXN_LOAN0113_25,LOAN0113,CUST0001,24984.32,22688.87,2295.45,2025-05-15,Paid
TXN_LOAN0113_26,LOAN0113,CUST0001,24984.32,22871.82,2112.5,2025-06-15,Paid
TXN_LOAN0113_27,LOAN0113,CUST0001,24984.32,23056.25,1928.07,2025-07-15,Paid
TXN_LOAN0113_28,LOAN0113,CUST0001,24984.32,23242.16,1742.16,2025-08-15,Paid
TXN_LOAN0113_29,LOAN0113,CUST0001,24984.32,23429.58,1554.74,2025-09-15,Paid
TXN_LOAN0113_30,LOAN0113,CUST0001,24984.32,23618.5,1365.82,2025-10-15,Paid
TXN_LOAN0113_31,LOAN0113,CUST0001,24984.32,23808.95,1175.37,2025-11-15,Paid
TXN_LOAN0113_32,LOAN0113,CUST0001,24984.32,24000.93,983.39,2025-12-15,Paid
TXN_LOAN0113_33,LOAN0113,CUST0001,24984.32,24194.46,789.86,2026-01-15,Paid
TXN_LOAN0113_34,LOAN0113,CUST0001,24984.32,24389.56,594.76,2026-02-15,Paid
TXN_LOAN0113_35,LOAN0113,CUST0001,24984.32,24586.22,398.1,2026-03-15,Paid
TXN_LOAN0113_36,LOAN0113,CUST0001,24984.32,24784.36,199.96,2026-04-15,Paid
TXN_LOAN0114_1,LOAN0114,CUST0063,16179.55,11591.14,4588.41,2023-07-18,Paid
TXN_LOAN0114_2,LOAN0114,CUST0063,16179.55,11671.96,4507.59,2023-08-18,Paid
TXN_LOAN0114_3,LOAN0114,CUST0063,16179.55,11753.34,4426.21,2023-09-18,Paid
TXN_LOAN0114_4,LOAN0114,CUST0063,16179.55,11835.28,4344.27,2023-10-18,Paid
TXN_LOAN0114_5,LOAN0114,CUST0063,16179.55,11917.8,4261.75,2023-11-18,Paid
TXN_LOAN0114_6,LOAN0114,CUST0063,16179.55,12000.9,4178.65,2023-12-18,Paid
TXN_LOAN0114_7,LOAN0114,CUST0063,16179.55,12084.57,4094.98,2024-01-18,Paid
TXN_LOAN0114_8,LOAN0114,CUST0063,16179.55,12168.83,4010.72,2024-02-18,Paid
TXN_LOAN0114_9,LOAN0114,CUST0063,16179.55,12253.67,3925.88,2024-03-18,Paid
TXN_LOAN0114_10,LOAN0114,CUST0063,16179.55,12339.11,3840.44,2024-04-18,Paid
TXN_LOAN0114_11,LOAN0114,CUST0063,16179.55,12425.14,3754.41,2024-05-18,Paid
TXN_LOAN0114_12,LOAN0114,CUST0063,16179.55,12511.77,3667.78,2024-06-18,Paid
TXN_LOAN0114_13,LOAN0114,CUST0063,16179.55,12599.0,3580.55,2024-07-18,Paid
TXN_LOAN0114_14,LOAN0114,CUST0063,16179.55,12686.85,3492.7,2024-08-18,Paid
TXN_LOAN0114_15,LOAN0114,CUST0063,16179.55,12775.3,3404.25,2024-09-18,Paid
TXN_LOAN0114_16,LOAN0114,CUST0063,16179.55,12864.38,3315.17,2024-10-18,Missed
TXN_LOAN0114_17,LOAN0114,CUST0063,16179.55,12954.07,3225.48,2024-11-18,Paid
TXN_LOAN0114_18,LOAN0114,CUST0063,16179.55,13044.39,3135.16,2024-12-18,Paid
TXN_LOAN0114_19,LOAN0114,CUST0063,16179.55,13135.34,3044.21,2025-01-18,Paid
TXN_LOAN0114_20,LOAN0114,CUST0063,16179.55,13226.92,2952.63,2025-02-18,Paid
TXN_LOAN0114_21,LOAN0114,CUST0063,16179.55,13319.14,2860.41,2025-03-18,Paid
TXN_LOAN0114_22,LOAN0114,CUST0063,16179.55,13412.01,2767.54,2025-04-18,Paid
TXN_LOAN0114_23,LOAN0114,CUST0063,16179.55,13505.52,2674.03,2025-05-18,Paid
TXN_LOAN0114_24,LOAN0114,CUST0063,16179.55,13599.68,2579.87,2025-06-18,Missed
TXN_LOAN0114_25,LOAN0114,CUST0063,16179.55,13694.5,2485.05,2025-07-18,Paid
TXN_LOAN0114_26,LOAN0114,CUST0063,16179.55,13789.99,2389.56,2025-08-18,Paid
TXN_LOAN0114_27,LOAN0114,CUST0063,16179.55,13886.13,2293.42,2025-09-18,Paid
TXN_LOAN0114_28,LOAN0114,CUST0063,16179.55,13982.95,2196.6,2025-10-18,Paid
TXN_LOAN0114_29,LOAN0114,CUST0063,16179.55,14080.44,2099.11,2025-11-18,Paid
TXN_LOAN0114_30,LOAN0114,CUST0063,16179.55,14178.62,2000.93,2025-12-18,Paid
TXN_LOAN0114_31,LOAN0114,CUST0063,16179.55,14277.47,1902.08,2026-01-18,Paid
TXN_LOAN0114_32,LOAN0114,CUST0063,16179.55,14377.02,1802.53,2026-02-18,Paid
TXN_LOAN0114_33,LOAN0114,CUST0063,16179.55,14477.26,1702.29,2026-03-18,Paid
TXN_LOAN0114_34,LOAN0114,CUST0063,16179.55,14578.2,1601.35,2026-04-18,Paid
TXN_LOAN0114_35,LOAN0114,CUST0063,16179.55,14679.84,1499.71,2026-05-18,Paid
TXN_LOAN0114_36,LOAN0114,CUST0063,16179.55,14782.19,1397.36,2026-06-18,Paid
TXN_LOAN0114_37,LOAN0114,CUST0063,16179.55,14885.26,1294.29,2026-07-18,Missed
TXN_LOAN0114_38,LOAN0114,CUST0063,16179.55,14989.04,1190.51,2026-08-18,Paid
TXN_LOAN0114_39,LOAN0114,CUST0063,16179.55,15093.55,1086.0,2026-09-18,Paid
TXN_LOAN0114_40,LOAN0114,CUST0063,16179.55,15198.79,980.76,2026-10-18,Paid
TXN_LOAN0114_41,LOAN0114,CUST0063,16179.55,15304.76,874.79,2026-11-18,Missed
TXN_LOAN0114_42,LOAN0114,CUST0063,16179.55,15411.47,768.08,2026-12-18,Paid
TXN_LOAN0114_43,LOAN0114,CUST0063,16179.55,15518.92,660.63,2027-01-18,Paid
TXN_LOAN0114_44,LOAN0114,CUST0063,16179.55,15627.12,552.43,2027-02-18,Paid
TXN_LOAN0114_45,LOAN0114,CUST0063,16179.55,15736.08,443.47,2027-03-18,Paid
TXN_LOAN0114_46,LOAN0114,CUST0063,16179.55,15845.79,333.76,2027-04-18,Paid
TXN_LOAN0114_47,LOAN0114,CUST0063,16179.55,15956.27,223.28,2027-05-18,Paid
TXN_LOAN0114_48,LOAN0114,CUST0063,16179.55,16067.23,112.32,2027-06-18,Paid
TXN_LOAN0115_1,LOAN0115,CUST0182,44198.2,37940.5,6257.7,2023-09-05,Missed
TXN_LOAN0115_2,LOAN0115,CUST0182,44198.2,38426.26,5771.94,2023-10-05,Paid
TXN_LOAN0115_3,LOAN0115,CUST0182,44198.2,38918.25,5279.95,2023-11-05,Paid
TXN_LOAN0115_4,LOAN0115,CUST0182,44198.2,39416.53,4781.67,2023-12-05,Paid
TXN_LOAN0115_5,LOAN0115,CUST0182,44198.2,39921.2,4277.0,2024-01-05,Paid
TXN_LOAN0115_6,LOAN0115,CUST0182,44198.2,40432.32,3765.88,2024-02-05,Paid
TXN_LOAN0115_7,LOAN0115,CUST0182,44198.2,40949.99,3248.21,2024-03-05,Paid
TXN_LOAN0115_8,LOAN0115,CUST0182,44198.2,41474.29,2723.91,2024-04-05,Paid
TXN_LOAN0115_9,LOAN0115,CUST0182,44198.2,42005.3,2192.9,2024-05-05,Paid
TXN_LOAN0115_10,LOAN0115,CUST0182,44198.2,42543.11,1655.09,2024-06-05,Paid
TXN_LOAN0115_11,LOAN0115,CUST0182,44198.2,43087.8,1110.4,2024-07-05,Paid
TXN_LOAN0115_12,LOAN0115,CUST0182,44198.2,43639.45,558.75,2024-08-05,Paid
TXN_LOAN0116_1,LOAN0116,CUST0055,85798.08,74180.53,11617.55,2023-05-29,Paid
TXN_LOAN0116_2,LOAN0116,CUST0055,85798.08,75085.42,10712.66,2023-06-29,Paid
TXN_LOAN0116_3,LOAN0116,CUST0055,85798.08,76001.34,9796.74,2023-07-29,Paid
TXN_LOAN0116_4,LOAN0116,CUST0055,85798.08,76928.43,8869.65,2023-08-29,Paid
TXN_LOAN0116_5,LOAN0116,CUST0055,85798.08,77866.83,7931.25,2023-09-29,Paid
TXN_LOAN0116_6,LOAN0116,CUST0055,85798.08,78816.68,6981.4,2023-10-29,Paid
TXN_LOAN0116_7,LOAN0116,CUST0055,85798.08,79778.11,6019.97,2023-11-29,Paid
TXN_LOAN0116_8,LOAN0116,CUST0055,85798.08,80751.28,5046.8,2023-12-29,Paid
TXN_LOAN0116_9,LOAN0116,CUST0055,85798.08,81736.31,4061.77,2024-01-29,Paid
TXN_LOAN0116_10,LOAN0116,CUST0055,85798.08,82733.36,3064.72,2024-02-29,Paid
TXN_LOAN0116_11,LOAN0116,CUST0055,85798.08,83742.57,2055.51,2024-03-29,Paid
TXN_LOAN0116_12,LOAN0116,CUST0055,85798.08,84764.14,1033.94,2024-04-29,Missed
TXN_LOAN0117_1,LOAN0117,CUST0115,5034.96,3032.06,2002.9,2023-08-09,Paid
TXN_LOAN0117_2,LOAN0117,CUST0115,5034.96,3064.26,1970.7,2023-09-09,Paid
TXN_LOAN0117_3,LOAN0117,CUST0115,5034.96,3096.81,1938.15,2023-10-09,Missed
TXN_LOAN0117_4,LOAN0117,CUST0115,5034.96,3129.71,1905.25,2023-11-09,Paid
TXN_LOAN0117_5,LOAN0117,CUST0115,5034.96,3162.95,1872.01,2023-12-09,Missed
TXN_LOAN0117_6,LOAN0117,CUST0115,5034.96,3196.55,1838.41,2024-01-09,Missed
TXN_LOAN0117_7,LOAN0117,CUST0115,5034.96,3230.5,1804.46,2024-02-09,Paid
TXN_LOAN0117_8,LOAN0117,CUST0115,5034.96,3264.81,1770.15,2024-03-09,Paid
TXN_LOAN0117_9,LOAN0117,CUST0115,5034.96,3299.49,1735.47,2024-04-09,Paid
TXN_LOAN0117_10,LOAN0117,CUST0115,5034.96,3334.54,1700.42,2024-05-09,Paid
TXN_LOAN0117_11,LOAN0117,CUST0115,5034.96,3369.96,1665.0,2024-06-09,Paid
TXN_LOAN0117_12,LOAN0117,CUST0115,5034.96,3405.75,1629.21,2024-07-09,Paid
TXN_LOAN0117_13,LOAN0117,CUST0115,5034.96,3441.93,1593.03,2024-08-09,Paid
TXN_LOAN0117_14,LOAN0117,CUST0115,5034.96,3478.49,1556.47,2024-09-09,Paid
TXN_LOAN0117_15,LOAN0117,CUST0115,5034.96,3515.44,1519.52,2024-10-09,Paid
TXN_LOAN0117_16,LOAN0117,CUST0115,5034.96,3552.78,1482.18,2024-11-09,Paid
TXN_LOAN0117_17,LOAN0117,CUST0115,5034.96,3590.52,1444.44,2024-12-09,Paid
TXN_LOAN0117_18,LOAN0117,CUST0115,5034.96,3628.65,1406.31,2025-01-09,Paid
TXN_LOAN0117_19,LOAN0117,CUST0115,5034.96,3667.2,1367.76,2025-02-09,Missed
TXN_LOAN0117_20,LOAN0117,CUST0115,5034.96,3706.15,1328.81,2025-03-09,Missed
TXN_LOAN0117_21,LOAN0117,CUST0115,5034.96,3745.52,1289.44,2025-04-09,Paid
TXN_LOAN0117_22,LOAN0117,CUST0115,5034.96,3785.3,1249.66,2025-05-09,Paid
TXN_LOAN0117_23,LOAN0117,CUST0115,5034.96,3825.51,1209.45,2025-06-09,Paid
TXN_LOAN0117_24,LOAN0117,CUST0115,5034.96,3866.14,1168.82,2025-07-09,Paid
TXN_LOAN0117_25,LOAN0117,CUST0115,5034.96,3907.21,1127.75,2025-08-09,Paid
TXN_LOAN0117_26,LOAN0117,CUST0115,5034.96,3948.71,1086.25,2025-09-09,Paid
TXN_LOAN0117_27,LOAN0117,CUST0115,5034.96,3990.65,1044.31,2025-10-09,Missed
TXN_LOAN0117_28,LOAN0117,CUST0115,5034.96,4033.04,1001.92,2025-11-09,Paid
TXN_LOAN0117_29,LOAN0117,CUST0115,5034.96,4075.88,959.08,2025-12-09,Paid
TXN_LOAN0117_30,LOAN0117,CUST0115,5034.96,4119.17,915.79,2026-01-09,Paid
TXN_LOAN0117_31,LOAN0117,CUST0115,5034.96,4162.93,872.03,2026-02-09,Paid
TXN_LOAN0117_32,LOAN0117,CUST0115,5034.96,4207.15,827.81,2026-03-09,Paid
TXN_LOAN0117_33,LOAN0117,CUST0115,5034.96,4251.83,783.13,2026-04-09,Paid
TXN_LOAN0117_34,LOAN0117,CUST0115,5034.96,4297.0,737.96,2026-05-09,Paid
TXN_LOAN0117_35,LOAN0117,CUST0115,5034.96,4342.64,692.32,2026-06-09,Paid
TXN_LOAN0117_36,LOAN0117,CUST0115,5034.96,4388.77,646.19,2026-07-09,Paid
TXN_LOAN0117_37,LOAN0117,CUST0115,5034.96,4435.38,599.58,2026-08-09,Paid
TXN_LOAN0117_38,LOAN0117,CUST0115,5034.96,4482.5,552.46,2026-09-09,Paid
TXN_LOAN0117_39,LOAN0117,CUST0115,5034.96,4530.11,504.85,2026-10-09,Paid
TXN_LOAN0117_40,LOAN0117,CUST0115,5034.96,4578.23,456.73,2026-11-09,Paid
TXN_LOAN0117_41,LOAN0117,CUST0115,5034.96,4626.86,408.1,2026-12-09,Paid
TXN_LOAN0117_42,LOAN0117,CUST0115,5034.96,4676.0,358.96,2027-01-09,Paid
TXN_LOAN0117_43,LOAN0117,CUST0115,5034.96,4725.67,309.29,2027-02-09,Paid
TXN_LOAN0117_44,LOAN0117,CUST0115,5034.96,4775.87,259.09,2027-03-09,Paid
TXN_LOAN0117_45,LOAN0117,CUST0115,5034.96,4826.6,208.36,2027-04-09,Paid
TXN_LOAN0117_46,LOAN0117,CUST0115,5034.96,4877.86,157.1,2027-05-09,Paid
TXN_LOAN0117_47,LOAN0117,CUST0115,5034.96,4929.68,105.28,2027-06-09,Missed
TXN_LOAN0117_48,LOAN0117,CUST0115,5034.96,4982.24,52.72,2027-07-09,Paid
TXN_LOAN0118_1,LOAN0118,CUST0168,23798.21,12384.02,11414.19,2023-10-12,Paid
TXN_LOAN0118_2,LOAN0118,CUST0168,23798.21,12553.7,11244.51,2023-11-12,Paid
TXN_LOAN0118_3,LOAN0118,CUST0168,23798.21,12725.7,11072.51,2023-12-12,Paid
TXN_LOAN0118_4,LOAN0118,CUST0168,23798.21,12900.06,10898.15,2024-01-12,Paid
TXN_LOAN0118_5,LOAN0118,CUST0168,23798.21,13076.81,10721.4,2024-02-12,Missed
TXN_LOAN0118_6,LOAN0118,CUST0168,23798.21,13255.98,10542.23,2024-03-12,Paid
TXN_LOAN0118_7,LOAN0118,CUST0168,23798.21,13437.61,10360.6,2024-04-12,Paid
TXN_LOAN0118_8,LOAN0118,CUST0168,23798.21,13621.72,10176.49,2024-05-12,Missed
TXN_LOAN0118_9,LOAN0118,CUST0168,23798.21,13808.36,9989.85,2024-06-12,Missed
TXN_LOAN0118_10,LOAN0118,CUST0168,23798.21,13997.56,9800.65,2024-07-12,Paid
TXN_LOAN0118_11,LOAN0118,CUST0168,23798.21,14189.34,9608.87,2024-08-12,Paid
TXN_LOAN0118_12,LOAN0118,CUST0168,23798.21,14383.76,9414.45,2024-09-12,Paid
TXN_LOAN0118_13,LOAN0118,CUST0168,23798.21,14580.83,9217.38,2024-10-12,Paid
TXN_LOAN0118_14,LOAN0118,CUST0168,23798.21,14780.61,9017.6,2024-11-12,Paid
TXN_LOAN0118_15,LOAN0118,CUST0168,23798.21,14983.13,8815.08,2024-12-12,Paid
TXN_LOAN0118_16,LOAN0118,CUST0168,23798.21,15188.42,8609.79,2025-01-12,Paid
TXN_LOAN0118_17,LOAN0118,CUST0168,23798.21,15396.52,8401.69,2025-02-12,Paid
TXN_LOAN0118_18,LOAN0118,CUST0168,23798.21,15607.48,8190.73,2025-03-12,Paid
TXN_LOAN0118_19,LOAN0118,CUST0168,23798.21,15821.32,7976.89,2025-04-12,Paid
TXN_LOAN0118_20,LOAN0118,CUST0168,23798.21,16038.09,7760.12,2025-05-12,Paid
TXN_LOAN0118_21,LOAN0118,CUST0168,23798.21,16257.84,7540.37,2025-06-12,Paid
TXN_LOAN0118_22,LOAN0118,CUST0168,23798.21,16480.59,7317.62,2025-07-12,Paid
TXN_LOAN0118_23,LOAN0118,CUST0168,23798.21,16706.4,7091.81,2025-08-12,Paid
TXN_LOAN0118_24,LOAN0118,CUST0168,23798.21,16935.3,6862.91,2025-09-12,Paid
TXN_LOAN0118_25,LOAN0118,CUST0168,23798.21,17167.34,6630.87,2025-10-12,Paid
TXN_LOAN0118_26,LOAN0118,CUST0168,23798.21,17402.56,6395.65,2025-11-12,Paid
TXN_LOAN0118_27,LOAN0118,CUST0168,23798.21,17641.0,6157.21,2025-12-12,Paid
TXN_LOAN0118_28,LOAN0118,CUST0168,23798.21,17882.7,5915.51,2026-01-12,Paid
TXN_LOAN0118_29,LOAN0118,CUST0168,23798.21,18127.72,5670.49,2026-02-12,Paid
TXN_LOAN0118_30,LOAN0118,CUST0168,23798.21,18376.1,5422.11,2026-03-12,Paid
TXN_LOAN0118_31,LOAN0118,CUST0168,23798.21,18627.88,5170.33,2026-04-12,Paid
TXN_LOAN0118_32,LOAN0118,CUST0168,23798.21,18883.11,4915.1,2026-05-12,Paid
TXN_LOAN0118_33,LOAN0118,CUST0168,23798.21,19141.83,4656.38,2026-06-12,Paid
TXN_LOAN0118_34,LOAN0118,CUST0168,23798.21,19404.1,4394.11,2026-07-12,Missed
TXN_LOAN0118_35,LOAN0118,CUST0168,23798.21,19669.97,4128.24,2026-08-12,Paid
TXN_LOAN0118_36,LOAN0118,CUST0168,23798.21,19939.47,3858.74,2026-09-12,Paid
TXN_LOAN0118_37,LOAN0118,CUST0168,23798.21,20212.67,3585.54,2026-10-12,Paid
TXN_LOAN0118_38,LOAN0118,CUST0168,23798.21,20489.61,3308.6,2026-11-12,Paid
TXN_LOAN0118_39,LOAN0118,CUST0168,23798.21,20770.35,3027.86,2026-12-12,Missed
TXN_LOAN0118_40,LOAN0118,CUST0168,23798.21,21054.93,2743.28,2027-01-12,Paid
TXN_LOAN0118_41,LOAN0118,CUST0168,23798.21,21343.42,2454.79,2027-02-12,Paid
TXN_LOAN0118_42,LOAN0118,CUST0168,23798.21,21635.85,2162.36,2027-03-12,Paid
TXN_LOAN0118_43,LOAN0118,CUST0168,23798.21,21932.29,1865.92,2027-04-12,Paid
TXN_LOAN0118_44,LOAN0118,CUST0168,23798.21,22232.8,1565.41,2027-05-12,Paid
TXN_LOAN0118_45,LOAN0118,CUST0168,23798.21,22537.42,1260.79,2027-06-12,Paid
TXN_LOAN0118_46,LOAN0118,CUST0168,23798.21,22846.21,952.0,2027-07-12,Paid
TXN_LOAN0118_47,LOAN0118,CUST0168,23798.21,23159.24,638.97,2027-08-12,Paid
TXN_LOAN0118_48,LOAN0118,CUST0168,23798.21,23476.28,321.93,2027-09-12,Missed
TXN_LOAN0119_1,LOAN0119,CUST0143,27240.86,19800.63,7440.23,2023-10-23,Missed
TXN_LOAN0119_2,LOAN0119,CUST0143,27240.86,20065.57,7175.29,2023-11-23,Paid
TXN_LOAN0119_3,LOAN0119,CUST0143,27240.86,20334.06,6906.8,2023-12-23,Paid
TXN_LOAN0119_4,LOAN0119,CUST0143,27240.86,20606.14,6634.72,2024-01-23,Paid
TXN_LOAN0119_5,LOAN0119,CUST0143,27240.86,20881.86,6359.0,2024-02-23,Paid
TXN_LOAN0119_6,LOAN0119,CUST0143,27240.86,21161.27,6079.59,2024-03-23,Paid
TXN_LOAN0119_7,LOAN0119,CUST0143,27240.86,21444.42,5796.44,2024-04-23,Paid
TXN_LOAN0119_8,LOAN0119,CUST0143,27240.86,21731.36,5509.5,2024-05-23,Paid
TXN_LOAN0119_9,LOAN0119,CUST0143,27240.86,22022.14,5218.72,2024-06-23,Paid
TXN_LOAN0119_10,LOAN0119,CUST0143,27240.86,22316.81,4924.05,2024-07-23,Paid
TXN_LOAN0119_11,LOAN0119,CUST0143,27240.86,22615.42,4625.44,2024-08-23,Missed
TXN_LOAN0119_12,LOAN0119,CUST0143,27240.86,22918.03,4322.83,2024-09-23,Missed
TXN_LOAN0119_13,LOAN0119,CUST0143,27240.86,23224.69,4016.17,2024-10-23,Paid
TXN_LOAN0119_14,LOAN0119,CUST0143,27240.86,23535.45,3705.41,2024-11-23,Paid
TXN_LOAN0119_15,LOAN0119,CUST0143,27240.86,23850.37,3390.49,2024-12-23,Missed
TXN_LOAN0119_16,LOAN0119,CUST0143,27240.86,24169.5,3071.36,2025-01-23,Missed
TXN_LOAN0119_17,LOAN0119,CUST0143,27240.86,24492.9,2747.96,2025-02-23,Paid
TXN_LOAN0119_18,LOAN0119,CUST0143,27240.86,24820.63,2420.23,2025-03-23,Paid
TXN_LOAN0119_19,LOAN0119,CUST0143,27240.86,25152.74,2088.12,2025-04-23,Paid
TXN_LOAN0119_20,LOAN0119,CUST0143,27240.86,25489.3,1751.56,2025-05-23,Paid
TXN_LOAN0119_21,LOAN0119,CUST0143,27240.86,25830.36,1410.5,2025-06-23,Paid
TXN_LOAN0119_22,LOAN0119,CUST0143,27240.86,26175.99,1064.87,2025-07-23,Paid
TXN_LOAN0119_23,LOAN0119,CUST0143,27240.86,26526.24,714.62,2025-08-23,Missed
TXN_LOAN0119_24,LOAN0119,CUST0143,27240.86,26881.12,359.74,2025-09-23,Paid
TXN_LOAN0120_1,LOAN0120,CUST0149,20591.11,11868.55,8722.56,2023-06-29,Paid
TXN_LOAN0120_2,LOAN0120,CUST0149,20591.11,12005.57,8585.54,2023-07-29,Paid
TXN_LOAN0120_3,LOAN0120,CUST0149,20591.11,12144.17,8446.94,2023-08-29,Paid
TXN_LOAN0120_4,LOAN0120,CUST0149,20591.11,12284.37,8306.74,2023-09-29,Paid
TXN_LOAN0120_5,LOAN0120,CUST0149,20591.11,12426.19,8164.92,2023-10-29,Paid
TXN_LOAN0120_6,LOAN0120,CUST0149,20591.11,12569.64,8021.47,2023-11-29,Paid
TXN_LOAN0120_7,LOAN0120,CUST0149,20591.11,12714.75,7876.36,2023-12-29,Paid
TXN_LOAN0120_8,LOAN0120,CUST0149,20591.11,12861.54,7729.57,2024-01-29,Paid
TXN_LOAN0120_9,LOAN0120,CUST0149,20591.11,13010.02,7581.09,2024-02-29,Paid
TXN_LOAN0120_10,LOAN0120,CUST0149,20591.11,13160.22,7430.89,2024-03-29,Paid
TXN_LOAN0120_11,LOAN0120,CUST0149,20591.11,13312.15,7278.96,2024-04-29,Paid
TXN_LOAN0120_12,LOAN0120,CUST0149,20591.11,13465.83,7125.28,2024-05-29,Paid
TXN_LOAN0120_13,LOAN0120,CUST0149,20591.11,13621.29,6969.82,2024-06-29,Paid
TXN_LOAN0120_14,LOAN0120,CUST0149,20591.11,13778.54,6812.57,2024-07-29,Paid
TXN_LOAN0120_15,LOAN0120,CUST0149,20591.11,13937.61,6653.5,2024-08-29,Paid
TXN_LOAN0120_16,LOAN0120,CUST0149,20591.11,14098.51,6492.6,2024-09-29,Paid
TXN_LOAN0120_17,LOAN0120,CUST0149,20591.11,14261.28,6329.83,2024-10-29,Paid
TXN_LOAN0120_18,LOAN0120,CUST0149,20591.11,14425.92,6165.19,2024-11-29,Paid
TXN_LOAN0120_19,LOAN0120,CUST0149,20591.11,14592.46,5998.65,2024-12-29,Paid
TXN_LOAN0120_20,LOAN0120,CUST0149,20591.11,14760.92,5830.19,2025-01-29,Paid
TXN_LOAN0120_21,LOAN0120,CUST0149,20591.11,14931.33,5659.78,2025-02-28,Paid
TXN_LOAN0120_22,LOAN0120,CUST0149,20591.11,15103.71,5487.4,2025-03-29,Paid
TXN_LOAN0120_23,LOAN0120,CUST0149,20591.11,15278.07,5313.04,2025-04-29,Paid
TXN_LOAN0120_24,LOAN0120,CUST0149,20591.11,15454.45,5136.66,2025-05-29,Paid
TXN_LOAN0120_25,LOAN0120,CUST0149,20591.11,15632.87,4958.24,2025-06-29,Paid
TXN_LOAN0120_26,LOAN0120,CUST0149,20591.11,15813.35,4777.76,2025-07-29,Paid
TXN_LOAN0120_27,LOAN0120,CUST0149,20591.11,15995.9,4595.21,2025-08-29,Paid
TXN_LOAN0120_28,LOAN0120,CUST0149,20591.11,16180.57,4410.54,2025-09-29,Paid
TXN_LOAN0120_29,LOAN0120,CUST0149,20591.11,16367.37,4223.74,2025-10-29,Paid
TXN_LOAN0120_30,LOAN0120,CUST0149,20591.11,16556.32,4034.79,2025-11-29,Paid
TXN_LOAN0120_31,LOAN0120,CUST0149,20591.11,16747.46,3843.65,2025-12-29,Paid
TXN_LOAN0120_32,LOAN0120,CUST0149,20591.11,16940.8,3650.31,2026-01-29,Paid
TXN_LOAN0120_33,LOAN0120,CUST0149,20591.11,17136.38,3454.73,2026-02-28,Paid
TXN_LOAN0120_34,LOAN0120,CUST0149,20591.11,17334.21,3256.9,2026-03-29,Paid
TXN_LOAN0120_35,LOAN0120,CUST0149,20591.11,17534.33,3056.78,2026-04-29,Paid
TXN_LOAN0120_36,LOAN0120,CUST0149,20591.11,17736.76,2854.35,2026-05-29,Paid
TXN_LOAN0120_37,LOAN0120,CUST0149,20591.11,17941.52,2649.59,2026-06-29,Paid
TXN_LOAN0120_38,LOAN0120,CUST0149,20591.11,18148.65,2442.46,2026-07-29,Paid
TXN_LOAN0120_39,LOAN0120,CUST0149,20591.11,18358.17,2232.94,2026-08-29,Paid
TXN_LOAN0120_40,LOAN0120,CUST0149,20591.11,18570.11,2021.0,2026-09-29,Paid
TXN_LOAN0120_41,LOAN0120,CUST0149,20591.11,18784.49,1806.62,2026-10-29,Paid
TXN_LOAN0120_42,LOAN0120,CUST0149,20591.11,19001.35,1589.76,2026-11-29,Paid
TXN_LOAN0120_43,LOAN0120,CUST0149,20591.11,19220.71,1370.4,2026-12-29,Paid
TXN_LOAN0120_44,LOAN0120,CUST0149,20591.11,19442.61,1148.5,2027-01-29,Paid
TXN_LOAN0120_45,LOAN0120,CUST0149,20591.11,19667.07,924.04,2027-02-28,Paid
TXN_LOAN0120_46,LOAN0120,CUST0149,20591.11,19894.12,696.99,2027-03-29,Paid
TXN_LOAN0120_47,LOAN0120,CUST0149,20591.11,20123.79,467.32,2027-04-29,Paid
TXN_LOAN0120_48,LOAN0120,CUST0149,20591.11,20356.0,235.11,2027-05-29,Paid
TXN_LOAN0121_1,LOAN0121,CUST0175,47329.63,33980.28,13349.35,2023-07-13,Paid
TXN_LOAN0121_2,LOAN0121,CUST0175,47329.63,34452.68,12876.95,2023-08-13,Paid
TXN_LOAN0121_3,LOAN0121,CUST0175,47329.63,34931.65,12397.98,2023-09-13,Paid
TXN_LOAN0121_4,LOAN0121,CUST0175,47329.63,35417.28,11912.35,2023-10-13,Paid
TXN_LOAN0121_5,LOAN0121,CUST0175,47329.63,35909.66,11419.97,2023-11-13,Paid
TXN_LOAN0121_6,LOAN0121,CUST0175,47329.63,36408.88,10920.75,2023-12-13,Missed
TXN_LOAN0121_7,LOAN0121,CUST0175,47329.63,36915.05,10414.58,2024-01-13,Missed
TXN_LOAN0121_8,LOAN0121,CUST0175,47329.63,37428.25,9901.38,2024-02-13,Paid
TXN_LOAN0121_9,LOAN0121,CUST0175,47329.63,37948.59,9381.04,2024-03-13,Paid
TXN_LOAN0121_10,LOAN0121,CUST0175,47329.63,38476.16,8853.47,2024-04-13,Paid
TXN_LOAN0121_11,LOAN0121,CUST0175,47329.63,39011.07,8318.56,2024-05-13,Paid
TXN_LOAN0121_12,LOAN0121,CUST0175,47329.63,39553.41,7776.22,2024-06-13,Paid
TXN_LOAN0121_13,LOAN0121,CUST0175,47329.63,40103.29,7226.34,2024-07-13,Paid
TXN_LOAN0121_14,LOAN0121,CUST0175,47329.63,40660.82,6668.81,2024-08-13,Paid
TXN_LOAN0121_15,LOAN0121,CUST0175,47329.63,41226.09,6103.54,2024-09-13,Paid
TXN_LOAN0121_16,LOAN0121,CUST0175,47329.63,41799.23,5530.4,2024-10-13,Paid
TXN_LOAN0121_17,LOAN0121,CUST0175,47329.63,42380.33,4949.3,2024-11-13,Paid
TXN_LOAN0121_18,LOAN0121,CUST0175,47329.63,42969.52,4360.11,2024-12-13,Paid
TXN_LOAN0121_19,LOAN0121,CUST0175,47329.63,43566.89,3762.74,2025-01-13,Paid
TXN_LOAN0121_20,LOAN0121,CUST0175,47329.63,44172.57,3157.06,2025-02-13,Paid
TXN_LOAN0121_21,LOAN0121,CUST0175,47329.63,44786.67,2542.96,2025-03-13,Paid
TXN_LOAN0121_22,LOAN0121,CUST0175,47329.63,45409.3,1920.33,2025-04-13,Paid
TXN_LOAN0121_23,LOAN0121,CUST0175,47329.63,46040.59,1289.04,2025-05-13,Missed
TXN_LOAN0121_24,LOAN0121,CUST0175,47329.63,46680.74,648.89,2025-06-13,Missed
TXN_LOAN0122_1,LOAN0122,CUST0053,33069.4,29917.5,3151.9,2023-06-20,Paid
TXN_LOAN0122_2,LOAN0122,CUST0053,33069.4,30168.26,2901.14,2023-07-20,Paid
TXN_LOAN0122_3,LOAN0122,CUST0053,33069.4,30421.14,2648.26,2023-08-20,Paid
TXN_LOAN0122_4,LOAN0122,CUST0053,33069.4,30676.13,2393.27,2023-09-20,Paid
TXN_LOAN0122_5,LOAN0122,CUST0053,33069.4,30933.25,2136.15,2023-10-20,Missed
TXN_LOAN0122_6,LOAN0122,CUST0053,33069.4,31192.54,1876.86,2023-11-20,Paid
TXN_LOAN0122_7,LOAN0122,CUST0053,33069.4,31453.99,1615.41,2023-12-20,Paid
TXN_LOAN0122_8,LOAN0122,CUST0053,33069.4,31717.64,1351.76,2024-01-20,Paid
TXN_LOAN0122_9,LOAN0122,CUST0053,33069.4,31983.5,1085.9,2024-02-20,Paid
TXN_LOAN0122_10,LOAN0122,CUST0053,33069.4,32251.58,817.82,2024-03-20,Paid
TXN_LOAN0122_11,LOAN0122,CUST0053,33069.4,32521.92,547.48,2024-04-20,Paid
TXN_LOAN0122_12,LOAN0122,CUST0053,33069.4,32794.55,274.85,2024-05-20,Paid
TXN_LOAN0123_1,LOAN0123,CUST0137,29634.45,24710.87,4923.58,2024-01-13,Paid
TXN_LOAN0123_2,LOAN0123,CUST0137,29634.45,24898.65,4735.8,2024-02-13,Paid
TXN_LOAN0123_3,LOAN0123,CUST0137,29634.45,25087.87,4546.58,2024-03-13,Paid
TXN_LOAN0123_4,LOAN0123,CUST0137,29634.45,25278.52,4355.93,2024-04-13,Missed
TXN_LOAN0123_5,LOAN0123,CUST0137,29634.45,25470.62,4163.83,2024-05-13,Paid
TXN_LOAN0123_6,LOAN0123,CUST0137,29634.45,25664.18,3970.27,2024-06-13,Paid
TXN_LOAN0123_7,LOAN0123,CUST0137,29634.45,25859.21,3775.24,2024-07-13,Paid
TXN_LOAN0123_8,LOAN0123,CUST0137,29634.45,26055.72,3578.73,2024-08-13,Paid
TXN_LOAN0123_9,LOAN0123,CUST0137,29634.45,26253.73,3380.72,2024-09-13,Paid
TXN_LOAN0123_10,LOAN0123,CUST0137,29634.45,26453.24,3181.21,2024-10-13,Paid
TXN_LOAN0123_11,LOAN0123,CUST0137,29634.45,26654.26,2980.19,2024-11-13,Paid
TXN_LOAN0123_12,LOAN0123,CUST0137,29634.45,26856.82,2777.63,2024-12-13,Paid
TXN_LOAN0123_13,LOAN0123,CUST0137,29634.45,27060.91,2573.54,2025-01-13,Paid
TXN_LOAN0123_14,LOAN0123,CUST0137,29634.45,27266.56,2367.89,2025-02-13,Paid
TXN_LOAN0123_15,LOAN0123,CUST0137,29634.45,27473.76,2160.69,2025-03-13,Paid
TXN_LOAN0123_16,LOAN0123,CUST0137,29634.45,27682.55,1951.9,2025-04-13,Paid
TXN_LOAN0123_17,LOAN0123,CUST0137,29634.45,27892.92,1741.53,2025-05-13,Paid
TXN_LOAN0123_18,LOAN0123,CUST0137,29634.45,28104.88,1529.57,2025-06-13,Missed
TXN_LOAN0123_19,LOAN0123,CUST0137,29634.45,28318.46,1315.99,2025-07-13,Paid
TXN_LOAN0123_20,LOAN0123,CUST0137,29634.45,28533.66,1100.79,2025-08-13,Paid
TXN_LOAN0123_21,LOAN0123,CUST0137,29634.45,28750.5,883.95,2025-09-13,Paid
TXN_LOAN0123_22,LOAN0123,CUST0137,29634.45,28968.98,665.47,2025-10-13,Paid
TXN_LOAN0123_23,LOAN0123,CUST0137,29634.45,29189.13,445.32,2025-11-13,Paid
TXN_LOAN0123_24,LOAN0123,CUST0137,29634.45,29411.0,223.45,2025-12-13,Paid
TXN_LOAN0124_1,LOAN0124,CUST0180,21728.62,14191.26,7537.36,2023-10-15,Paid
TXN_LOAN0124_2,LOAN0124,CUST0180,21728.62,14317.77,7410.85,2023-11-15,Paid
TXN_LOAN0124_3,LOAN0124,CUST0180,21728.62,14445.41,7283.21,2023-12-15,Paid
TXN_LOAN0124_4,LOAN0124,CUST0180,21728.62,14574.18,7154.44,2024-01-15,Paid
TXN_LOAN0124_5,LOAN0124,CUST0180,21728.62,14704.11,7024.51,2024-02-15,Paid
TXN_LOAN0124_6,LOAN0124,CUST0180,21728.62,14835.19,6893.43,2024-03-15,Paid
TXN_LOAN0124_7,LOAN0124,CUST0180,21728.62,14967.44,6761.18,2024-04-15,Missed
TXN_LOAN0124_8,LOAN0124,CUST0180,21728.62,15100.86,6627.76,2024-05-15,Paid
TXN_LOAN0124_9,LOAN0124,CUST0180,21728.62,15235.48,6493.14,2024-06-15,Paid
TXN_LOAN0124_10,LOAN0124,CUST0180,21728.62,15371.3,6357.32,2024-07-15,Paid
TXN_LOAN0124_11,LOAN0124,CUST0180,21728.62,15508.33,6220.29,2024-08-15,Paid
TXN_LOAN0124_12,LOAN0124,CUST0180,21728.62,15646.58,6082.04,2024-09-15,Paid
TXN_LOAN0124_13,LOAN0124,CUST0180,21728.62,15786.06,5942.56,2024-10-15,Paid
TXN_LOAN0124_14,LOAN0124,CUST0180,21728.62,15926.79,5801.83,2024-11-15,Paid
TXN_LOAN0124_15,LOAN0124,CUST0180,21728.62,16068.77,5659.85,2024-12-15,Paid
TXN_LOAN0124_16,LOAN0124,CUST0180,21728.62,16212.02,5516.6,2025-01-15,Paid
TXN_LOAN0124_17,LOAN0124,CUST0180,21728.62,16356.54,5372.08,2025-02-15,Paid
TXN_LOAN0124_18,LOAN0124,CUST0180,21728.62,16502.35,5226.27,2025-03-15,Paid
TXN_LOAN0124_19,LOAN0124,CUST0180,21728.62,16649.46,5079.16,2025-04-15,Paid
TXN_LOAN0124_20,LOAN0124,CUST0180,21728.62,16797.88,4930.74,2025-05-15,Paid
TXN_LOAN0124_21,LOAN0124,CUST0180,21728.62,16947.63,4780.99,2025-06-15,Paid
TXN_LOAN0124_22,LOAN0124,CUST0180,21728.62,17098.71,4629.91,2025-07-15,Paid
TXN_LOAN0124_23,LOAN0124,CUST0180,21728.62,17251.14,4477.48,2025-08-15,Missed
TXN_LOAN0124_24,LOAN0124,CUST0180,21728.62,17404.93,4323.69,2025-09-15,Paid
TXN_LOAN0124_25,LOAN0124,CUST0180,21728.62,17560.08,4168.54,2025-10-15,Paid
TXN_LOAN0124_26,LOAN0124,CUST0180,21728.62,17716.62,4012.0,2025-11-15,Paid
TXN_LOAN0124_27,LOAN0124,CUST0180,21728.62,17874.56,3854.06,2025-12-15,Paid
TXN_LOAN0124_28,LOAN0124,CUST0180,21728.62,18033.9,3694.72,2026-01-15,Paid
TXN_LOAN0124_29,LOAN0124,CUST0180,21728.62,18194.67,3533.95,2026-02-15,Paid
TXN_LOAN0124_30,LOAN0124,CUST0180,21728.62,18356.87,3371.75,2026-03-15,Paid
TXN_LOAN0124_31,LOAN0124,CUST0180,21728.62,18520.51,3208.11,2026-04-15,Paid
TXN_LOAN0124_32,LOAN0124,CUST0180,21728.62,18685.61,3043.01,2026-05-15,Paid
TXN_LOAN0124_33,LOAN0124,CUST0180,21728.62,18852.19,2876.43,2026-06-15,Paid
TXN_LOAN0124_34,LOAN0124,CUST0180,21728.62,19020.25,2708.37,2026-07-15,Missed
TXN_LOAN0124_35,LOAN0124,CUST0180,21728.62,19189.81,2538.81,2026-08-15,Paid
TXN_LOAN0124_36,LOAN0124,CUST0180,21728.62,19360.87,2367.75,2026-09-15,Paid
TXN_LOAN0124_37,LOAN0124,CUST0180,21728.62,19533.47,2195.15,2026-10-15,Paid
TXN_LOAN0124_38,LOAN0124,CUST0180,21728.62,19707.6,2021.02,2026-11-15,Paid
TXN_LOAN0124_39,LOAN0124,CUST0180,21728.62,19883.29,1845.33,2026-12-15,Paid
TXN_LOAN0124_40,LOAN0124,CUST0180,21728.62,20060.54,1668.08,2027-01-15,Paid
TXN_LOAN0124_41,LOAN0124,CUST0180,21728.62,20239.37,1489.25,2027-02-15,Missed
TXN_LOAN0124_42,LOAN0124,CUST0180,21728.62,20419.79,1308.83,2027-03-15,Paid
TXN_LOAN0124_43,LOAN0124,CUST0180,21728.62,20601.83,1126.79,2027-04-15,Paid
TXN_LOAN0124_44,LOAN0124,CUST0180,21728.62,20785.48,943.14,2027-05-15,Paid
TXN_LOAN0124_45,LOAN0124,CUST0180,21728.62,20970.78,757.84,2027-06-15,Paid
TXN_LOAN0124_46,LOAN0124,CUST0180,21728.62,21157.72,570.9,2027-07-15,Paid
TXN_LOAN0124_47,LOAN0124,CUST0180,21728.62,21346.34,382.28,2027-08-15,Paid
TXN_LOAN0124_48,LOAN0124,CUST0180,21728.62,21536.66,191.96,2027-09-15,Paid
TXN_LOAN0125_1,LOAN0125,CUST0057,71791.44,65914.68,5876.76,2023-10-26,Paid
TXN_LOAN0125_2,LOAN0125,CUST0057,71791.44,66385.47,5405.97,2023-11-26,Paid
TXN_LOAN0125_3,LOAN0125,CUST0057,71791.44,66859.62,4931.82,2023-12-26,Missed
TXN_LOAN0125_4,LOAN0125,CUST0057,71791.44,67337.16,4454.28,2024-01-26,Paid
TXN_LOAN0125_5,LOAN0125,CUST0057,71791.44,67818.11,3973.33,2024-02-26,Paid
TXN_LOAN0125_6,LOAN0125,CUST0057,71791.44,68302.49,3488.95,2024-03-26,Paid
TXN_LOAN0125_7,LOAN0125,CUST0057,71791.44,68790.33,3001.11,2024-04-26,Paid
TXN_LOAN0125_8,LOAN0125,CUST0057,71791.44,69281.66,2509.78,2024-05-26,Paid
TXN_LOAN0125_9,LOAN0125,CUST0057,71791.44,69776.5,2014.94,2024-06-26,Paid
TXN_LOAN0125_10,LOAN0125,CUST0057,71791.44,70274.87,1516.57,2024-07-26,Paid
TXN_LOAN0125_11,LOAN0125,CUST0057,71791.44,70776.8,1014.64,2024-08-26,Paid
TXN_LOAN0125_12,LOAN0125,CUST0057,71791.44,71282.31,509.13,2024-09-26,Paid
TXN_LOAN0126_1,LOAN0126,CUST0117,10287.75,6915.75,3372.0,2023-07-30,Paid
TXN_LOAN0126_2,LOAN0126,CUST0117,10287.75,6992.47,3295.28,2023-08-30,Paid
TXN_LOAN0126_3,LOAN0126,CUST0117,10287.75,7070.04,3217.71,2023-09-30,Paid
TXN_LOAN0126_4,LOAN0126,CUST0117,10287.75,7148.47,3139.28,2023-10-30,Paid
TXN_LOAN0126_5,LOAN0126,CUST0117,10287.75,7227.77,3059.98,2023-11-30,Missed
TXN_LOAN0126_6,LOAN0126,CUST0117,10287.75,7307.94,2979.81,2023-12-30,Paid
TXN_LOAN0126_7,LOAN0126,CUST0117,10287.75,7389.01,2898.74,2024-01-30,Paid
TXN_LOAN0126_8,LOAN0126,CUST0117,10287.75,7470.98,2816.77,2024-02-29,Paid
TXN_LOAN0126_9,LOAN0126,CUST0117,10287.75,7553.85,2733.9,2024-03-30,Paid
TXN_LOAN0126_10,LOAN0126,CUST0117,10287.75,7637.65,2650.1,2024-04-30,Paid
TXN_LOAN0126_11,LOAN0126,CUST0117,10287.75,7722.37,2565.38,2024-05-30,Paid
TXN_LOAN0126_12,LOAN0126,CUST0117,10287.75,7808.04,2479.71,2024-06-30,Missed
TXN_LOAN0126_13,LOAN0126,CUST0117,10287.75,7894.65,2393.1,2024-07-30,Paid
TXN_LOAN0126_14,LOAN0126,CUST0117,10287.75,7982.23,2305.52,2024-08-30,Paid
TXN_LOAN0126_15,LOAN0126,CUST0117,10287.75,8070.78,2216.97,2024-09-30,Paid
TXN_LOAN0126_16,LOAN0126,CUST0117,10287.75,8160.31,2127.44,2024-10-30,Paid
TXN_LOAN0126_17,LOAN0126,CUST0117,10287.75,8250.83,2036.92,2024-11-30,Paid
TXN_LOAN0126_18,LOAN0126,CUST0117,10287.75,8342.36,1945.39,2024-12-30,Paid
TXN_LOAN0126_19,LOAN0126,CUST0117,10287.75,8434.9,1852.85,2025-01-30,Paid
TXN_LOAN0126_20,LOAN0126,CUST0117,10287.75,8528.47,1759.28,2025-02-28,Paid
TXN_LOAN0126_21,LOAN0126,CUST0117,10287.75,8623.08,1664.67,2025-03-30,Paid
TXN_LOAN0126_22,LOAN0126,CUST0117,10287.75,8718.73,1569.02,2025-04-30,Paid
TXN_LOAN0126_23,LOAN0126,CUST0117,10287.75,8815.45,1472.3,2025-05-30,Missed
TXN_LOAN0126_24,LOAN0126,CUST0117,10287.75,8913.24,1374.51,2025-06-30,Paid
TXN_LOAN0126_25,LOAN0126,CUST0117,10287.75,9012.12,1275.63,2025-07-30,Paid
TXN_LOAN0126_26,LOAN0126,CUST0117,10287.75,9112.09,1175.66,2025-08-30,Paid
TXN_LOAN0126_27,LOAN0126,CUST0117,10287.75,9213.17,1074.58,2025-09-30,Paid
TXN_LOAN0126_28,LOAN0126,CUST0117,10287.75,9315.37,972.38,2025-10-30,Missed
TXN_LOAN0126_29,LOAN0126,CUST0117,10287.75,9418.71,869.04,2025-11-30,Paid
TXN_LOAN0126_30,LOAN0126,CUST0117,10287.75,9523.19,764.56,2025-12-30,Paid
TXN_LOAN0126_31,LOAN0126,CUST0117,10287.75,9628.83,658.92,2026-01-30,Paid
TXN_LOAN0126_32,LOAN0126,CUST0117,10287.75,9735.65,552.1,2026-02-28,Paid
TXN_LOAN0126_33,LOAN0126,CUST0117,10287.75,9843.64,444.11,2026-03-30,Paid
TXN_LOAN0126_34,LOAN0126,CUST0117,10287.75,9952.84,334.91,2026-04-30,Paid
TXN_LOAN0126_35,LOAN0126,CUST0117,10287.75,10063.25,224.5,2026-05-30,Missed
TXN_LOAN0126_36,LOAN0126,CUST0117,10287.75,10174.77,112.98,2026-06-30,Missed
TXN_LOAN0127_1,LOAN0127,CUST0154,16527.72,11707.24,4820.48,2023-07-09,Paid
TXN_LOAN0127_2,LOAN0127,CUST0154,16527.72,11876.66,4651.06,2023-08-09,Paid
TXN_LOAN0127_3,LOAN0127,CUST0154,16527.72,12048.53,4479.19,2023-09-09,Paid
TXN_LOAN0127_4,LOAN0127,CUST0154,16527.72,12222.9,4304.82,2023-10-09,Paid
TXN_LOAN0127_5,LOAN0127,CUST0154,16527.72,12399.78,4127.94,2023-11-09,Paid
TXN_LOAN0127_6,LOAN0127,CUST0154,16527.72,12579.23,3948.49,2023-12-09,Paid
TXN_LOAN0127_7,LOAN0127,CUST0154,16527.72,12761.27,3766.45,2024-01-09,Paid
TXN_LOAN0127_8,LOAN0127,CUST0154,16527.72,12945.95,3581.77,2024-02-09,Paid
TXN_LOAN0127_9,LOAN0127,CUST0154,16527.72,13133.3,3394.42,2024-03-09,Paid
TXN_LOAN0127_10,LOAN0127,CUST0154,16527.72,13323.36,3204.36,2024-04-09,Missed
TXN_LOAN0127_11,LOAN0127,CUST0154,16527.72,13516.17,3011.55,2024-05-09,Missed
TXN_LOAN0127_12,LOAN0127,CUST0154,16527.72,13711.78,2815.94,2024-06-09,Paid
TXN_LOAN0127_13,LOAN0127,CUST0154,16527.72,13910.21,2617.51,2024-07-09,Paid
TXN_LOAN0127_14,LOAN0127,CUST0154,16527.72,14111.51,2416.21,2024-08-09,Missed
TXN_LOAN0127_15,LOAN0127,CUST0154,16527.72,14315.73,2211.99,2024-09-09,Paid
TXN_LOAN0127_16,LOAN0127,CUST0154,16527.72,14522.9,2004.82,2024-10-09,Paid
TXN_LOAN0127_17,LOAN0127,CUST0154,16527.72,14733.08,1794.64,2024-11-09,Paid
TXN_LOAN0127_18,LOAN0127,CUST0154,16527.72,14946.29,1581.43,2024-12-09,Paid
TXN_LOAN0127_19,LOAN0127,CUST0154,16527.72,15162.59,1365.13,2025-01-09,Paid
TXN_LOAN0127_20,LOAN0127,CUST0154,16527.72,15382.02,1145.7,2025-02-09,Paid
TXN_LOAN0127_21,LOAN0127,CUST0154,16527.72,15604.62,923.1,2025-03-09,Paid
TXN_LOAN0127_22,LOAN0127,CUST0154,16527.72,15830.45,697.27,2025-04-09,Paid
TXN_LOAN0127_23,LOAN0127,CUST0154,16527.72,16059.54,468.18,2025-05-09,Missed
TXN_LOAN0127_24,LOAN0127,CUST0154,16527.72,16291.89,235.83,2025-06-09,Paid
TXN_LOAN0128_1,LOAN0128,CUST0169,37206.61,34221.16,2985.45,2024-01-17,Paid
TXN_LOAN0128_2,LOAN0128,CUST0169,37206.61,34460.52,2746.09,2024-02-17,Paid
TXN_LOAN0128_3,LOAN0128,CUST0169,37206.61,34701.56,2505.05,2024-03-17,Paid
TXN_LOAN0128_4,LOAN0128,CUST0169,37206.61,34944.28,2262.33,2024-04-17,Paid
TXN_LOAN0128_5,LOAN0128,CUST0169,37206.61,35188.7,2017.91,2024-05-17,Missed
TXN_LOAN0128_6,LOAN0128,CUST0169,37206.61,35434.83,1771.78,2024-06-17,Paid
TXN_LOAN0128_7,LOAN0128,CUST0169,37206.61,35682.68,1523.93,2024-07-17,Paid
TXN_LOAN0128_8,LOAN0128,CUST0169,37206.61,35932.26,1274.35,2024-08-17,Paid
TXN_LOAN0128_9,LOAN0128,CUST0169,37206.61,36183.59,1023.02,2024-09-17,Paid
TXN_LOAN0128_10,LOAN0128,CUST0169,37206.61,36436.68,769.93,2024-10-17,Paid
TXN_LOAN0128_11,LOAN0128,CUST0169,37206.61,36691.53,515.08,2024-11-17,Missed
TXN_LOAN0128_12,LOAN0128,CUST0169,37206.61,36948.21,258.4,2024-12-17,Paid
TXN_LOAN0129_1,LOAN0129,CUST0035,25835.21,21499.32,4335.89,2023-11-15,Paid
TXN_LOAN0129_2,LOAN0129,CUST0035,25835.21,21664.52,4170.69,2023-12-15,Missed
TXN_LOAN0129_3,LOAN0129,CUST0035,25835.21,21831.0,4004.21,2024-01-15,Paid
TXN_LOAN0129_4,LOAN0129,CUST0035,25835.21,21998.76,3836.45,2024-02-15,Paid
TXN_LOAN0129_5,LOAN0129,CUST0035,25835.21,22167.8,3667.41,2024-03-15,Paid
TXN_LOAN0129_6,LOAN0129,CUST0035,25835.21,22338.14,3497.07,2024-04-15,Paid
TXN_LOAN0129_7,LOAN0129,CUST0035,25835.21,22509.79,3325.42,2024-05-15,Paid
TXN_LOAN0129_8,LOAN0129,CUST0035,25835.21,22682.76,3152.45,2024-06-15,Paid
TXN_LOAN0129_9,LOAN0129,CUST0035,25835.21,22857.06,2978.15,2024-07-15,Paid
TXN_LOAN0129_10,LOAN0129,CUST0035,25835.21,23032.7,2802.51,2024-08-15,Paid
TXN_LOAN0129_11,LOAN0129,CUST0035,25835.21,23209.69,2625.52,2024-09-15,Paid
TXN_LOAN0129_12,LOAN0129,CUST0035,25835.21,23388.04,2447.17,2024-10-15,Paid
TXN_LOAN0129_13,LOAN0129,CUST0035,25835.21,23567.76,2267.45,2024-11-15,Paid
TXN_LOAN0129_14,LOAN0129,CUST0035,25835.21,23748.86,2086.35,2024-12-15,Paid
TXN_LOAN0129_15,LOAN0129,CUST0035,25835.21,23931.35,1903.86,2025-01-15,Paid
TXN_LOAN0129_16,LOAN0129,CUST0035,25835.21,24115.25,1719.96,2025-02-15,Paid
TXN_LOAN0129_17,LOAN0129,CUST0035,25835.21,24300.56,1534.65,2025-03-15,Paid
TXN_LOAN0129_18,LOAN0129,CUST0035,25835.21,24487.29,1347.92,2025-04-15,Paid
TXN_LOAN0129_19,LOAN0129,CUST0035,25835.21,24675.45,1159.76,2025-05-15,Paid
TXN_LOAN0129_20,LOAN0129,CUST0035,25835.21,24865.07,970.14,2025-06-15,Paid
TXN_LOAN0129_21,LOAN0129,CUST0035,25835.21,25056.14,779.07,2025-07-15,Paid
TXN_LOAN0129_22,LOAN0129,CUST0035,25835.21,25248.67,586.54,2025-08-15,Paid
TXN_LOAN0129_23,LOAN0129,CUST0035,25835.21,25442.69,392.52,2025-09-15,Paid
TXN_LOAN0129_24,LOAN0129,CUST0035,25835.21,25638.33,196.88,2025-10-15,Missed
TXN_LOAN0130_1,LOAN0130,CUST0063,80568.82,71132.24,9436.58,2023-11-15,Paid
TXN_LOAN0130_2,LOAN0130,CUST0063,80568.82,71874.5,8694.32,2023-12-15,Missed
TXN_LOAN0130_3,LOAN0130,CUST0063,80568.82,72624.51,7944.31,2024-01-15,Paid
TXN_LOAN0130_4,LOAN0130,CUST0063,80568.82,73382.35,7186.47,2024-02-15,Paid
TXN_LOAN0130_5,LOAN0130,CUST0063,80568.82,74148.09,6420.73,2024-03-15,Paid
TXN_LOAN0130_6,LOAN0130,CUST0063,80568.82,74921.83,5646.99,2024-04-15,Missed
TXN_LOAN0130_7,LOAN0130,CUST0063,80568.82,75703.64,4865.18,2024-05-15,Paid
TXN_LOAN0130_8,LOAN0130,CUST0063,80568.82,76493.6,4075.22,2024-06-15,Paid
TXN_LOAN0130_9,LOAN0130,CUST0063,80568.82,77291.81,3277.01,2024-07-15,Missed
TXN_LOAN0130_10,LOAN0130,CUST0063,80568.82,78098.35,2470.47,2024-08-15,Paid
TXN_LOAN0130_11,LOAN0130,CUST0063,80568.82,78913.31,1655.51,2024-09-15,Paid
TXN_LOAN0130_12,LOAN0130,CUST0063,80568.82,79736.77,832.05,2024-10-15,Paid
TXN_LOAN0131_1,LOAN0131,CUST0025,66622.05,56086.14,10535.91,2023-09-14,Paid
TXN_LOAN0131_2,LOAN0131,CUST0025,66622.05,56896.53,9725.52,2023-10-14,Paid
TXN_LOAN0131_3,LOAN0131,CUST0025,66622.05,57718.63,8903.42,2023-11-14,Paid
TXN_LOAN0131_4,LOAN0131,CUST0025,66622.05,58552.6,8069.45,2023-12-14,Paid
TXN_LOAN0131_5,LOAN0131,CUST0025,66622.05,59398.62,7223.43,2024-01-14,Paid
TXN_LOAN0131_6,LOAN0131,CUST0025,66622.05,60256.87,6365.18,2024-02-14,Missed
TXN_LOAN0131_7,LOAN0131,CUST0025,66622.05,61127.52,5494.53,2024-03-14,Missed
TXN_LOAN0131_8,LOAN0131,CUST0025,66622.05,62010.75,4611.3,2024-04-14,Paid
TXN_LOAN0131_9,LOAN0131,CUST0025,66622.05,62906.74,3715.31,2024-05-14,Paid
TXN_LOAN0131_10,LOAN0131,CUST0025,66622.05,63815.68,2806.37,2024-06-14,Paid
TXN_LOAN0131_11,LOAN0131,CUST0025,66622.05,64737.75,1884.3,2024-07-14,Paid
TXN_LOAN0131_12,LOAN0131,CUST0025,66622.05,65673.17,948.88,2024-08-14,Paid
TXN_LOAN0132_1,LOAN0132,CUST0090,22444.34,17972.43,4471.91,2023-02-11,Paid
TXN_LOAN0132_2,LOAN0132,CUST0090,22444.34,18139.6,4304.74,2023-03-11,Paid
TXN_LOAN0132_3,LOAN0132,CUST0090,22444.34,18308.32,4136.02,2023-04-11,Paid
TXN_LOAN0132_4,LOAN0132,CUST0090,22444.34,18478.61,3965.73,2023-05-11,Paid
TXN_LOAN0132_5,LOAN0132,CUST0090,22444.34,18650.49,3793.85,2023-06-11,Paid
TXN_LOAN0132_6,LOAN0132,CUST0090,22444.34,18823.96,3620.38,2023-07-11,Paid
TXN_LOAN0132_7,LOAN0132,CUST0090,22444.34,18999.05,3445.29,2023-08-11,Paid
TXN_LOAN0132_8,LOAN0132,CUST0090,22444.34,19175.76,3268.58,2023-09-11,Paid
TXN_LOAN0132_9,LOAN0132,CUST0090,22444.34,19354.12,3090.22,2023-10-11,Paid
TXN_LOAN0132_10,LOAN0132,CUST0090,22444.34,19534.14,2910.2,2023-11-11,Paid
TXN_LOAN0132_11,LOAN0132,CUST0090,22444.34,19715.84,2728.5,2023-12-11,Paid
TXN_LOAN0132_12,LOAN0132,CUST0090,22444.34,19899.22,2545.12,2024-01-11,Paid
TXN_LOAN0132_13,LOAN0132,CUST0090,22444.34,20084.31,2360.03,2024-02-11,Paid
TXN_LOAN0132_14,LOAN0132,CUST0090,22444.34,20271.12,2173.22,2024-03-11,Paid
TXN_LOAN0132_15,LOAN0132,CUST0090,22444.34,20459.67,1984.67,2024-04-11,Paid
TXN_LOAN0132_16,LOAN0132,CUST0090,22444.34,20649.97,1794.37,2024-05-11,Missed
TXN_LOAN0132_17,LOAN0132,CUST0090,22444.34,20842.04,1602.3,2024-06-11,Paid
TXN_LOAN0132_18,LOAN0132,CUST0090,22444.34,21035.9,1408.44,2024-07-11,Paid
TXN_LOAN0132_19,LOAN0132,CUST0090,22444.34,21231.56,1212.78,2024-08-11,Paid
TXN_LOAN0132_20,LOAN0132,CUST0090,22444.34,21429.04,1015.3,2024-09-11,Paid
TXN_LOAN0132_21,LOAN0132,CUST0090,22444.34,21628.36,815.98,2024-10-11,Paid
TXN_LOAN0132_22,LOAN0132,CUST0090,22444.34,21829.53,614.81,2024-11-11,Paid
TXN_LOAN0132_23,LOAN0132,CUST0090,22444.34,22032.57,411.77,2024-12-11,Paid
TXN_LOAN0132_24,LOAN0132,CUST0090,22444.34,22237.39,206.95,2025-01-11,Paid
TXN_LOAN0133_1,LOAN0133,CUST0075,5577.87,3776.35,1801.52,2023-02-10,Paid
TXN_LOAN0133_2,LOAN0133,CUST0075,5577.87,3817.49,1760.38,2023-03-10,Missed
TXN_LOAN0133_3,LOAN0133,CUST0075,5577.87,3859.07,1718.8,2023-04-10,Missed
TXN_LOAN0133_4,LOAN0133,CUST0075,5577.87,3901.11,1676.76,2023-05-10,Paid
TXN_LOAN0133_5,LOAN0133,CUST0075,5577.87,3943.61,1634.26,2023-06-10,Paid
TXN_LOAN0133_6,LOAN0133,CUST0075,5577.87,3986.57,1591.3,2023-07-10,Paid
TXN_LOAN0133_7,LOAN0133,CUST0075,5577.87,4030.0,1547.87,2023-08-10,Paid
TXN_LOAN0133_8,LOAN0133,CUST0075,5577.87,4073.9,1503.97,2023-09-10,Paid
TXN_LOAN0133_9,LOAN0133,CUST0075,5577.87,4118.28,1459.59,2023-10-10,Paid
TXN_LOAN0133_10,LOAN0133,CUST0075,5577.87,4163.14,1414.73,2023-11-10,Missed
TXN_LOAN0133_11,LOAN0133,CUST0075,5577.87,4208.49,1369.38,2023-12-10,Missed
TXN_LOAN0133_12,LOAN0133,CUST0075,5577.87,4254.34,1323.53,2024-01-10,Paid
TXN_LOAN0133_13,LOAN0133,CUST0075,5577.87,4300.68,1277.19,2024-02-10,Paid
TXN_LOAN0133_14,LOAN0133,CUST0075,5577.87,4347.53,1230.34,2024-03-10,Paid
TXN_LOAN0133_15,LOAN0133,CUST0075,5577.87,4394.89,1182.98,2024-04-10,Paid
TXN_LOAN0133_16,LOAN0133,CUST0075,5577.87,4442.77,1135.1,2024-05-10,Paid
TXN_LOAN0133_17,LOAN0133,CUST0075,5577.87,4491.17,1086.7,2024-06-10,Paid
TXN_LOAN0133_18,LOAN0133,CUST0075,5577.87,4540.09,1037.78,2024-07-10,Paid
TXN_LOAN0133_19,LOAN0133,CUST0075,5577.87,4589.55,988.32,2024-08-10,Paid
TXN_LOAN0133_20,LOAN0133,CUST0075,5577.87,4639.55,938.32,2024-09-10,Paid
TXN_LOAN0133_21,LOAN0133,CUST0075,5577.87,4690.09,887.78,2024-10-10,Paid
TXN_LOAN0133_22,LOAN0133,CUST0075,5577.87,4741.18,836.69,2024-11-10,Paid
TXN_LOAN0133_23,LOAN0133,CUST0075,5577.87,4792.83,785.04,2024-12-10,Paid
TXN_LOAN0133_24,LOAN0133,CUST0075,5577.87,4845.04,732.83,2025-01-10,Paid
TXN_LOAN0133_25,LOAN0133,CUST0075,5577.87,4897.82,680.05,2025-02-10,Paid
TXN_LOAN0133_26,LOAN0133,CUST0075,5577.87,4951.18,626.69,2025-03-10,Paid
TXN_LOAN0133_27,LOAN0133,CUST0075,5577.87,5005.11,572.76,2025-04-10,Paid
TXN_LOAN0133_28,LOAN0133,CUST0075,5577.87,5059.64,518.23,2025-05-10,Paid
TXN_LOAN0133_29,LOAN0133,CUST0075,5577.87,5114.75,463.12,2025-06-10,Paid
TXN_LOAN0133_30,LOAN0133,CUST0075,5577.87,5170.47,407.4,2025-07-10,Paid
TXN_LOAN0133_31,LOAN0133,CUST0075,5577.87,5226.8,351.07,2025-08-10,Paid
TXN_LOAN0133_32,LOAN0133,CUST0075,5577.87,5283.74,294.13,2025-09-10,Paid
TXN_LOAN0133_33,LOAN0133,CUST0075,5577.87,5341.3,236.57,2025-10-10,Paid
TXN_LOAN0133_34,LOAN0133,CUST0075,5577.87,5399.48,178.39,2025-11-10,Paid
TXN_LOAN0133_35,LOAN0133,CUST0075,5577.87,5458.3,119.57,2025-12-10,Paid
TXN_LOAN0133_36,LOAN0133,CUST0075,5577.87,5517.69,60.18,2026-01-10,Paid
TXN_LOAN0134_1,LOAN0134,CUST0038,52234.18,48032.29,4201.89,2023-10-28,Paid
TXN_LOAN0134_2,LOAN0134,CUST0038,52234.18,48369.15,3865.03,2023-11-28,Paid
TXN_LOAN0134_3,LOAN0134,CUST0038,52234.18,48708.36,3525.82,2023-12-28,Paid
TXN_LOAN0134_4,LOAN0134,CUST0038,52234.18,49049.96,3184.22,2024-01-28,Paid
TXN_LOAN0134_5,LOAN0134,CUST0038,52234.18,49393.95,2840.23,2024-02-28,Missed
TXN_LOAN0134_6,LOAN0134,CUST0038,52234.18,49740.36,2493.82,2024-03-28,Paid
TXN_LOAN0134_7,LOAN0134,CUST0038,52234.18,50089.19,2144.99,2024-04-28,Missed
TXN_LOAN0134_8,LOAN0134,CUST0038,52234.18,50440.47,1793.71,2024-05-28,Missed
TXN_LOAN0134_9,LOAN0134,CUST0038,52234.18,50794.22,1439.96,2024-06-28,Paid
TXN_LOAN0134_10,LOAN0134,CUST0038,52234.18,51150.44,1083.74,2024-07-28,Paid
TXN_LOAN0134_11,LOAN0134,CUST0038,52234.18,51509.17,725.01,2024-08-28,Paid
TXN_LOAN0134_12,LOAN0134,CUST0038,52234.18,51870.44,363.74,2024-09-28,Missed
TXN_LOAN0135_1,LOAN0135,CUST0130,63701.3,57959.44,5741.86,2023-10-30,Paid
TXN_LOAN0135_2,LOAN0135,CUST0130,63701.3,58417.48,5283.82,2023-11-30,Paid
TXN_LOAN0135_3,LOAN0135,CUST0130,63701.3,58879.15,4822.15,2023-12-30,Paid
TXN_LOAN0135_4,LOAN0135,CUST0130,63701.3,59344.46,4356.84,2024-01-30,Paid
TXN_LOAN0135_5,LOAN0135,CUST0130,63701.3,59813.45,3887.85,2024-02-29,Paid
TXN_LOAN0135_6,LOAN0135,CUST0130,63701.3,60286.15,3415.15,2024-03-30,Paid
TXN_LOAN0135_7,LOAN0135,CUST0130,63701.3,60762.58,2938.72,2024-04-30,Paid
TXN_LOAN0135_8,LOAN0135,CUST0130,63701.3,61242.78,2458.52,2024-05-30,Paid
TXN_LOAN0135_9,LOAN0135,CUST0130,63701.3,61726.77,1974.53,2024-06-30,Paid
TXN_LOAN0135_10,LOAN0135,CUST0130,63701.3,62214.59,1486.71,2024-07-30,Paid
TXN_LOAN0135_11,LOAN0135,CUST0130,63701.3,62706.27,995.03,2024-08-30,Paid
TXN_LOAN0135_12,LOAN0135,CUST0130,63701.3,63201.88,499.42,2024-09-30,Paid
TXN_LOAN0136_1,LOAN0136,CUST0135,59712.16,50008.33,9703.83,2023-08-02,Paid
TXN_LOAN0136_2,LOAN0136,CUST0135,59712.16,50752.88,8959.28,2023-09-02,Paid
TXN_LOAN0136_3,LOAN0136,CUST0135,59712.16,51508.52,8203.64,2023-10-02,Paid
TXN_LOAN0136_4,LOAN0136,CUST0135,59712.16,52275.41,7436.75,2023-11-02,Paid
TXN_LOAN0136_5,LOAN0136,CUST0135,59712.16,53053.72,6658.44,2023-12-02,Paid
TXN_LOAN0136_6,LOAN0136,CUST0135,59712.16,53843.61,5868.55,2024-01-02,Paid
TXN_LOAN0136_7,LOAN0136,CUST0135,59712.16,54645.27,5066.89,2024-02-02,Paid
TXN_LOAN0136_8,LOAN0136,CUST0135,59712.16,55458.86,4253.3,2024-03-02,Paid
TXN_LOAN0136_9,LOAN0136,CUST0135,59712.16,56284.56,3427.6,2024-04-02,Paid
TXN_LOAN0136_10,LOAN0136,CUST0135,59712.16,57122.56,2589.6,2024-05-02,Paid
TXN_LOAN0136_11,LOAN0136,CUST0135,59712.16,57973.04,1739.12,2024-06-02,Paid
TXN_LOAN0136_12,LOAN0136,CUST0135,59712.16,58836.24,875.92,2024-07-02,Paid
TXN_LOAN0137_1,LOAN0137,CUST0162,19215.31,11359.21,7856.1,2023-07-02,Missed
TXN_LOAN0137_2,LOAN0137,CUST0162,19215.31,11526.29,7689.02,2023-08-02,Missed
TXN_LOAN0137_3,LOAN0137,CUST0162,19215.31,11695.84,7519.47,2023-09-02,Paid
TXN_LOAN0137_4,LOAN0137,CUST0162,19215.31,11867.88,7347.43,2023-10-02,Paid
TXN_LOAN0137_5,LOAN0137,CUST0162,19215.31,12042.44,7172.87,2023-11-02,Paid
TXN_LOAN0137_6,LOAN0137,CUST0162,19215.31,12219.58,6995.73,2023-12-02,Paid
TXN_LOAN0137_7,LOAN0137,CUST0162,19215.31,12399.32,6815.99,2024-01-02,Paid
TXN_LOAN0137_8,LOAN0137,CUST0162,19215.31,12581.71,6633.6,2024-02-02,Paid
TXN_LOAN0137_9,LOAN0137,CUST0162,19215.31,12766.78,6448.53,2024-03-02,Paid
TXN_LOAN0137_10,LOAN0137,CUST0162,19215.31,12954.57,6260.74,2024-04-02,Paid
TXN_LOAN0137_11,LOAN0137,CUST0162,19215.31,13145.12,6070.19,2024-05-02,Paid
TXN_LOAN0137_12,LOAN0137,CUST0162,19215.31,13338.48,5876.83,2024-06-02,Paid
TXN_LOAN0137_13,LOAN0137,CUST0162,19215.31,13534.68,5680.63,2024-07-02,Paid
TXN_LOAN0137_14,LOAN0137,CUST0162,19215.31,13733.76,5481.55,2024-08-02,Paid
TXN_LOAN0137_15,LOAN0137,CUST0162,19215.31,13935.78,5279.53,2024-09-02,Paid
TXN_LOAN0137_16,LOAN0137,CUST0162,19215.31,14140.76,5074.55,2024-10-02,Paid
TXN_LOAN0137_17,LOAN0137,CUST0162,19215.31,14348.76,4866.55,2024-11-02,Paid
TXN_LOAN0137_18,LOAN0137,CUST0162,19215.31,14559.82,4655.49,2024-12-02,Paid
TXN_LOAN0137_19,LOAN0137,CUST0162,19215.31,14773.99,4441.32,2025-01-02,Paid
TXN_LOAN0137_20,LOAN0137,CUST0162,19215.31,14991.3,4224.01,2025-02-02,Paid
TXN_LOAN0137_21,LOAN0137,CUST0162,19215.31,15211.82,4003.49,2025-03-02,Paid
TXN_LOAN0137_22,LOAN0137,CUST0162,19215.31,15435.57,3779.74,2025-04-02,Missed
TXN_LOAN0137_23,LOAN0137,CUST0162,19215.31,15662.62,3552.69,2025-05-02,Paid
TXN_LOAN0137_24,LOAN0137,CUST0162,19215.31,15893.0,3322.31,2025-06-02,Paid
TXN_LOAN0137_25,LOAN0137,CUST0162,19215.31,16126.78,3088.53,2025-07-02,Paid
TXN_LOAN0137_26,LOAN0137,CUST0162,19215.31,16363.99,2851.32,2025-08-02,Paid
TXN_LOAN0137_27,LOAN0137,CUST0162,19215.31,16604.7,2610.61,2025-09-02,Paid
TXN_LOAN0137_28,LOAN0137,CUST0162,19215.31,16848.94,2366.37,2025-10-02,Paid
TXN_LOAN0137_29,LOAN0137,CUST0162,19215.31,17096.78,2118.53,2025-11-02,Paid
TXN_LOAN0137_30,LOAN0137,CUST0162,19215.31,17348.26,1867.05,2025-12-02,Paid
TXN_LOAN0137_31,LOAN0137,CUST0162,19215.31,17603.44,1611.87,2026-01-02,Paid
TXN_LOAN0137_32,LOAN0137,CUST0162,19215.31,17862.38,1352.93,2026-02-02,Paid
TXN_LOAN0137_33,LOAN0137,CUST0162,19215.31,18125.12,1090.19,2026-03-02,Paid
TXN_LOAN0137_34,LOAN0137,CUST0162,19215.31,18391.73,823.58,2026-04-02,Paid
TXN_LOAN0137_35,LOAN0137,CUST0162,19215.31,18662.26,553.05,2026-05-02,Paid
TXN_LOAN0137_36,LOAN0137,CUST0162,19215.31,18936.54,278.77,2026-06-02,Paid
TXN_LOAN0138_1,LOAN0138,CUST0091,28966.39,22770.38,6196.01,2023-12-11,Paid
TXN_LOAN0138_2,LOAN0138,CUST0091,28966.39,22923.12,6043.27,2024-01-11,Paid
TXN_LOAN0138_3,LOAN0138,CUST0091,28966.39,23076.88,5889.51,2024-02-11,Paid
TXN_LOAN0138_4,LOAN0138,CUST0091,28966.39,23231.68,5734.71,2024-03-11,Paid
TXN_LOAN0138_5,LOAN0138,CUST0091,28966.39,23387.51,5578.88,2024-04-11,Paid
TXN_LOAN0138_6,LOAN0138,CUST0091,28966.39,23544.39,5422.0,2024-05-11,Paid
TXN_LOAN0138_7,LOAN0138,CUST0091,28966.39,23702.32,5264.07,2024-06-11,Paid
TXN_LOAN0138_8,LOAN0138,CUST0091,28966.39,23861.31,5105.08,2024-07-11,Paid
TXN_LOAN0138_9,LOAN0138,CUST0091,28966.39,24021.37,4945.02,2024-08-11,Paid
TXN_LOAN0138_10,LOAN0138,CUST0091,28966.39,24182.5,4783.89,2024-09-11,Paid
TXN_LOAN0138_11,LOAN0138,CUST0091,28966.39,24344.72,4621.67,2024-10-11,Paid
TXN_LOAN0138_12,LOAN0138,CUST0091,28966.39,24508.02,4458.37,2024-11-11,Paid
TXN_LOAN0138_13,LOAN0138,CUST0091,28966.39,24672.41,4293.98,2024-12-11,Missed
TXN_LOAN0138_14,LOAN0138,CUST0091,28966.39,24837.91,4128.48,2025-01-11,Paid
TXN_LOAN0138_15,LOAN0138,CUST0091,28966.39,25004.52,3961.87,2025-02-11,Paid
TXN_LOAN0138_16,LOAN0138,CUST0091,28966.39,25172.25,3794.14,2025-03-11,Paid
TXN_LOAN0138_17,LOAN0138,CUST0091,28966.39,25341.1,3625.29,2025-04-11,Paid
TXN_LOAN0138_18,LOAN0138,CUST0091,28966.39,25511.08,3455.31,2025-05-11,Paid
TXN_LOAN0138_19,LOAN0138,CUST0091,28966.39,25682.2,3284.19,2025-06-11,Paid
TXN_LOAN0138_20,LOAN0138,CUST0091,28966.39,25854.48,3111.91,2025-07-11,Missed
TXN_LOAN0138_21,LOAN0138,CUST0091,28966.39,26027.9,2938.49,2025-08-11,Paid
TXN_LOAN0138_22,LOAN0138,CUST0091,28966.39,26202.49,2763.9,2025-09-11,Paid
TXN_LOAN0138_23,LOAN0138,CUST0091,28966.39,26378.26,2588.13,2025-10-11,Paid
TXN_LOAN0138_24,LOAN0138,CUST0091,28966.39,26555.2,2411.19,2025-11-11,Paid
TXN_LOAN0138_25,LOAN0138,CUST0091,28966.39,26733.33,2233.06,2025-12-11,Paid
TXN_LOAN0138_26,LOAN0138,CUST0091,28966.39,26912.65,2053.74,2026-01-11,Paid
TXN_LOAN0138_27,LOAN0138,CUST0091,28966.39,27093.17,1873.22,2026-02-11,Paid
TXN_LOAN0138_28,LOAN0138,CUST0091,28966.39,27274.91,1691.48,2026-03-11,Paid
TXN_LOAN0138_29,LOAN0138,CUST0091,28966.39,27457.87,1508.52,2026-04-11,Missed
TXN_LOAN0138_30,LOAN0138,CUST0091,28966.39,27642.05,1324.34,2026-05-11,Paid
TXN_LOAN0138_31,LOAN0138,CUST0091,28966.39,27827.47,1138.92,2026-06-11,Paid
TXN_LOAN0138_32,LOAN0138,CUST0091,28966.39,28014.13,952.26,2026-07-11,Missed
TXN_LOAN0138_33,LOAN0138,CUST0091,28966.39,28202.04,764.35,2026-08-11,Paid
TXN_LOAN0138_34,LOAN0138,CUST0091,28966.39,28391.22,575.17,2026-09-11,Paid
TXN_LOAN0138_35,LOAN0138,CUST0091,28966.39,28581.66,384.73,2026-10-11,Paid
TXN_LOAN0138_36,LOAN0138,CUST0091,28966.39,28773.5,192.89,2026-11-11,Paid
TXN_LOAN0139_1,LOAN0139,CUST0017,21166.8,10556.85,10609.95,2023-12-30,Paid
TXN_LOAN0139_2,LOAN0139,CUST0017,21166.8,10710.96,10455.84,2024-01-30,Paid
TXN_LOAN0139_3,LOAN0139,CUST0017,21166.8,10867.33,10299.47,2024-02-29,Paid
TXN_LOAN0139_4,LOAN0139,CUST0017,21166.8,11025.97,10140.83,2024-03-30,Paid
TXN_LOAN0139_5,LOAN0139,CUST0017,21166.8,11186.93,9979.87,2024-04-30,Paid
TXN_LOAN0139_6,LOAN0139,CUST0017,21166.8,11350.25,9816.55,2024-05-30,Paid
TXN_LOAN0139_7,LOAN0139,CUST0017,21166.8,11515.94,9650.86,2024-06-30,Paid
TXN_LOAN0139_8,LOAN0139,CUST0017,21166.8,11684.06,9482.74,2024-07-30,Paid
TXN_LOAN0139_9,LOAN0139,CUST0017,21166.8,11854.63,9312.17,2024-08-30,Paid
TXN_LOAN0139_10,LOAN0139,CUST0017,21166.8,12027.68,9139.12,2024-09-30,Paid
TXN_LOAN0139_11,LOAN0139,CUST0017,21166.8,12203.27,8963.53,2024-10-30,Paid
TXN_LOAN0139_12,LOAN0139,CUST0017,21166.8,12381.42,8785.38,2024-11-30,Paid
TXN_LOAN0139_13,LOAN0139,CUST0017,21166.8,12562.17,8604.63,2024-12-30,Paid
TXN_LOAN0139_14,LOAN0139,CUST0017,21166.8,12745.56,8421.24,2025-01-30,Paid
TXN_LOAN0139_15,LOAN0139,CUST0017,21166.8,12931.62,8235.18,2025-02-28,Paid
TXN_LOAN0139_16,LOAN0139,CUST0017,21166.8,13120.4,8046.4,2025-03-30,Paid
TXN_LOAN0139_17,LOAN0139,CUST0017,21166.8,13311.94,7854.86,2025-04-30,Paid
TXN_LOAN0139_18,LOAN0139,CUST0017,21166.8,13506.27,7660.53,2025-05-30,Paid
TXN_LOAN0139_19,LOAN0139,CUST0017,21166.8,13703.44,7463.36,2025-06-30,Paid
TXN_LOAN0139_20,LOAN0139,CUST0017,21166.8,13903.49,7263.31,2025-07-30,Paid
TXN_LOAN0139_21,LOAN0139,CUST0017,21166.8,14106.46,7060.34,2025-08-30,Paid
TXN_LOAN0139_22,LOAN0139,CUST0017,21166.8,14312.39,6854.41,2025-09-30,Paid
TXN_LOAN0139_23,LOAN0139,CUST0017,21166.8,14521.33,6645.47,2025-10-30,Paid
TXN_LOAN0139_24,LOAN0139,CUST0017,21166.8,14733.32,6433.48,2025-11-30,Paid
TXN_LOAN0139_25,LOAN0139,CUST0017,21166.8,14948.4,6218.4,2025-12-30,Paid
TXN_LOAN0139_26,LOAN0139,CUST0017,21166.8,15166.63,6000.17,2026-01-30,Paid
TXN_LOAN0139_27,LOAN0139,CUST0017,21166.8,15388.04,5778.76,2026-02-28,Paid
TXN_LOAN0139_28,LOAN0139,CUST0017,21166.8,15612.68,5554.12,2026-03-30,Missed
TXN_LOAN0139_29,LOAN0139,CUST0017,21166.8,15840.6,5326.2,2026-04-30,Paid
TXN_LOAN0139_30,LOAN0139,CUST0017,21166.8,16071.85,5094.95,2026-05-30,Paid
TXN_LOAN0139_31,LOAN0139,CUST0017,21166.8,16306.47,4860.33,2026-06-30,Paid
TXN_LOAN0139_32,LOAN0139,CUST0017,21166.8,16544.52,4622.28,2026-07-30,Missed
TXN_LOAN0139_33,LOAN0139,CUST0017,21166.8,16786.04,4380.76,2026-08-30,Paid
TXN_LOAN0139_34,LOAN0139,CUST0017,21166.8,17031.09,4135.71,2026-09-30,Missed
TXN_LOAN0139_35,LOAN0139,CUST0017,21166.8,17279.72,3887.08,2026-10-30,Paid
TXN_LOAN0139_36,LOAN0139,CUST0017,21166.8,17531.98,3634.82,2026-11-30,Paid
TXN_LOAN0139_37,LOAN0139,CUST0017,21166.8,17787.92,3378.88,2026-12-30,Paid
TXN_LOAN0139_38,LOAN0139,CUST0017,21166.8,18047.59,3119.21,2027-01-30,Paid
TXN_LOAN0139_39,LOAN0139,CUST0017,21166.8,18311.06,2855.74,2027-02-28,Paid
TXN_LOAN0139_40,LOAN0139,CUST0017,21166.8,18578.37,2588.43,2027-03-30,Paid
TXN_LOAN0139_41,LOAN0139,CUST0017,21166.8,18849.59,2317.21,2027-04-30,Missed
TXN_LOAN0139_42,LOAN0139,CUST0017,21166.8,19124.76,2042.04,2027-05-30,Paid
TXN_LOAN0139_43,LOAN0139,CUST0017,21166.8,19403.95,1762.85,2027-06-30,Paid
TXN_LOAN0139_44,LOAN0139,CUST0017,21166.8,19687.22,1479.58,2027-07-30,Paid
TXN_LOAN0139_45,LOAN0139,CUST0017,21166.8,19974.62,1192.18,2027-08-30,Paid
TXN_LOAN0139_46,LOAN0139,CUST0017,21166.8,20266.22,900.58,2027-09-30,Paid
TXN_LOAN0139_47,LOAN0139,CUST0017,21166.8,20562.07,604.73,2027-10-30,Paid
TXN_LOAN0139_48,LOAN0139,CUST0017,21166.8,20861.93,304.87,2027-11-30,Paid
TXN_LOAN0140_1,LOAN0140,CUST0128,45169.33,33930.24,11239.09,2023-06-04,Missed
TXN_LOAN0140_2,LOAN0140,CUST0128,45169.33,34337.15,10832.18,2023-07-04,Paid
TXN_LOAN0140_3,LOAN0140,CUST0128,45169.33,34748.94,10420.39,2023-08-04,Paid
TXN_LOAN0140_4,LOAN0140,CUST0128,45169.33,35165.68,10003.65,2023-09-04,Paid
TXN_LOAN0140_5,LOAN0140,CUST0128,45169.33,35587.41,9581.92,2023-10-04,Paid
TXN_LOAN0140_6,LOAN0140,CUST0128,45169.33,36014.19,9155.14,2023-11-04,Paid
TXN_LOAN0140_7,LOAN0140,CUST0128,45169.33,36446.1,8723.23,2023-12-04,Paid
TXN_LOAN0140_8,LOAN0140,CUST0128,45169.33,36883.19,8286.14,2024-01-04,Paid
TXN_LOAN0140_9,LOAN0140,CUST0128,45169.33,37325.51,7843.82,2024-02-04,Paid
TXN_LOAN0140_10,LOAN0140,CUST0128,45169.33,37773.15,7396.18,2024-03-04,Paid
TXN_LOAN0140_11,LOAN0140,CUST0128,45169.33,38226.15,6943.18,2024-04-04,Paid
TXN_LOAN0140_12,LOAN0140,CUST0128,45169.33,38684.58,6484.75,2024-05-04,Paid
TXN_LOAN0140_13,LOAN0140,CUST0128,45169.33,39148.51,6020.82,2024-06-04,Paid
TXN_LOAN0140_14,LOAN0140,CUST0128,45169.33,39618.01,5551.32,2024-07-04,Missed
TXN_LOAN0140_15,LOAN0140,CUST0128,45169.33,40093.13,5076.2,2024-08-04,Paid
TXN_LOAN0140_16,LOAN0140,CUST0128,45169.33,40573.96,4595.37,2024-09-04,Paid
TXN_LOAN0140_17,LOAN0140,CUST0128,45169.33,41060.55,4108.78,2024-10-04,Paid
TXN_LOAN0140_18,LOAN0140,CUST0128,45169.33,41552.97,3616.36,2024-11-04,Paid
TXN_LOAN0140_19,LOAN0140,CUST0128,45169.33,42051.3,3118.03,2024-12-04,Paid
TXN_LOAN0140_20,LOAN0140,CUST0128,45169.33,42555.61,2613.72,2025-01-04,Paid
TXN_LOAN0140_21,LOAN0140,CUST0128,45169.33,43065.96,2103.37,2025-02-04,Paid
TXN_LOAN0140_22,LOAN0140,CUST0128,45169.33,43582.44,1586.89,2025-03-04,Missed
TXN_LOAN0140_23,LOAN0140,CUST0128,45169.33,44105.11,1064.22,2025-04-04,Paid
TXN_LOAN0140_24,LOAN0140,CUST0128,45169.33,44634.16,535.17,2025-05-04,Paid
TXN_LOAN0141_1,LOAN0141,CUST0171,12040.27,7325.25,4715.02,2023-05-24,Paid
TXN_LOAN0141_2,LOAN0141,CUST0171,12040.27,7427.06,4613.21,2023-06-24,Paid
TXN_LOAN0141_3,LOAN0141,CUST0171,12040.27,7530.29,4509.98,2023-07-24,Paid
TXN_LOAN0141_4,LOAN0141,CUST0171,12040.27,7634.96,4405.31,2023-08-24,Paid
TXN_LOAN0141_5,LOAN0141,CUST0171,12040.27,7741.08,4299.19,2023-09-24,Paid
TXN_LOAN0141_6,LOAN0141,CUST0171,12040.27,7848.68,4191.59,2023-10-24,Paid
TXN_LOAN0141_7,LOAN0141,CUST0171,12040.27,7957.77,4082.5,2023-11-24,Paid
TXN_LOAN0141_8,LOAN0141,CUST0171,12040.27,8068.37,3971.9,2023-12-24,Paid
TXN_LOAN0141_9,LOAN0141,CUST0171,12040.27,8180.52,3859.75,2024-01-24,Paid
TXN_LOAN0141_10,LOAN0141,CUST0171,12040.27,8294.22,3746.05,2024-02-24,Paid
TXN_LOAN0141_11,LOAN0141,CUST0171,12040.27,8409.51,3630.76,2024-03-24,Paid
TXN_LOAN0141_12,LOAN0141,CUST0171,12040.27,8526.39,3513.88,2024-04-24,Paid
TXN_LOAN0141_13,LOAN0141,CUST0171,12040.27,8644.9,3395.37,2024-05-24,Paid
TXN_LOAN0141_14,LOAN0141,CUST0171,12040.27,8765.06,3275.21,2024-06-24,Paid
TXN_LOAN0141_15,LOAN0141,CUST0171,12040.27,8886.89,3153.38,2024-07-24,Paid
TXN_LOAN0141_16,LOAN0141,CUST0171,12040.27,9010.41,3029.86,2024-08-24,Paid
TXN_LOAN0141_17,LOAN0141,CUST0171,12040.27,9135.65,2904.62,2024-09-24,Paid
TXN_LOAN0141_18,LOAN0141,CUST0171,12040.27,9262.63,2777.64,2024-10-24,Paid
TXN_LOAN0141_19,LOAN0141,CUST0171,12040.27,9391.37,2648.9,2024-11-24,Paid
TXN_LOAN0141_20,LOAN0141,CUST0171,12040.27,9521.91,2518.36,2024-12-24,Missed
TXN_LOAN0141_21,LOAN0141,CUST0171,12040.27,9654.26,2386.01,2025-01-24,Paid
TXN_LOAN0141_22,LOAN0141,CUST0171,12040.27,9788.44,2251.83,2025-02-24,Missed
TXN_LOAN0141_23,LOAN0141,CUST0171,12040.27,9924.5,2115.77,2025-03-24,Paid
TXN_LOAN0141_24,LOAN0141,CUST0171,12040.27,10062.44,1977.83,2025-04-24,Paid
TXN_LOAN0141_25,LOAN0141,CUST0171,12040.27,10202.3,1837.97,2025-05-24,Paid
TXN_LOAN0141_26,LOAN0141,CUST0171,12040.27,10344.11,1696.16,2025-06-24,Paid
TXN_LOAN0141_27,LOAN0141,CUST0171,12040.27,10487.88,1552.39,2025-07-24,Paid
TXN_LOAN0141_28,LOAN0141,CUST0171,12040.27,10633.66,1406.61,2025-08-24,Missed
TXN_LOAN0141_29,LOAN0141,CUST0171,12040.27,10781.46,1258.81,2025-09-24,Paid
TXN_LOAN0141_30,LOAN0141,CUST0171,12040.27,10931.31,1108.96,2025-10-24,Paid
TXN_LOAN0141_31,LOAN0141,CUST0171,12040.27,11083.25,957.02,2025-11-24,Paid
TXN_LOAN0141_32,LOAN0141,CUST0171,12040.27,11237.3,802.97,2025-12-24,Paid
TXN_LOAN0141_33,LOAN0141,CUST0171,12040.27,11393.49,646.78,2026-01-24,Missed
TXN_LOAN0141_34,LOAN0141,CUST0171,12040.27,11551.85,488.42,2026-02-24,Paid
TXN_LOAN0141_35,LOAN0141,CUST0171,12040.27,11712.42,327.85,2026-03-24,Paid
TXN_LOAN0141_36,LOAN0141,CUST0171,12040.27,11875.41,164.86,2026-04-24,Paid
TXN_LOAN0142_1,LOAN0142,CUST0187,37504.19,29218.66,8285.53,2023-11-05,Paid
TXN_LOAN0142_2,LOAN0142,CUST0187,37504.19,29524.18,7980.01,2023-12-05,Missed
TXN_LOAN0142_3,LOAN0142,CUST0187,37504.19,29832.89,7671.3,2024-01-05,Paid
TXN_LOAN0142_4,LOAN0142,CUST0187,37504.19,30144.82,7359.37,2024-02-05,Paid
TXN_LOAN0142_5,LOAN0142,CUST0187,37504.19,30460.02,7044.17,2024-03-05,Paid
TXN_LOAN0142_6,LOAN0142,CUST0187,37504.19,30778.52,6725.67,2024-04-05,Paid
TXN_LOAN0142_7,LOAN0142,CUST0187,37504.19,31100.34,6403.85,2024-05-05,Paid
TXN_LOAN0142_8,LOAN0142,CUST0187,37504.19,31425.53,6078.66,2024-06-05,Paid
TXN_LOAN0142_9,LOAN0142,CUST0187,37504.19,31754.12,5750.07,2024-07-05,Paid
TXN_LOAN0142_10,LOAN0142,CUST0187,37504.19,32086.15,5418.04,2024-08-05,Paid
TXN_LOAN0142_11,LOAN0142,CUST0187,37504.19,32421.65,5082.54,2024-09-05,Paid
TXN_LOAN0142_12,LOAN0142,CUST0187,37504.19,32760.66,4743.53,2024-10-05,Paid
TXN_LOAN0142_13,LOAN0142,CUST0187,37504.19,33103.21,4400.98,2024-11-05,Paid
TXN_LOAN0142_14,LOAN0142,CUST0187,37504.19,33449.34,4054.85,2024-12-05,Paid
TXN_LOAN0142_15,LOAN0142,CUST0187,37504.19,33799.09,3705.1,2025-01-05,Paid
TXN_LOAN0142_16,LOAN0142,CUST0187,37504.19,34152.5,3351.69,2025-02-05,Paid
TXN_LOAN0142_17,LOAN0142,CUST0187,37504.19,34509.6,2994.59,2025-03-05,Paid
TXN_LOAN0142_18,LOAN0142,CUST0187,37504.19,34870.44,2633.75,2025-04-05,Paid
TXN_LOAN0142_19,LOAN0142,CUST0187,37504.19,35235.05,2269.14,2025-05-05,Missed
TXN_LOAN0142_20,LOAN0142,CUST0187,37504.19,35603.48,1900.71,2025-06-05,Paid
TXN_LOAN0142_21,LOAN0142,CUST0187,37504.19,35975.75,1528.44,2025-07-05,Missed
TXN_LOAN0142_22,LOAN0142,CUST0187,37504.19,36351.92,1152.27,2025-08-05,Paid
TXN_LOAN0142_23,LOAN0142,CUST0187,37504.19,36732.02,772.17,2025-09-05,Paid
TXN_LOAN0142_24,LOAN0142,CUST0187,37504.19,37116.06,388.13,2025-10-05,Paid
TXN_LOAN0143_1,LOAN0143,CUST0108,24047.77,14248.73,9799.04,2023-09-01,Paid
TXN_LOAN0143_2,LOAN0143,CUST0108,24047.77,14404.94,9642.83,2023-10-01,Paid
TXN_LOAN0143_3,LOAN0143,CUST0108,24047.77,14562.87,9484.9,2023-11-01,Paid
TXN_LOAN0143_4,LOAN0143,CUST0108,24047.77,14722.52,9325.25,2023-12-01,Paid
TXN_LOAN0143_5,LOAN0143,CUST0108,24047.77,14883.93,9163.84,2024-01-01,Paid
TXN_LOAN0143_6,LOAN0143,CUST0108,24047.77,15047.11,9000.66,2024-02-01,Paid
TXN_LOAN0143_7,LOAN0143,CUST0108,24047.77,15212.07,8835.7,2024-03-01,Paid
TXN_LOAN0143_8,LOAN0143,CUST0108,24047.77,15378.85,8668.92,2024-04-01,Paid
TXN_LOAN0143_9,LOAN0143,CUST0108,24047.77,15547.45,8500.32,2024-05-01,Paid
TXN_LOAN0143_10,LOAN0143,CUST0108,24047.77,15717.9,8329.87,2024-06-01,Paid
TXN_LOAN0143_11,LOAN0143,CUST0108,24047.77,15890.22,8157.55,2024-07-01,Paid
TXN_LOAN0143_12,LOAN0143,CUST0108,24047.77,16064.43,7983.34,2024-08-01,Paid
TXN_LOAN0143_13,LOAN0143,CUST0108,24047.77,16240.55,7807.22,2024-09-01,Paid
TXN_LOAN0143_14,LOAN0143,CUST0108,24047.77,16418.6,7629.17,2024-10-01,Paid
TXN_LOAN0143_15,LOAN0143,CUST0108,24047.77,16598.6,7449.17,2024-11-01,Paid
TXN_LOAN0143_16,LOAN0143,CUST0108,24047.77,16780.58,7267.19,2024-12-01,Paid
TXN_LOAN0143_17,LOAN0143,CUST0108,24047.77,16964.55,7083.22,2025-01-01,Paid
TXN_LOAN0143_18,LOAN0143,CUST0108,24047.77,17150.54,6897.23,2025-02-01,Paid
TXN_LOAN0143_19,LOAN0143,CUST0108,24047.77,17338.56,6709.21,2025-03-01,Paid
TXN_LOAN0143_20,LOAN0143,CUST0108,24047.77,17528.65,6519.12,2025-04-01,Paid
TXN_LOAN0143_21,LOAN0143,CUST0108,24047.77,17720.82,6326.95,2025-05-01,Paid
TXN_LOAN0143_22,LOAN0143,CUST0108,24047.77,17915.1,6132.67,2025-06-01,Paid
TXN_LOAN0143_23,LOAN0143,CUST0108,24047.77,18111.51,5936.26,2025-07-01,Paid
TXN_LOAN0143_24,LOAN0143,CUST0108,24047.77,18310.07,5737.7,2025-08-01,Paid
TXN_LOAN0143_25,LOAN0143,CUST0108,24047.77,18510.81,5536.96,2025-09-01,Paid
TXN_LOAN0143_26,LOAN0143,CUST0108,24047.77,18713.75,5334.02,2025-10-01,Paid
TXN_LOAN0143_27,LOAN0143,CUST0108,24047.77,18918.92,5128.85,2025-11-01,Paid
TXN_LOAN0143_28,LOAN0143,CUST0108,24047.77,19126.33,4921.44,2025-12-01,Paid
TXN_LOAN0143_29,LOAN0143,CUST0108,24047.77,19336.02,4711.75,2026-01-01,Paid
TXN_LOAN0143_30,LOAN0143,CUST0108,24047.77,19548.0,4499.77,2026-02-01,Paid
TXN_LOAN0143_31,LOAN0143,CUST0108,24047.77,19762.31,4285.46,2026-03-01,Paid
TXN_LOAN0143_32,LOAN0143,CUST0108,24047.77,19978.97,4068.8,2026-04-01,Paid
TXN_LOAN0143_33,LOAN0143,CUST0108,24047.77,20198.01,3849.76,2026-05-01,Paid
TXN_LOAN0143_34,LOAN0143,CUST0108,24047.77,20419.45,3628.32,2026-06-01,Missed
TXN_LOAN0143_35,LOAN0143,CUST0108,24047.77,20643.31,3404.46,2026-07-01,Paid
TXN_LOAN0143_36,LOAN0143,CUST0108,24047.77,20869.63,3178.14,2026-08-01,Paid
TXN_LOAN0143_37,LOAN0143,CUST0108,24047.77,21098.43,2949.34,2026-09-01,Paid
TXN_LOAN0143_38,LOAN0143,CUST0108,24047.77,21329.74,2718.03,2026-10-01,Paid
TXN_LOAN0143_39,LOAN0143,CUST0108,24047.77,21563.58,2484.19,2026-11-01,Paid
TXN_LOAN0143_40,LOAN0143,CUST0108,24047.77,21799.99,2247.78,2026-12-01,Paid
TXN_LOAN0143_41,LOAN0143,CUST0108,24047.77,22038.99,2008.78,2027-01-01,Paid
TXN_LOAN0143_42,LOAN0143,CUST0108,24047.77,22280.61,1767.16,2027-02-01,Missed
TXN_LOAN0143_43,LOAN0143,CUST0108,24047.77,22524.88,1522.89,2027-03-01,Paid
TXN_LOAN0143_44,LOAN0143,CUST0108,24047.77,22771.83,1275.94,2027-04-01,Paid
TXN_LOAN0143_45,LOAN0143,CUST0108,24047.77,23021.48,1026.29,2027-05-01,Paid
TXN_LOAN0143_46,LOAN0143,CUST0108,24047.77,23273.87,773.9,2027-06-01,Paid
TXN_LOAN0143_47,LOAN0143,CUST0108,24047.77,23529.03,518.74,2027-07-01,Paid
TXN_LOAN0143_48,LOAN0143,CUST0108,24047.77,23786.91,260.86,2027-08-01,Paid
TXN_LOAN0144_1,LOAN0144,CUST0179,33151.15,25653.56,7497.59,2023-07-21,Paid
TXN_LOAN0144_2,LOAN0144,CUST0179,33151.15,25929.09,7222.06,2023-08-21,Paid
TXN_LOAN0144_3,LOAN0144,CUST0179,33151.15,26207.58,6943.57,2023-09-21,Paid
TXN_LOAN0144_4,LOAN0144,CUST0179,33151.15,26489.06,6662.09,2023-10-21,Paid
TXN_LOAN0144_5,LOAN0144,CUST0179,33151.15,26773.56,6377.59,2023-11-21,Missed
TXN_LOAN0144_6,LOAN0144,CUST0179,33151.15,27061.12,6090.03,2023-12-21,Paid
TXN_LOAN0144_7,LOAN0144,CUST0179,33151.15,27351.77,5799.38,2024-01-21,Paid
TXN_LOAN0144_8,LOAN0144,CUST0179,33151.15,27645.54,5505.61,2024-02-21,Paid
TXN_LOAN0144_9,LOAN0144,CUST0179,33151.15,27942.46,5208.69,2024-03-21,Paid
TXN_LOAN0144_10,LOAN0144,CUST0179,33151.15,28242.58,4908.57,2024-04-21,Paid
TXN_LOAN0144_11,LOAN0144,CUST0179,33151.15,28545.91,4605.24,2024-05-21,Paid
TXN_LOAN0144_12,LOAN0144,CUST0179,33151.15,28852.51,4298.64,2024-06-21,Missed
TXN_LOAN0144_13,LOAN0144,CUST0179,33151.15,29162.39,3988.76,2024-07-21,Missed
TXN_LOAN0144_14,LOAN0144,CUST0179,33151.15,29475.61,3675.54,2024-08-21,Paid
TXN_LOAN0144_15,LOAN0144,CUST0179,33151.15,29792.19,3358.96,2024-09-21,Paid
TXN_LOAN0144_16,LOAN0144,CUST0179,33151.15,30112.17,3038.98,2024-10-21,Paid
TXN_LOAN0144_17,LOAN0144,CUST0179,33151.15,30435.58,2715.57,2024-11-21,Missed
TXN_LOAN0144_18,LOAN0144,CUST0179,33151.15,30762.47,2388.68,2024-12-21,Paid
TXN_LOAN0144_19,LOAN0144,CUST0179,33151.15,31092.87,2058.28,2025-01-21,Paid
TXN_LOAN0144_20,LOAN0144,CUST0179,33151.15,31426.82,1724.33,2025-02-21,Paid
TXN_LOAN0144_21,LOAN0144,CUST0179,33151.15,31764.36,1386.79,2025-03-21,Paid
TXN_LOAN0144_22,LOAN0144,CUST0179,33151.15,32105.52,1045.63,2025-04-21,Paid
TXN_LOAN0144_23,LOAN0144,CUST0179,33151.15,32450.35,700.8,2025-05-21,Paid
TXN_LOAN0144_24,LOAN0144,CUST0179,33151.15,32798.93,352.22,2025-06-21,Paid
TXN_LOAN0145_1,LOAN0145,CUST0182,20084.39,12968.86,7115.53,2023-11-15,Missed
TXN_LOAN0145_2,LOAN0145,CUST0182,20084.39,13127.39,6957.0,2023-12-15,Paid
TXN_LOAN0145_3,LOAN0145,CUST0182,20084.39,13287.86,6796.53,2024-01-15,Paid
TXN_LOAN0145_4,LOAN0145,CUST0182,20084.39,13450.29,6634.1,2024-02-15,Paid
TXN_LOAN0145_5,LOAN0145,CUST0182,20084.39,13614.7,6469.69,2024-03-15,Paid
TXN_LOAN0145_6,LOAN0145,CUST0182,20084.39,13781.13,6303.26,2024-04-15,Paid
TXN_LOAN0145_7,LOAN0145,CUST0182,20084.39,13949.59,6134.8,2024-05-15,Paid
TXN_LOAN0145_8,LOAN0145,CUST0182,20084.39,14120.11,5964.28,2024-06-15,Paid
TXN_LOAN0145_9,LOAN0145,CUST0182,20084.39,14292.71,5791.68,2024-07-15,Missed
TXN_LOAN0145_10,LOAN0145,CUST0182,20084.39,14467.42,5616.97,2024-08-15,Paid
TXN_LOAN0145_11,LOAN0145,CUST0182,20084.39,14644.27,5440.12,2024-09-15,Paid
TXN_LOAN0145_12,LOAN0145,CUST0182,20084.39,14823.28,5261.11,2024-10-15,Paid
TXN_LOAN0145_13,LOAN0145,CUST0182,20084.39,15004.48,5079.91,2024-11-15,Paid
TXN_LOAN0145_14,LOAN0145,CUST0182,20084.39,15187.89,4896.5,2024-12-15,Paid
TXN_LOAN0145_15,LOAN0145,CUST0182,20084.39,15373.54,4710.85,2025-01-15,Paid
TXN_LOAN0145_16,LOAN0145,CUST0182,20084.39,15561.47,4522.92,2025-02-15,Paid
TXN_LOAN0145_17,LOAN0145,CUST0182,20084.39,15751.69,4332.7,2025-03-15,Paid
TXN_LOAN0145_18,LOAN0145,CUST0182,20084.39,15944.24,4140.15,2025-04-15,Missed
TXN_LOAN0145_19,LOAN0145,CUST0182,20084.39,16139.14,3945.25,2025-05-15,Paid
TXN_LOAN0145_20,LOAN0145,CUST0182,20084.39,16336.42,3747.97,2025-06-15,Paid
TXN_LOAN0145_21,LOAN0145,CUST0182,20084.39,16536.11,3548.28,2025-07-15,Paid
TXN_LOAN0145_22,LOAN0145,CUST0182,20084.39,16738.25,3346.14,2025-08-15,Paid
TXN_LOAN0145_23,LOAN0145,CUST0182,20084.39,16942.85,3141.54,2025-09-15,Paid
TXN_LOAN0145_24,LOAN0145,CUST0182,20084.39,17149.96,2934.43,2025-10-15,Paid
TXN_LOAN0145_25,LOAN0145,CUST0182,20084.39,17359.6,2724.79,2025-11-15,Paid
TXN_LOAN0145_26,LOAN0145,CUST0182,20084.39,17571.8,2512.59,2025-12-15,Paid
TXN_LOAN0145_27,LOAN0145,CUST0182,20084.39,17786.6,2297.79,2026-01-15,Paid
TXN_LOAN0145_28,LOAN0145,CUST0182,20084.39,18004.02,2080.37,2026-02-15,Paid
TXN_LOAN0145_29,LOAN0145,CUST0182,20084.39,18224.1,1860.29,2026-03-15,Paid
TXN_LOAN0145_30,LOAN0145,CUST0182,20084.39,18446.87,1637.52,2026-04-15,Missed
TXN_LOAN0145_31,LOAN0145,CUST0182,20084.39,18672.36,1412.03,2026-05-15,Paid
TXN_LOAN0145_32,LOAN0145,CUST0182,20084.39,18900.61,1183.78,2026-06-15,Paid
TXN_LOAN0145_33,LOAN0145,CUST0182,20084.39,19131.64,952.75,2026-07-15,Paid
TXN_LOAN0145_34,LOAN0145,CUST0182,20084.39,19365.51,718.88,2026-08-15,Paid
TXN_LOAN0145_35,LOAN0145,CUST0182,20084.39,19602.23,482.16,2026-09-15,Missed
TXN_LOAN0145_36,LOAN0145,CUST0182,20084.39,19842.01,242.38,2026-10-15,Paid
TXN_LOAN0146_1,LOAN0146,CUST0152,3742.65,3103.7,638.95,2023-07-23,Paid
TXN_LOAN0146_2,LOAN0146,CUST0152,3742.65,3128.01,614.64,2023-08-23,Paid
TXN_LOAN0146_3,LOAN0146,CUST0152,3742.65,3152.5,590.15,2023-09-23,Paid
TXN_LOAN0146_4,LOAN0146,CUST0152,3742.65,3177.19,565.46,2023-10-23,Paid
TXN_LOAN0146_5,LOAN0146,CUST0152,3742.65,3202.06,540.59,2023-11-23,Paid
TXN_LOAN0146_6,LOAN0146,CUST0152,3742.65,3227.14,515.51,2023-12-23,Paid
TXN_LOAN0146_7,LOAN0146,CUST0152,3742.65,3252.41,490.24,2024-01-23,Paid
TXN_LOAN0146_8,LOAN0146,CUST0152,3742.65,3277.88,464.77,2024-02-23,Paid
TXN_LOAN0146_9,LOAN0146,CUST0152,3742.65,3303.54,439.11,2024-03-23,Paid
TXN_LOAN0146_10,LOAN0146,CUST0152,3742.65,3329.41,413.24,2024-04-23,Paid
TXN_LOAN0146_11,LOAN0146,CUST0152,3742.65,3355.48,387.17,2024-05-23,Paid
TXN_LOAN0146_12,LOAN0146,CUST0152,3742.65,3381.76,360.89,2024-06-23,Paid
TXN_LOAN0146_13,LOAN0146,CUST0152,3742.65,3408.24,334.41,2024-07-23,Paid
TXN_LOAN0146_14,LOAN0146,CUST0152,3742.65,3434.92,307.73,2024-08-23,Paid
TXN_LOAN0146_15,LOAN0146,CUST0152,3742.65,3461.82,280.83,2024-09-23,Paid
TXN_LOAN0146_16,LOAN0146,CUST0152,3742.65,3488.93,253.72,2024-10-23,Paid
TXN_LOAN0146_17,LOAN0146,CUST0152,3742.65,3516.25,226.4,2024-11-23,Paid
TXN_LOAN0146_18,LOAN0146,CUST0152,3742.65,3543.78,198.87,2024-12-23,Paid
TXN_LOAN0146_19,LOAN0146,CUST0152,3742.65,3571.53,171.12,2025-01-23,Paid
TXN_LOAN0146_20,LOAN0146,CUST0152,3742.65,3599.5,143.15,2025-02-23,Paid
TXN_LOAN0146_21,LOAN0146,CUST0152,3742.65,3627.68,114.97,2025-03-23,Paid
TXN_LOAN0146_22,LOAN0146,CUST0152,3742.65,3656.09,86.56,2025-04-23,Paid
TXN_LOAN0146_23,LOAN0146,CUST0152,3742.65,3684.72,57.93,2025-05-23,Paid
TXN_LOAN0146_24,LOAN0146,CUST0152,3742.65,3713.46,29.19,2025-06-23,Paid
TXN_LOAN0147_1,LOAN0147,CUST0025,17497.92,13652.83,3845.09,2023-05-23,Paid
TXN_LOAN0147_2,LOAN0147,CUST0025,17497.92,13747.26,3750.66,2023-06-23,Paid
TXN_LOAN0147_3,LOAN0147,CUST0025,17497.92,13842.34,3655.58,2023-07-23,Paid
TXN_LOAN0147_4,LOAN0147,CUST0025,17497.92,13938.08,3559.84,2023-08-23,Paid
TXN_LOAN0147_5,LOAN0147,CUST0025,17497.92,14034.49,3463.43,2023-09-23,Paid
TXN_LOAN0147_6,LOAN0147,CUST0025,17497.92,14131.55,3366.37,2023-10-23,Paid
TXN_LOAN0147_7,LOAN0147,CUST0025,17497.92,14229.29,3268.63,2023-11-23,Paid
TXN_LOAN0147_8,LOAN0147,CUST0025,17497.92,14327.71,3170.21,2023-12-23,Paid
TXN_LOAN0147_9,LOAN0147,CUST0025,17497.92,14426.81,3071.11,2024-01-23,Missed
TXN_LOAN0147_10,LOAN0147,CUST0025,17497.92,14526.59,2971.33,2024-02-23,Paid
TXN_LOAN0147_11,LOAN0147,CUST0025,17497.92,14627.06,2870.86,2024-03-23,Paid
TXN_LOAN0147_12,LOAN0147,CUST0025,17497.92,14728.23,2769.69,2024-04-23,Paid
TXN_LOAN0147_13,LOAN0147,CUST0025,17497.92,14830.1,2667.82,2024-05-23,Paid
TXN_LOAN0147_14,LOAN0147,CUST0025,17497.92,14932.67,2565.25,2024-06-23,Paid
TXN_LOAN0147_15,LOAN0147,CUST0025,17497.92,15035.95,2461.97,2024-07-23,Paid
TXN_LOAN0147_16,LOAN0147,CUST0025,17497.92,15139.94,2357.98,2024-08-23,Paid
TXN_LOAN0147_17,LOAN0147,CUST0025,17497.92,15244.66,2253.26,2024-09-23,Missed
TXN_LOAN0147_18,LOAN0147,CUST0025,17497.92,15350.1,2147.82,2024-10-23,Paid
TXN_LOAN0147_19,LOAN0147,CUST0025,17497.92,15456.27,2041.65,2024-11-23,Paid
TXN_LOAN0147_20,LOAN0147,CUST0025,17497.92,15563.17,1934.75,2024-12-23,Paid
TXN_LOAN0147_21,LOAN0147,CUST0025,17497.92,15670.81,1827.11,2025-01-23,Paid
TXN_LOAN0147_22,LOAN0147,CUST0025,17497.92,15779.2,1718.72,2025-02-23,Paid
TXN_LOAN0147_23,LOAN0147,CUST0025,17497.92,15888.33,1609.59,2025-03-23,Paid
TXN_LOAN0147_24,LOAN0147,CUST0025,17497.92,15998.22,1499.7,2025-04-23,Paid
TXN_LOAN0147_25,LOAN0147,CUST0025,17497.92,16108.87,1389.05,2025-05-23,Paid
TXN_LOAN0147_26,LOAN0147,CUST0025,17497.92,16220.29,1277.63,2025-06-23,Paid
TXN_LOAN0147_27,LOAN0147,CUST0025,17497.92,16332.48,1165.44,2025-07-23,Paid
TXN_LOAN0147_28,LOAN0147,CUST0025,17497.92,16445.44,1052.48,2025-08-23,Paid
TXN_LOAN0147_29,LOAN0147,CUST0025,17497.92,16559.18,938.74,2025-09-23,Paid
TXN_LOAN0147_30,LOAN0147,CUST0025,17497.92,16673.71,824.21,2025-10-23,Paid
TXN_LOAN0147_31,LOAN0147,CUST0025,17497.92,16789.04,708.88,2025-11-23,Missed
TXN_LOAN0147_32,LOAN0147,CUST0025,17497.92,16905.16,592.76,2025-12-23,Paid
TXN_LOAN0147_33,LOAN0147,CUST0025,17497.92,17022.08,475.84,2026-01-23,Paid
TXN_LOAN0147_34,LOAN0147,CUST0025,17497.92,17139.81,358.11,2026-02-23,Missed
TXN_LOAN0147_35,LOAN0147,CUST0025,17497.92,17258.36,239.56,2026-03-23,Paid
TXN_LOAN0147_36,LOAN0147,CUST0025,17497.92,17377.92,120.0,2026-04-23,Paid
TXN_LOAN0148_1,LOAN0148,CUST0199,38819.51,31135.66,7683.85,2023-06-02,Paid
TXN_LOAN0148_2,LOAN0148,CUST0199,38819.51,31423.12,7396.39,2023-07-02,Paid
TXN_LOAN0148_3,LOAN0148,CUST0199,38819.51,31713.25,7106.26,2023-08-02,Paid
TXN_LOAN0148_4,LOAN0148,CUST0199,38819.51,32006.05,6813.46,2023-09-02,Missed
TXN_LOAN0148_5,LOAN0148,CUST0199,38819.51,32301.55,6517.96,2023-10-02,Paid
TXN_LOAN0148_6,LOAN0148,CUST0199,38819.51,32599.78,6219.73,2023-11-02,Paid
TXN_LOAN0148_7,LOAN0148,CUST0199,38819.51,32900.77,5918.74,2023-12-02,Paid
TXN_LOAN0148_8,LOAN0148,CUST0199,38819.51,33204.53,5614.98,2024-01-02,Paid
TXN_LOAN0148_9,LOAN0148,CUST0199,38819.51,33511.1,5308.41,2024-02-02,Paid
TXN_LOAN0148_10,LOAN0148,CUST0199,38819.51,33820.5,4999.01,2024-03-02,Paid
TXN_LOAN0148_11,LOAN0148,CUST0199,38819.51,34132.76,4686.75,2024-04-02,Paid
TXN_LOAN0148_12,LOAN0148,CUST0199,38819.51,34447.9,4371.61,2024-05-02,Paid
TXN_LOAN0148_13,LOAN0148,CUST0199,38819.51,34765.94,4053.57,2024-06-02,Paid
TXN_LOAN0148_14,LOAN0148,CUST0199,38819.51,35086.93,3732.58,2024-07-02,Paid
TXN_LOAN0148_15,LOAN0148,CUST0199,38819.51,35410.88,3408.63,2024-08-02,Paid
TXN_LOAN0148_16,LOAN0148,CUST0199,38819.51,35737.82,3081.69,2024-09-02,Paid
TXN_LOAN0148_17,LOAN0148,CUST0199,38819.51,36067.78,2751.73,2024-10-02,Paid
TXN_LOAN0148_18,LOAN0148,CUST0199,38819.51,36400.78,2418.73,2024-11-02,Paid
TXN_LOAN0148_19,LOAN0148,CUST0199,38819.51,36736.86,2082.65,2024-12-02,Missed
TXN_LOAN0148_20,LOAN0148,CUST0199,38819.51,37076.04,1743.47,2025-01-02,Paid
TXN_LOAN0148_21,LOAN0148,CUST0199,38819.51,37418.36,1401.15,2025-02-02,Paid
TXN_LOAN0148_22,LOAN0148,CUST0199,38819.51,37763.83,1055.68,2025-03-02,Paid
TXN_LOAN0148_23,LOAN0148,CUST0199,38819.51,38112.5,707.01,2025-04-02,Paid
TXN_LOAN0148_24,LOAN0148,CUST0199,38819.51,38464.31,355.2,2025-05-02,Paid
TXN_LOAN0149_1,LOAN0149,CUST0180,23150.73,14782.27,8368.46,2023-03-01,Paid
TXN_LOAN0149_2,LOAN0149,CUST0180,23150.73,14967.63,8183.1,2023-04-01,Paid
TXN_LOAN0149_3,LOAN0149,CUST0180,23150.73,15155.31,7995.42,2023-05-01,Paid
TXN_LOAN0149_4,LOAN0149,CUST0180,23150.73,15345.34,7805.39,2023-06-01,Paid
TXN_LOAN0149_5,LOAN0149,CUST0180,23150.73,15537.75,7612.98,2023-07-01,Paid
TXN_LOAN0149_6,LOAN0149,CUST0180,23150.73,15732.58,7418.15,2023-08-01,Paid
TXN_LOAN0149_7,LOAN0149,CUST0180,23150.73,15929.85,7220.88,2023-09-01,Paid
TXN_LOAN0149_8,LOAN0149,CUST0180,23150.73,16129.6,7021.13,2023-10-01,Paid
TXN_LOAN0149_9,LOAN0149,CUST0180,23150.73,16331.85,6818.88,2023-11-01,Paid
TXN_LOAN0149_10,LOAN0149,CUST0180,23150.73,16536.63,6614.1,2023-12-01,Paid
TXN_LOAN0149_11,LOAN0149,CUST0180,23150.73,16743.99,6406.74,2024-01-01,Missed
TXN_LOAN0149_12,LOAN0149,CUST0180,23150.73,16953.94,6196.79,2024-02-01,Paid
TXN_LOAN0149_13,LOAN0149,CUST0180,23150.73,17166.52,5984.21,2024-03-01,Missed
TXN_LOAN0149_14,LOAN0149,CUST0180,23150.73,17381.77,5768.96,2024-04-01,Paid
TXN_LOAN0149_15,LOAN0149,CUST0180,23150.73,17599.72,5551.01,2024-05-01,Paid
TXN_LOAN0149_16,LOAN0149,CUST0180,23150.73,17820.41,5330.32,2024-06-01,Paid
TXN_LOAN0149_17,LOAN0149,CUST0180,23150.73,18043.86,5106.87,2024-07-01,Paid
TXN_LOAN0149_18,LOAN0149,CUST0180,23150.73,18270.11,4880.62,2024-08-01,Paid
TXN_LOAN0149_19,LOAN0149,CUST0180,23150.73,18499.2,4651.53,2024-09-01,Paid
TXN_LOAN0149_20,LOAN0149,CUST0180,23150.73,18731.16,4419.57,2024-10-01,Paid
TXN_LOAN0149_21,LOAN0149,CUST0180,23150.73,18966.03,4184.7,2024-11-01,Missed
TXN_LOAN0149_22,LOAN0149,CUST0180,23150.73,19203.85,3946.88,2024-12-01,Paid
TXN_LOAN0149_23,LOAN0149,CUST0180,23150.73,19444.64,3706.09,2025-01-01,Paid
TXN_LOAN0149_24,LOAN0149,CUST0180,23150.73,19688.46,3462.27,2025-02-01,Paid
TXN_LOAN0149_25,LOAN0149,CUST0180,23150.73,19935.33,3215.4,2025-03-01,Paid
TXN_LOAN0149_26,LOAN0149,CUST0180,23150.73,20185.3,2965.43,2025-04-01,Paid
TXN_LOAN0149_27,LOAN0149,CUST0180,23150.73,20438.41,2712.32,2025-05-01,Paid
TXN_LOAN0149_28,LOAN0149,CUST0180,23150.73,20694.68,2456.05,2025-06-01,Paid
TXN_LOAN0149_29,LOAN0149,CUST0180,23150.73,20954.17,2196.56,2025-07-01,Paid
TXN_LOAN0149_30,LOAN0149,CUST0180,23150.73,21216.92,1933.81,2025-08-01,Paid
TXN_LOAN0149_31,LOAN0149,CUST0180,23150.73,21482.96,1667.77,2025-09-01,Paid
TXN_LOAN0149_32,LOAN0149,CUST0180,23150.73,21752.33,1398.4,2025-10-01,Paid
TXN_LOAN0149_33,LOAN0149,CUST0180,23150.73,22025.09,1125.64,2025-11-01,Paid
TXN_LOAN0149_34,LOAN0149,CUST0180,23150.73,22301.26,849.47,2025-12-01,Missed
TXN_LOAN0149_35,LOAN0149,CUST0180,23150.73,22580.89,569.84,2026-01-01,Paid
TXN_LOAN0149_36,LOAN0149,CUST0180,23150.73,22864.19,286.54,2026-02-01,Missed
TXN_LOAN0150_1,LOAN0150,CUST0198,10948.82,8116.7,2832.12,2023-09-10,Paid
TXN_LOAN0150_2,LOAN0150,CUST0198,10948.82,8184.46,2764.36,2023-10-10,Paid
TXN_LOAN0150_3,LOAN0150,CUST0198,10948.82,8252.79,2696.03,2023-11-10,Paid
TXN_LOAN0150_4,LOAN0150,CUST0198,10948.82,8321.69,2627.13,2023-12-10,Paid
TXN_LOAN0150_5,LOAN0150,CUST0198,10948.82,8391.17,2557.65,2024-01-10,Paid
TXN_LOAN0150_6,LOAN0150,CUST0198,10948.82,8461.22,2487.6,2024-02-10,Paid
TXN_LOAN0150_7,LOAN0150,CUST0198,10948.82,8531.87,2416.95,2024-03-10,Paid
TXN_LOAN0150_8,LOAN0150,CUST0198,10948.82,8603.1,2345.72,2024-04-10,Paid
TXN_LOAN0150_9,LOAN0150,CUST0198,10948.82,8674.92,2273.9,2024-05-10,Paid
TXN_LOAN0150_10,LOAN0150,CUST0198,10948.82,8747.35,2201.47,2024-06-10,Missed
TXN_LOAN0150_11,LOAN0150,CUST0198,10948.82,8820.38,2128.44,2024-07-10,Paid
TXN_LOAN0150_12,LOAN0150,CUST0198,10948.82,8894.02,2054.8,2024-08-10,Paid
TXN_LOAN0150_13,LOAN0150,CUST0198,10948.82,8968.27,1980.55,2024-09-10,Paid
TXN_LOAN0150_14,LOAN0150,CUST0198,10948.82,9043.14,1905.68,2024-10-10,Paid
TXN_LOAN0150_15,LOAN0150,CUST0198,10948.82,9118.64,1830.18,2024-11-10,Paid
TXN_LOAN0150_16,LOAN0150,CUST0198,10948.82,9194.77,1754.05,2024-12-10,Missed
TXN_LOAN0150_17,LOAN0150,CUST0198,10948.82,9271.54,1677.28,2025-01-10,Paid
TXN_LOAN0150_18,LOAN0150,CUST0198,10948.82,9348.94,1599.88,2025-02-10,Paid
TXN_LOAN0150_19,LOAN0150,CUST0198,10948.82,9427.0,1521.82,2025-03-10,Paid
TXN_LOAN0150_20,LOAN0150,CUST0198,10948.82,9505.7,1443.12,2025-04-10,Missed
TXN_LOAN0150_21,LOAN0150,CUST0198,10948.82,9585.06,1363.76,2025-05-10,Paid
TXN_LOAN0150_22,LOAN0150,CUST0198,10948.82,9665.08,1283.74,2025-06-10,Paid
TXN_LOAN0150_23,LOAN0150,CUST0198,10948.82,9745.78,1203.04,2025-07-10,Paid
TXN_LOAN0150_24,LOAN0150,CUST0198,10948.82,9827.14,1121.68,2025-08-10,Paid
TXN_LOAN0150_25,LOAN0150,CUST0198,10948.82,9909.19,1039.63,2025-09-10,Paid
TXN_LOAN0150_26,LOAN0150,CUST0198,10948.82,9991.92,956.9,2025-10-10,Paid
TXN_LOAN0150_27,LOAN0150,CUST0198,10948.82,10075.34,873.48,2025-11-10,Paid
TXN_LOAN0150_28,LOAN0150,CUST0198,10948.82,10159.45,789.37,2025-12-10,Paid
TXN_LOAN0150_29,LOAN0150,CUST0198,10948.82,10244.27,704.55,2026-01-10,Paid
TXN_LOAN0150_30,LOAN0150,CUST0198,10948.82,10329.8,619.02,2026-02-10,Paid
TXN_LOAN0150_31,LOAN0150,CUST0198,10948.82,10416.04,532.78,2026-03-10,Paid
TXN_LOAN0150_32,LOAN0150,CUST0198,10948.82,10503.0,445.82,2026-04-10,Paid
TXN_LOAN0150_33,LOAN0150,CUST0198,10948.82,10590.69,358.13,2026-05-10,Paid
TXN_LOAN0150_34,LOAN0150,CUST0198,10948.82,10679.11,269.71,2026-06-10,Paid
TXN_LOAN0150_35,LOAN0150,CUST0198,10948.82,10768.27,180.55,2026-07-10,Paid
TXN_LOAN0150_36,LOAN0150,CUST0198,10948.82,10858.19,90.63,2026-08-10,Paid
TXN_LOAN0151_1,LOAN0151,CUST0088,41864.39,31235.13,10629.26,2023-05-29,Paid
TXN_LOAN0151_2,LOAN0151,CUST0088,41864.39,31618.66,10245.73,2023-06-29,Paid
TXN_LOAN0151_3,LOAN0151,CUST0088,41864.39,32006.89,9857.5,2023-07-29,Paid
TXN_LOAN0151_4,LOAN0151,CUST0088,41864.39,32399.89,9464.5,2023-08-29,Paid
TXN_LOAN0151_5,LOAN0151,CUST0088,41864.39,32797.72,9066.67,2023-09-29,Paid
TXN_LOAN0151_6,LOAN0151,CUST0088,41864.39,33200.43,8663.96,2023-10-29,Paid
TXN_LOAN0151_7,LOAN0151,CUST0088,41864.39,33608.08,8256.31,2023-11-29,Paid
TXN_LOAN0151_8,LOAN0151,CUST0088,41864.39,34020.74,7843.65,2023-12-29,Paid
TXN_LOAN0151_9,LOAN0151,CUST0088,41864.39,34438.47,7425.92,2024-01-29,Paid
TXN_LOAN0151_10,LOAN0151,CUST0088,41864.39,34861.33,7003.06,2024-02-29,Paid
TXN_LOAN0151_11,LOAN0151,CUST0088,41864.39,35289.37,6575.02,2024-03-29,Paid
TXN_LOAN0151_12,LOAN0151,CUST0088,41864.39,35722.68,6141.71,2024-04-29,Paid
TXN_LOAN0151_13,LOAN0151,CUST0088,41864.39,36161.3,5703.09,2024-05-29,Paid
TXN_LOAN0151_14,LOAN0151,CUST0088,41864.39,36605.31,5259.08,2024-06-29,Missed
TXN_LOAN0151_15,LOAN0151,CUST0088,41864.39,37054.78,4809.61,2024-07-29,Paid
TXN_LOAN0151_16,LOAN0151,CUST0088,41864.39,37509.76,4354.63,2024-08-29,Paid
TXN_LOAN0151_17,LOAN0151,CUST0088,41864.39,37970.32,3894.07,2024-09-29,Paid
TXN_LOAN0151_18,LOAN0151,CUST0088,41864.39,38436.55,3427.84,2024-10-29,Missed
TXN_LOAN0151_19,LOAN0151,CUST0088,41864.39,38908.49,2955.9,2024-11-29,Paid
TXN_LOAN0151_20,LOAN0151,CUST0088,41864.39,39386.24,2478.15,2024-12-29,Paid
TXN_LOAN0151_21,LOAN0151,CUST0088,41864.39,39869.84,1994.55,2025-01-29,Missed
TXN_LOAN0151_22,LOAN0151,CUST0088,41864.39,40359.39,1505.0,2025-02-28,Paid
TXN_LOAN0151_23,LOAN0151,CUST0088,41864.39,40854.95,1009.44,2025-03-29,Paid
TXN_LOAN0151_24,LOAN0151,CUST0088,41864.39,41356.68,507.71,2025-04-29,Paid
TXN_LOAN0152_1,LOAN0152,CUST0161,8101.75,4011.98,4089.77,2023-03-08,Paid
TXN_LOAN0152_2,LOAN0152,CUST0161,8101.75,4071.16,4030.59,2023-04-08,Paid
TXN_LOAN0152_3,LOAN0152,CUST0161,8101.75,4131.21,3970.54,2023-05-08,Paid
TXN_LOAN0152_4,LOAN0152,CUST0161,8101.75,4192.14,3909.61,2023-06-08,Paid
TXN_LOAN0152_5,LOAN0152,CUST0161,8101.75,4253.97,3847.78,2023-07-08,Paid
TXN_LOAN0152_6,LOAN0152,CUST0161,8101.75,4316.71,3785.04,2023-08-08,Paid
TXN_LOAN0152_7,LOAN0152,CUST0161,8101.75,4380.38,3721.37,2023-09-08,Paid
TXN_LOAN0152_8,LOAN0152,CUST0161,8101.75,4444.99,3656.76,2023-10-08,Paid
TXN_LOAN0152_9,LOAN0152,CUST0161,8101.75,4510.55,3591.2,2023-11-08,Paid
TXN_LOAN0152_10,LOAN0152,CUST0161,8101.75,4577.07,3524.68,2023-12-08,Paid
TXN_LOAN0152_11,LOAN0152,CUST0161,8101.75,4644.58,3457.17,2024-01-08,Missed
TXN_LOAN0152_12,LOAN0152,CUST0161,8101.75,4713.09,3388.66,2024-02-08,Paid
TXN_LOAN0152_13,LOAN0152,CUST0161,8101.75,4782.6,3319.15,2024-03-08,Paid
TXN_LOAN0152_14,LOAN0152,CUST0161,8101.75,4853.14,3248.61,2024-04-08,Missed
TXN_LOAN0152_15,LOAN0152,CUST0161,8101.75,4924.72,3177.03,2024-05-08,Paid
TXN_LOAN0152_16,LOAN0152,CUST0161,8101.75,4997.36,3104.39,2024-06-08,Paid
TXN_LOAN0152_17,LOAN0152,CUST0161,8101.75,5071.07,3030.68,2024-07-08,Missed
TXN_LOAN0152_18,LOAN0152,CUST0161,8101.75,5145.86,2955.89,2024-08-08,Paid
TXN_LOAN0152_19,LOAN0152,CUST0161,8101.75,5221.76,2879.99,2024-09-08,Paid
TXN_LOAN0152_20,LOAN0152,CUST0161,8101.75,5298.77,2802.98,2024-10-08,Paid
TXN_LOAN0152_21,LOAN0152,CUST0161,8101.75,5376.93,2724.82,2024-11-08,Paid
TXN_LOAN0152_22,LOAN0152,CUST0161,8101.75,5456.23,2645.52,2024-12-08,Paid
TXN_LOAN0152_23,LOAN0152,CUST0161,8101.75,5536.71,2565.04,2025-01-08,Paid
TXN_LOAN0152_24,LOAN0152,CUST0161,8101.75,5618.37,2483.38,2025-02-08,Paid
TXN_LOAN0152_25,LOAN0152,CUST0161,8101.75,5701.24,2400.51,2025-03-08,Paid
TXN_LOAN0152_26,LOAN0152,CUST0161,8101.75,5785.33,2316.42,2025-04-08,Paid
TXN_LOAN0152_27,LOAN0152,CUST0161,8101.75,5870.66,2231.09,2025-05-08,Paid
TXN_LOAN0152_28,LOAN0152,CUST0161,8101.75,5957.24,2144.51,2025-06-08,Paid
TXN_LOAN0152_29,LOAN0152,CUST0161,8101.75,6045.11,2056.64,2025-07-08,Paid
TXN_LOAN0152_30,LOAN0152,CUST0161,8101.75,6134.27,1967.48,2025-08-08,Paid
TXN_LOAN0152_31,LOAN0152,CUST0161,8101.75,6224.75,1877.0,2025-09-08,Paid
TXN_LOAN0152_32,LOAN0152,CUST0161,8101.75,6316.56,1785.19,2025-10-08,Paid
TXN_LOAN0152_33,LOAN0152,CUST0161,8101.75,6409.72,1692.03,2025-11-08,Paid
TXN_LOAN0152_34,LOAN0152,CUST0161,8101.75,6504.26,1597.49,2025-12-08,Paid
TXN_LOAN0152_35,LOAN0152,CUST0161,8101.75,6600.19,1501.56,2026-01-08,Paid
TXN_LOAN0152_36,LOAN0152,CUST0161,8101.75,6697.54,1404.21,2026-02-08,Paid
TXN_LOAN0152_37,LOAN0152,CUST0161,8101.75,6796.33,1305.42,2026-03-08,Paid
TXN_LOAN0152_38,LOAN0152,CUST0161,8101.75,6896.57,1205.18,2026-04-08,Paid
TXN_LOAN0152_39,LOAN0152,CUST0161,8101.75,6998.29,1103.46,2026-05-08,Paid
TXN_LOAN0152_40,LOAN0152,CUST0161,8101.75,7101.51,1000.24,2026-06-08,Missed
TXN_LOAN0152_41,LOAN0152,CUST0161,8101.75,7206.25,895.5,2026-07-08,Paid
TXN_LOAN0152_42,LOAN0152,CUST0161,8101.75,7312.53,789.22,2026-08-08,Paid
TXN_LOAN0152_43,LOAN0152,CUST0161,8101.75,7420.39,681.36,2026-09-08,Paid
TXN_LOAN0152_44,LOAN0152,CUST0161,8101.75,7529.83,571.92,2026-10-08,Paid
TXN_LOAN0152_45,LOAN0152,CUST0161,8101.75,7640.89,460.86,2026-11-08,Paid
TXN_LOAN0152_46,LOAN0152,CUST0161,8101.75,7753.59,348.16,2026-12-08,Paid
TXN_LOAN0152_47,LOAN0152,CUST0161,8101.75,7867.95,233.8,2027-01-08,Paid
TXN_LOAN0152_48,LOAN0152,CUST0161,8101.75,7983.65,118.1,2027-02-08,Missed
TXN_LOAN0153_1,LOAN0153,CUST0177,42643.72,39010.13,3633.59,2023-10-25,Missed
TXN_LOAN0153_2,LOAN0153,CUST0177,42643.72,39300.72,3343.0,2023-11-25,Paid
TXN_LOAN0153_3,LOAN0153,CUST0177,42643.72,39593.48,3050.24,2023-12-25,Paid
TXN_LOAN0153_4,LOAN0153,CUST0177,42643.72,39888.42,2755.3,2024-01-25,Paid
TXN_LOAN0153_5,LOAN0153,CUST0177,42643.72,40185.55,2458.17,2024-02-25,Paid
TXN_LOAN0153_6,LOAN0153,CUST0177,42643.72,40484.9,2158.82,2024-03-25,Paid
TXN_LOAN0153_7,LOAN0153,CUST0177,42643.72,40786.48,1857.24,2024-04-25,Paid
TXN_LOAN0153_8,LOAN0153,CUST0177,42643.72,41090.3,1553.42,2024-05-25,Paid
TXN_LOAN0153_9,LOAN0153,CUST0177,42643.72,41396.39,1247.33,2024-06-25,Paid
TXN_LOAN0153_10,LOAN0153,CUST0177,42643.72,41704.76,938.96,2024-07-25,Paid
TXN_LOAN0153_11,LOAN0153,CUST0177,42643.72,42015.43,628.29,2024-08-25,Paid
TXN_LOAN0153_12,LOAN0153,CUST0177,42643.72,42328.44,315.28,2024-09-25,Paid
TXN_LOAN0154_1,LOAN0154,CUST0029,1709.85,952.13,757.72,2023-09-21,Paid
TXN_LOAN0154_2,LOAN0154,CUST0029,1709.85,963.82,746.03,2023-10-21,Paid
TXN_LOAN0154_3,LOAN0154,CUST0029,1709.85,975.65,734.2,2023-11-21,Paid
TXN_LOAN0154_4,LOAN0154,CUST0029,1709.85,987.62,722.23,2023-12-21,Paid
TXN_LOAN0154_5,LOAN0154,CUST0029,1709.85,999.74,710.11,2024-01-21,Paid
TXN_LOAN0154_6,LOAN0154,CUST0029,1709.85,1012.01,697.84,2024-02-21,Paid
TXN_LOAN0154_7,LOAN0154,CUST0029,1709.85,1024.43,685.42,2024-03-21,Paid
TXN_LOAN0154_8,LOAN0154,CUST0029,1709.85,1037.0,672.85,2024-04-21,Paid
TXN_LOAN0154_9,LOAN0154,CUST0029,1709.85,1049.72,660.13,2024-05-21,Paid
TXN_LOAN0154_10,LOAN0154,CUST0029,1709.85,1062.61,647.24,2024-06-21,Paid
TXN_LOAN0154_11,LOAN0154,CUST0029,1709.85,1075.65,634.2,2024-07-21,Paid
TXN_LOAN0154_12,LOAN0154,CUST0029,1709.85,1088.85,621.0,2024-08-21,Paid
TXN_LOAN0154_13,LOAN0154,CUST0029,1709.85,1102.21,607.64,2024-09-21,Paid
TXN_LOAN0154_14,LOAN0154,CUST0029,1709.85,1115.73,594.12,2024-10-21,Paid
TXN_LOAN0154_15,LOAN0154,CUST0029,1709.85,1129.43,580.42,2024-11-21,Paid
TXN_LOAN0154_16,LOAN0154,CUST0029,1709.85,1143.29,566.56,2024-12-21,Paid
TXN_LOAN0154_17,LOAN0154,CUST0029,1709.85,1157.32,552.53,2025-01-21,Paid
TXN_LOAN0154_18,LOAN0154,CUST0029,1709.85,1171.52,538.33,2025-02-21,Paid
TXN_LOAN0154_19,LOAN0154,CUST0029,1709.85,1185.89,523.96,2025-03-21,Paid
TXN_LOAN0154_20,LOAN0154,CUST0029,1709.85,1200.45,509.4,2025-04-21,Paid
TXN_LOAN0154_21,LOAN0154,CUST0029,1709.85,1215.18,494.67,2025-05-21,Paid
TXN_LOAN0154_22,LOAN0154,CUST0029,1709.85,1230.09,479.76,2025-06-21,Missed
TXN_LOAN0154_23,LOAN0154,CUST0029,1709.85,1245.19,464.66,2025-07-21,Paid
TXN_LOAN0154_24,LOAN0154,CUST0029,1709.85,1260.47,449.38,2025-08-21,Paid
TXN_LOAN0154_25,LOAN0154,CUST0029,1709.85,1275.94,433.91,2025-09-21,Paid
TXN_LOAN0154_26,LOAN0154,CUST0029,1709.85,1291.59,418.26,2025-10-21,Paid
TXN_LOAN0154_27,LOAN0154,CUST0029,1709.85,1307.44,402.41,2025-11-21,Paid
TXN_LOAN0154_28,LOAN0154,CUST0029,1709.85,1323.49,386.36,2025-12-21,Paid
TXN_LOAN0154_29,LOAN0154,CUST0029,1709.85,1339.73,370.12,2026-01-21,Paid
TXN_LOAN0154_30,LOAN0154,CUST0029,1709.85,1356.17,353.68,2026-02-21,Paid
TXN_LOAN0154_31,LOAN0154,CUST0029,1709.85,1372.81,337.04,2026-03-21,Paid
TXN_LOAN0154_32,LOAN0154,CUST0029,1709.85,1389.66,320.19,2026-04-21,Paid
TXN_LOAN0154_33,LOAN0154,CUST0029,1709.85,1406.71,303.14,2026-05-21,Paid
TXN_LOAN0154_34,LOAN0154,CUST0029,1709.85,1423.98,285.87,2026-06-21,Paid
TXN_LOAN0154_35,LOAN0154,CUST0029,1709.85,1441.45,268.4,2026-07-21,Paid
TXN_LOAN0154_36,LOAN0154,CUST0029,1709.85,1459.14,250.71,2026-08-21,Paid
TXN_LOAN0154_37,LOAN0154,CUST0029,1709.85,1477.05,232.8,2026-09-21,Paid
TXN_LOAN0154_38,LOAN0154,CUST0029,1709.85,1495.17,214.68,2026-10-21,Paid
TXN_LOAN0154_39,LOAN0154,CUST0029,1709.85,1513.52,196.33,2026-11-21,Paid
TXN_LOAN0154_40,LOAN0154,CUST0029,1709.85,1532.09,177.76,2026-12-21,Paid
TXN_LOAN0154_41,LOAN0154,CUST0029,1709.85,1550.89,158.96,2027-01-21,Paid
TXN_LOAN0154_42,LOAN0154,CUST0029,1709.85,1569.93,139.92,2027-02-21,Paid
TXN_LOAN0154_43,LOAN0154,CUST0029,1709.85,1589.19,120.66,2027-03-21,Paid
TXN_LOAN0154_44,LOAN0154,CUST0029,1709.85,1608.69,101.16,2027-04-21,Paid
TXN_LOAN0154_45,LOAN0154,CUST0029,1709.85,1628.44,81.41,2027-05-21,Paid
TXN_LOAN0154_46,LOAN0154,CUST0029,1709.85,1648.42,61.43,2027-06-21,Paid
TXN_LOAN0154_47,LOAN0154,CUST0029,1709.85,1668.65,41.2,2027-07-21,Paid
TXN_LOAN0154_48,LOAN0154,CUST0029,1709.85,1688.85,21.0,2027-08-21,Paid
TXN_LOAN0155_1,LOAN0155,CUST0063,40775.47,31836.42,8939.05,2023-02-18,Paid
TXN_LOAN0155_2,LOAN0155,CUST0063,40775.47,32166.39,8609.08,2023-03-18,Paid
TXN_LOAN0155_3,LOAN0155,CUST0063,40775.47,32499.78,8275.69,2023-04-18,Paid
TXN_LOAN0155_4,LOAN0155,CUST0063,40775.47,32836.63,7938.84,2023-05-18,Paid
TXN_LOAN0155_5,LOAN0155,CUST0063,40775.47,33176.97,7598.5,2023-06-18,Paid
TXN_LOAN0155_6,LOAN0155,CUST0063,40775.47,33520.83,7254.64,2023-07-18,Paid
TXN_LOAN0155_7,LOAN0155,CUST0063,40775.47,33868.26,6907.21,2023-08-18,Paid
TXN_LOAN0155_8,LOAN0155,CUST0063,40775.47,34219.29,6556.18,2023-09-18,Paid
TXN_LOAN0155_9,LOAN0155,CUST0063,40775.47,34573.96,6201.51,2023-10-18,Paid
TXN_LOAN0155_10,LOAN0155,CUST0063,40775.47,34932.31,5843.16,2023-11-18,Paid
TXN_LOAN0155_11,LOAN0155,CUST0063,40775.47,35294.36,5481.11,2023-12-18,Paid
TXN_LOAN0155_12,LOAN0155,CUST0063,40775.47,35660.18,5115.29,2024-01-18,Paid
TXN_LOAN0155_13,LOAN0155,CUST0063,40775.47,36029.78,4745.69,2024-02-18,Paid
TXN_LOAN0155_14,LOAN0155,CUST0063,40775.47,36403.21,4372.26,2024-03-18,Paid
TXN_LOAN0155_15,LOAN0155,CUST0063,40775.47,36780.52,3994.95,2024-04-18,Paid
TXN_LOAN0155_16,LOAN0155,CUST0063,40775.47,37161.73,3613.74,2024-05-18,Paid
TXN_LOAN0155_17,LOAN0155,CUST0063,40775.47,37546.9,3228.57,2024-06-18,Paid
TXN_LOAN0155_18,LOAN0155,CUST0063,40775.47,37936.06,2839.41,2024-07-18,Paid
TXN_LOAN0155_19,LOAN0155,CUST0063,40775.47,38329.25,2446.22,2024-08-18,Paid
TXN_LOAN0155_20,LOAN0155,CUST0063,40775.47,38726.51,2048.96,2024-09-18,Paid
TXN_LOAN0155_21,LOAN0155,CUST0063,40775.47,39127.9,1647.57,2024-10-18,Paid
TXN_LOAN0155_22,LOAN0155,CUST0063,40775.47,39533.44,1242.03,2024-11-18,Paid
TXN_LOAN0155_23,LOAN0155,CUST0063,40775.47,39943.19,832.28,2024-12-18,Paid
TXN_LOAN0155_24,LOAN0155,CUST0063,40775.47,40357.13,418.34,2025-01-18,Paid
TXN_LOAN0156_1,LOAN0156,CUST0150,5568.74,2870.56,2698.18,2023-06-29,Paid
TXN_LOAN0156_2,LOAN0156,CUST0150,5568.74,2910.47,2658.27,2023-07-29,Paid
TXN_LOAN0156_3,LOAN0156,CUST0150,5568.74,2950.92,2617.82,2023-08-29,Paid
TXN_LOAN0156_4,LOAN0156,CUST0150,5568.74,2991.95,2576.79,2023-09-29,Paid
TXN_LOAN0156_5,LOAN0156,CUST0150,5568.74,3033.54,2535.2,2023-10-29,Paid
TXN_LOAN0156_6,LOAN0156,CUST0150,5568.74,3075.71,2493.03,2023-11-29,Paid
TXN_LOAN0156_7,LOAN0156,CUST0150,5568.74,3118.46,2450.28,2023-12-29,Paid
TXN_LOAN0156_8,LOAN0156,CUST0150,5568.74,3161.81,2406.93,2024-01-29,Paid
TXN_LOAN0156_9,LOAN0156,CUST0150,5568.74,3205.77,2362.97,2024-02-29,Paid
TXN_LOAN0156_10,LOAN0156,CUST0150,5568.74,3250.33,2318.41,2024-03-29,Paid
TXN_LOAN0156_11,LOAN0156,CUST0150,5568.74,3295.51,2273.23,2024-04-29,Paid
TXN_LOAN0156_12,LOAN0156,CUST0150,5568.74,3341.33,2227.41,2024-05-29,Paid
TXN_LOAN0156_13,LOAN0156,CUST0150,5568.74,3387.77,2180.97,2024-06-29,Paid
TXN_LOAN0156_14,LOAN0156,CUST0150,5568.74,3434.87,2133.87,2024-07-29,Paid
TXN_LOAN0156_15,LOAN0156,CUST0150,5568.74,3482.62,2086.12,2024-08-29,Paid
TXN_LOAN0156_16,LOAN0156,CUST0150,5568.74,3531.03,2037.71,2024-09-29,Paid
TXN_LOAN0156_17,LOAN0156,CUST0150,5568.74,3580.11,1988.63,2024-10-29,Paid
TXN_LOAN0156_18,LOAN0156,CUST0150,5568.74,3629.88,1938.86,2024-11-29,Paid
TXN_LOAN0156_19,LOAN0156,CUST0150,5568.74,3680.34,1888.4,2024-12-29,Paid
TXN_LOAN0156_20,LOAN0156,CUST0150,5568.74,3731.5,1837.24,2025-01-29,Paid
TXN_LOAN0156_21,LOAN0156,CUST0150,5568.74,3783.38,1785.36,2025-02-28,Paid
TXN_LOAN0156_22,LOAN0156,CUST0150,5568.74,3835.97,1732.77,2025-03-29,Paid
TXN_LOAN0156_23,LOAN0156,CUST0150,5568.74,3889.29,1679.45,2025-04-29,Paid
TXN_LOAN0156_24,LOAN0156,CUST0150,5568.74,3943.36,1625.38,2025-05-29,Paid
TXN_LOAN0156_25,LOAN0156,CUST0150,5568.74,3998.18,1570.56,2025-06-29,Paid
TXN_LOAN0156_26,LOAN0156,CUST0150,5568.74,4053.76,1514.98,2025-07-29,Paid
TXN_LOAN0156_27,LOAN0156,CUST0150,5568.74,4110.11,1458.63,2025-08-29,Paid
TXN_LOAN0156_28,LOAN0156,CUST0150,5568.74,4167.24,1401.5,2025-09-29,Paid
TXN_LOAN0156_29,LOAN0156,CUST0150,5568.74,4225.17,1343.57,2025-10-29,Paid
TXN_LOAN0156_30,LOAN0156,CUST0150,5568.74,4283.91,1284.83,2025-11-29,Paid
TXN_LOAN0156_31,LOAN0156,CUST0150,5568.74,4343.46,1225.28,2025-12-29,Paid
TXN_LOAN0156_32,LOAN0156,CUST0150,5568.74,4403.84,1164.9,2026-01-29,Missed
TXN_LOAN0156_33,LOAN0156,CUST0150,5568.74,4465.06,1103.68,2026-02-28,Paid
TXN_LOAN0156_34,LOAN0156,CUST0150,5568.74,4527.13,1041.61,2026-03-29,Paid
TXN_LOAN0156_35,LOAN0156,CUST0150,5568.74,4590.06,978.68,2026-04-29,Paid
TXN_LOAN0156_36,LOAN0156,CUST0150,5568.74,4653.87,914.87,2026-05-29,Paid
TXN_LOAN0156_37,LOAN0156,CUST0150,5568.74,4718.56,850.18,2026-06-29,Paid
TXN_LOAN0156_38,LOAN0156,CUST0150,5568.74,4784.15,784.59,2026-07-29,Missed
TXN_LOAN0156_39,LOAN0156,CUST0150,5568.74,4850.66,718.08,2026-08-29,Paid
TXN_LOAN0156_40,LOAN0156,CUST0150,5568.74,4918.09,650.65,2026-09-29,Paid
TXN_LOAN0156_41,LOAN0156,CUST0150,5568.74,4986.46,582.28,2026-10-29,Missed
TXN_LOAN0156_42,LOAN0156,CUST0150,5568.74,5055.77,512.97,2026-11-29,Paid
TXN_LOAN0156_43,LOAN0156,CUST0150,5568.74,5126.06,442.68,2026-12-29,Paid
TXN_LOAN0156_44,LOAN0156,CUST0150,5568.74,5197.31,371.43,2027-01-29,Paid
TXN_LOAN0156_45,LOAN0156,CUST0150,5568.74,5269.56,299.18,2027-02-28,Paid
TXN_LOAN0156_46,LOAN0156,CUST0150,5568.74,5342.82,225.92,2027-03-29,Paid
TXN_LOAN0156_47,LOAN0156,CUST0150,5568.74,5417.09,151.65,2027-04-29,Missed
TXN_LOAN0156_48,LOAN0156,CUST0150,5568.74,5492.2,76.54,2027-05-29,Paid
TXN_LOAN0157_1,LOAN0157,CUST0154,9092.66,6790.4,2302.26,2023-06-29,Paid
TXN_LOAN0157_2,LOAN0157,CUST0154,9092.66,6845.69,2246.97,2023-07-29,Paid
TXN_LOAN0157_3,LOAN0157,CUST0154,9092.66,6901.43,2191.23,2023-08-29,Paid
TXN_LOAN0157_4,LOAN0157,CUST0154,9092.66,6957.63,2135.03,2023-09-29,Paid
TXN_LOAN0157_5,LOAN0157,CUST0154,9092.66,7014.29,2078.37,2023-10-29,Paid
TXN_LOAN0157_6,LOAN0157,CUST0154,9092.66,7071.4,2021.26,2023-11-29,Paid
TXN_LOAN0157_7,LOAN0157,CUST0154,9092.66,7128.99,1963.67,2023-12-29,Paid
TXN_LOAN0157_8,LOAN0157,CUST0154,9092.66,7187.04,1905.62,2024-01-29,Paid
TXN_LOAN0157_9,LOAN0157,CUST0154,9092.66,7245.56,1847.1,2024-02-29,Paid
TXN_LOAN0157_10,LOAN0157,CUST0154,9092.66,7304.56,1788.1,2024-03-29,Paid
TXN_LOAN0157_11,LOAN0157,CUST0154,9092.66,7364.04,1728.62,2024-04-29,Paid
TXN_LOAN0157_12,LOAN0157,CUST0154,9092.66,7424.01,1668.65,2024-05-29,Paid
TXN_LOAN0157_13,LOAN0157,CUST0154,9092.66,7484.46,1608.2,2024-06-29,Paid
TXN_LOAN0157_14,LOAN0157,CUST0154,9092.66,7545.4,1547.26,2024-07-29,Paid
TXN_LOAN0157_15,LOAN0157,CUST0154,9092.66,7606.85,1485.81,2024-08-29,Paid
TXN_LOAN0157_16,LOAN0157,CUST0154,9092.66,7668.79,1423.87,2024-09-29,Paid
TXN_LOAN0157_17,LOAN0157,CUST0154,9092.66,7731.23,1361.43,2024-10-29,Paid
TXN_LOAN0157_18,LOAN0157,CUST0154,9092.66,7794.19,1298.47,2024-11-29,Paid
TXN_LOAN0157_19,LOAN0157,CUST0154,9092.66,7857.66,1235.0,2024-12-29,Paid
TXN_LOAN0157_20,LOAN0157,CUST0154,9092.66,7921.64,1171.02,2025-01-29,Paid
TXN_LOAN0157_21,LOAN0157,CUST0154,9092.66,7986.15,1106.51,2025-02-28,Paid
TXN_LOAN0157_22,LOAN0157,CUST0154,9092.66,8051.18,1041.48,2025-03-29,Missed
TXN_LOAN0157_23,LOAN0157,CUST0154,9092.66,8116.74,975.92,2025-04-29,Paid
TXN_LOAN0157_24,LOAN0157,CUST0154,9092.66,8182.83,909.83,2025-05-29,Paid
TXN_LOAN0157_25,LOAN0157,CUST0154,9092.66,8249.46,843.2,2025-06-29,Paid
TXN_LOAN0157_26,LOAN0157,CUST0154,9092.66,8316.64,776.02,2025-07-29,Paid
TXN_LOAN0157_27,LOAN0157,CUST0154,9092.66,8384.36,708.3,2025-08-29,Paid
TXN_LOAN0157_28,LOAN0157,CUST0154,9092.66,8452.63,640.03,2025-09-29,Paid
TXN_LOAN0157_29,LOAN0157,CUST0154,9092.66,8521.46,571.2,2025-10-29,Paid
TXN_LOAN0157_30,LOAN0157,CUST0154,9092.66,8590.85,501.81,2025-11-29,Paid
TXN_LOAN0157_31,LOAN0157,CUST0154,9092.66,8660.81,431.85,2025-12-29,Paid
TXN_LOAN0157_32,LOAN0157,CUST0154,9092.66,8731.33,361.33,2026-01-29,Missed
TXN_LOAN0157_33,LOAN0157,CUST0154,9092.66,8802.43,290.23,2026-02-28,Paid
TXN_LOAN0157_34,LOAN0157,CUST0154,9092.66,8874.11,218.55,2026-03-29,Paid
TXN_LOAN0157_35,LOAN0157,CUST0154,9092.66,8946.37,146.29,2026-04-29,Paid
TXN_LOAN0157_36,LOAN0157,CUST0154,9092.66,9019.39,73.27,2026-05-29,Paid
TXN_LOAN0158_1,LOAN0158,CUST0156,86598.97,74660.11,11938.86,2023-06-06,Paid
TXN_LOAN0158_2,LOAN0158,CUST0156,86598.97,75588.78,11010.19,2023-07-06,Paid
TXN_LOAN0158_3,LOAN0158,CUST0156,86598.97,76528.99,10069.98,2023-08-06,Paid
TXN_LOAN0158_4,LOAN0158,CUST0156,86598.97,77480.9,9118.07,2023-09-06,Paid
TXN_LOAN0158_5,LOAN0158,CUST0156,86598.97,78444.65,8154.32,2023-10-06,Paid
TXN_LOAN0158_6,LOAN0158,CUST0156,86598.97,79420.39,7178.58,2023-11-06,Missed
TXN_LOAN0158_7,LOAN0158,CUST0156,86598.97,80408.26,6190.71,2023-12-06,Paid
TXN_LOAN0158_8,LOAN0158,CUST0156,86598.97,81408.43,5190.54,2024-01-06,Paid
TXN_LOAN0158_9,LOAN0158,CUST0156,86598.97,82421.03,4177.94,2024-02-06,Paid
TXN_LOAN0158_10,LOAN0158,CUST0156,86598.97,83446.23,3152.74,2024-03-06,Paid
TXN_LOAN0158_11,LOAN0158,CUST0156,86598.97,84484.18,2114.79,2024-04-06,Paid
TXN_LOAN0158_12,LOAN0158,CUST0156,86598.97,85535.05,1063.92,2024-05-06,Paid
TXN_LOAN0159_1,LOAN0159,CUST0114,35367.41,25543.52,9823.89,2023-11-29,Paid
TXN_LOAN0159_2,LOAN0159,CUST0114,35367.41,25892.22,9475.19,2023-12-29,Paid
TXN_LOAN0159_3,LOAN0159,CUST0114,35367.41,26245.67,9121.74,2024-01-29,Paid
TXN_LOAN0159_4,LOAN0159,CUST0114,35367.41,26603.95,8763.46,2024-02-29,Paid
TXN_LOAN0159_5,LOAN0159,CUST0114,35367.41,26967.12,8400.29,2024-03-29,Missed
TXN_LOAN0159_6,LOAN0159,CUST0114,35367.41,27335.25,8032.16,2024-04-29,Paid
TXN_LOAN0159_7,LOAN0159,CUST0114,35367.41,27708.4,7659.01,2024-05-29,Paid
TXN_LOAN0159_8,LOAN0159,CUST0114,35367.41,28086.64,7280.77,2024-06-29,Paid
TXN_LOAN0159_9,LOAN0159,CUST0114,35367.41,28470.05,6897.36,2024-07-29,Missed
TXN_LOAN0159_10,LOAN0159,CUST0114,35367.41,28858.7,6508.71,2024-08-29,Paid
TXN_LOAN0159_11,LOAN0159,CUST0114,35367.41,29252.65,6114.76,2024-09-29,Paid
TXN_LOAN0159_12,LOAN0159,CUST0114,35367.41,29651.97,5715.44,2024-10-29,Paid
TXN_LOAN0159_13,LOAN0159,CUST0114,35367.41,30056.75,5310.66,2024-11-29,Paid
TXN_LOAN0159_14,LOAN0159,CUST0114,35367.41,30467.05,4900.36,2024-12-29,Paid
TXN_LOAN0159_15,LOAN0159,CUST0114,35367.41,30882.96,4484.45,2025-01-29,Paid
TXN_LOAN0159_16,LOAN0159,CUST0114,35367.41,31304.54,4062.87,2025-02-28,Missed
TXN_LOAN0159_17,LOAN0159,CUST0114,35367.41,31731.88,3635.53,2025-03-29,Paid
TXN_LOAN0159_18,LOAN0159,CUST0114,35367.41,32165.05,3202.36,2025-04-29,Paid
TXN_LOAN0159_19,LOAN0159,CUST0114,35367.41,32604.13,2763.28,2025-05-29,Paid
TXN_LOAN0159_20,LOAN0159,CUST0114,35367.41,33049.21,2318.2,2025-06-29,Paid
TXN_LOAN0159_21,LOAN0159,CUST0114,35367.41,33500.36,1867.05,2025-07-29,Missed
TXN_LOAN0159_22,LOAN0159,CUST0114,35367.41,33957.68,1409.73,2025-08-29,Paid
TXN_LOAN0159_23,LOAN0159,CUST0114,35367.41,34421.23,946.18,2025-09-29,Paid
TXN_LOAN0159_24,LOAN0159,CUST0114,35367.41,34891.02,476.39,2025-10-29,Paid
TXN_LOAN0160_1,LOAN0160,CUST0049,32946.06,23300.18,9645.88,2024-01-26,Paid
TXN_LOAN0160_2,LOAN0160,CUST0049,32946.06,23638.92,9307.14,2024-02-26,Paid
TXN_LOAN0160_3,LOAN0160,CUST0049,32946.06,23982.6,8963.46,2024-03-26,Paid
TXN_LOAN0160_4,LOAN0160,CUST0049,32946.06,24331.27,8614.79,2024-04-26,Paid
TXN_LOAN0160_5,LOAN0160,CUST0049,32946.06,24685.01,8261.05,2024-05-26,Paid
TXN_LOAN0160_6,LOAN0160,CUST0049,32946.06,25043.89,7902.17,2024-06-26,Paid
TXN_LOAN0160_7,LOAN0160,CUST0049,32946.06,25407.99,7538.07,2024-07-26,Paid
TXN_LOAN0160_8,LOAN0160,CUST0049,32946.06,25777.38,7168.68,2024-08-26,Paid
TXN_LOAN0160_9,LOAN0160,CUST0049,32946.06,26152.14,6793.92,2024-09-26,Paid
TXN_LOAN0160_10,LOAN0160,CUST0049,32946.06,26532.35,6413.71,2024-10-26,Paid
TXN_LOAN0160_11,LOAN0160,CUST0049,32946.06,26918.09,6027.97,2024-11-26,Paid
TXN_LOAN0160_12,LOAN0160,CUST0049,32946.06,27309.44,5636.62,2024-12-26,Paid
TXN_LOAN0160_13,LOAN0160,CUST0049,32946.06,27706.48,5239.58,2025-01-26,Paid
TXN_LOAN0160_14,LOAN0160,CUST0049,32946.06,28109.29,4836.77,2025-02-26,Paid
TXN_LOAN0160_15,LOAN0160,CUST0049,32946.06,28517.95,4428.11,2025-03-26,Paid
TXN_LOAN0160_16,LOAN0160,CUST0049,32946.06,28932.56,4013.5,2025-04-26,Paid
TXN_LOAN0160_17,LOAN0160,CUST0049,32946.06,29353.19,3592.87,2025-05-26,Paid
TXN_LOAN0160_18,LOAN0160,CUST0049,32946.06,29779.94,3166.12,2025-06-26,Paid
TXN_LOAN0160_19,LOAN0160,CUST0049,32946.06,30212.9,2733.16,2025-07-26,Paid
TXN_LOAN0160_20,LOAN0160,CUST0049,32946.06,30652.15,2293.91,2025-08-26,Paid
TXN_LOAN0160_21,LOAN0160,CUST0049,32946.06,31097.78,1848.28,2025-09-26,Missed
TXN_LOAN0160_22,LOAN0160,CUST0049,32946.06,31549.9,1396.16,2025-10-26,Paid
TXN_LOAN0160_23,LOAN0160,CUST0049,32946.06,32008.58,937.48,2025-11-26,Paid
TXN_LOAN0160_24,LOAN0160,CUST0049,32946.06,32474.02,472.04,2025-12-26,Paid
TXN_LOAN0161_1,LOAN0161,CUST0199,47150.64,35111.07,12039.57,2023-09-26,Paid
TXN_LOAN0161_2,LOAN0161,CUST0199,47150.64,35545.05,11605.59,2023-10-26,Paid
TXN_LOAN0161_3,LOAN0161,CUST0199,47150.64,35984.4,11166.24,2023-11-26,Paid
TXN_LOAN0161_4,LOAN0161,CUST0199,47150.64,36429.19,10721.45,2023-12-26,Paid
TXN_LOAN0161_5,LOAN0161,CUST0199,47150.64,36879.47,10271.17,2024-01-26,Paid
TXN_LOAN0161_6,LOAN0161,CUST0199,47150.64,37335.31,9815.33,2024-02-26,Paid
TXN_LOAN0161_7,LOAN0161,CUST0199,47150.64,37796.79,9353.85,2024-03-26,Paid
TXN_LOAN0161_8,LOAN0161,CUST0199,47150.64,38263.97,8886.67,2024-04-26,Paid
TXN_LOAN0161_9,LOAN0161,CUST0199,47150.64,38736.93,8413.71,2024-05-26,Paid
TXN_LOAN0161_10,LOAN0161,CUST0199,47150.64,39215.73,7934.91,2024-06-26,Paid
TXN_LOAN0161_11,LOAN0161,CUST0199,47150.64,39700.46,7450.18,2024-07-26,Paid
TXN_LOAN0161_12,LOAN0161,CUST0199,47150.64,40191.17,6959.47,2024-08-26,Paid
TXN_LOAN0161_13,LOAN0161,CUST0199,47150.64,40687.95,6462.69,2024-09-26,Paid
TXN_LOAN0161_14,LOAN0161,CUST0199,47150.64,41190.87,5959.77,2024-10-26,Paid
TXN_LOAN0161_15,LOAN0161,CUST0199,47150.64,41700.0,5450.64,2024-11-26,Paid
TXN_LOAN0161_16,LOAN0161,CUST0199,47150.64,42215.43,4935.21,2024-12-26,Paid
TXN_LOAN0161_17,LOAN0161,CUST0199,47150.64,42737.23,4413.41,2025-01-26,Paid
TXN_LOAN0161_18,LOAN0161,CUST0199,47150.64,43265.48,3885.16,2025-02-26,Paid
TXN_LOAN0161_19,LOAN0161,CUST0199,47150.64,43800.26,3350.38,2025-03-26,Paid
TXN_LOAN0161_20,LOAN0161,CUST0199,47150.64,44341.65,2808.99,2025-04-26,Paid
TXN_LOAN0161_21,LOAN0161,CUST0199,47150.64,44889.73,2260.91,2025-05-26,Paid
TXN_LOAN0161_22,LOAN0161,CUST0199,47150.64,45444.59,1706.05,2025-06-26,Paid
TXN_LOAN0161_23,LOAN0161,CUST0199,47150.64,46006.3,1144.34,2025-07-26,Paid
TXN_LOAN0161_24,LOAN0161,CUST0199,47150.64,46574.97,575.67,2025-08-26,Paid
TXN_LOAN0162_1,LOAN0162,CUST0081,83427.82,73329.31,10098.51,2023-06-15,Missed
TXN_LOAN0162_2,LOAN0162,CUST0081,83427.82,74121.99,9305.83,2023-07-15,Paid
TXN_LOAN0162_3,LOAN0162,CUST0081,83427.82,74923.23,8504.59,2023-08-15,Paid
TXN_LOAN0162_4,LOAN0162,CUST0081,83427.82,75733.14,7694.68,2023-09-15,Paid
TXN_LOAN0162_5,LOAN0162,CUST0081,83427.82,76551.8,6876.02,2023-10-15,Paid
TXN_LOAN0162_6,LOAN0162,CUST0081,83427.82,77379.3,6048.52,2023-11-15,Paid
TXN_LOAN0162_7,LOAN0162,CUST0081,83427.82,78215.76,5212.06,2023-12-15,Paid
TXN_LOAN0162_8,LOAN0162,CUST0081,83427.82,79061.25,4366.57,2024-01-15,Paid
TXN_LOAN0162_9,LOAN0162,CUST0081,83427.82,79915.89,3511.93,2024-02-15,Paid
TXN_LOAN0162_10,LOAN0162,CUST0081,83427.82,80779.76,2648.06,2024-03-15,Paid
TXN_LOAN0162_11,LOAN0162,CUST0081,83427.82,81652.98,1774.84,2024-04-15,Paid
TXN_LOAN0162_12,LOAN0162,CUST0081,83427.82,82535.59,892.23,2024-05-15,Paid
TXN_LOAN0163_1,LOAN0163,CUST0084,9012.56,5904.76,3107.8,2023-06-30,Paid
TXN_LOAN0163_2,LOAN0163,CUST0084,9012.56,5974.52,3038.04,2023-07-31,Paid
TXN_LOAN0163_3,LOAN0163,CUST0084,9012.56,6045.12,2967.44,2023-08-31,Paid
TXN_LOAN0163_4,LOAN0163,CUST0084,9012.56,6116.54,2896.02,2023-09-30,Paid
TXN_LOAN0163_5,LOAN0163,CUST0084,9012.56,6188.81,2823.75,2023-10-31,Paid
TXN_LOAN0163_6,LOAN0163,CUST0084,9012.56,6261.93,2750.63,2023-11-30,Paid
TXN_LOAN0163_7,LOAN0163,CUST0084,9012.56,6335.92,2676.64,2023-12-31,Paid
TXN_LOAN0163_8,LOAN0163,CUST0084,9012.56,6410.78,2601.78,2024-01-31,Paid
TXN_LOAN0163_9,LOAN0163,CUST0084,9012.56,6486.53,2526.03,2024-02-29,Paid
TXN_LOAN0163_10,LOAN0163,CUST0084,9012.56,6563.17,2449.39,2024-03-31,Paid
TXN_LOAN0163_11,LOAN0163,CUST0084,9012.56,6640.72,2371.84,2024-04-30,Paid
TXN_LOAN0163_12,LOAN0163,CUST0084,9012.56,6719.18,2293.38,2024-05-31,Paid
TXN_LOAN0163_13,LOAN0163,CUST0084,9012.56,6798.57,2213.99,2024-06-30,Missed
TXN_LOAN0163_14,LOAN0163,CUST0084,9012.56,6878.9,2133.66,2024-07-31,Paid
TXN_LOAN0163_15,LOAN0163,CUST0084,9012.56,6960.17,2052.39,2024-08-31,Paid
TXN_LOAN0163_16,LOAN0163,CUST0084,9012.56,7042.41,1970.15,2024-09-30,Missed
TXN_LOAN0163_17,LOAN0163,CUST0084,9012.56,7125.62,1886.94,2024-10-31,Paid
TXN_LOAN0163_18,LOAN0163,CUST0084,9012.56,7209.81,1802.75,2024-11-30,Paid
TXN_LOAN0163_19,LOAN0163,CUST0084,9012.56,7295.0,1717.56,2024-12-31,Paid
TXN_LOAN0163_20,LOAN0163,CUST0084,9012.56,7381.19,1631.37,2025-01-31,Paid
TXN_LOAN0163_21,LOAN0163,CUST0084,9012.56,7468.4,1544.16,2025-02-28,Paid
TXN_LOAN0163_22,LOAN0163,CUST0084,9012.56,7556.64,1455.92,2025-03-31,Paid
TXN_LOAN0163_23,LOAN0163,CUST0084,9012.56,7645.93,1366.63,2025-04-30,Paid
TXN_LOAN0163_24,LOAN0163,CUST0084,9012.56,7736.27,1276.29,2025-05-31,Paid
TXN_LOAN0163_25,LOAN0163,CUST0084,9012.56,7827.68,1184.88,2025-06-30,Paid
TXN_LOAN0163_26,LOAN0163,CUST0084,9012.56,7920.16,1092.4,2025-07-31,Paid
TXN_LOAN0163_27,LOAN0163,CUST0084,9012.56,8013.74,998.82,2025-08-31,Paid
TXN_LOAN0163_28,LOAN0163,CUST0084,9012.56,8108.43,904.13,2025-09-30,Paid
TXN_LOAN0163_29,LOAN0163,CUST0084,9012.56,8204.23,808.33,2025-10-31,Paid
TXN_LOAN0163_30,LOAN0163,CUST0084,9012.56,8301.17,711.39,2025-11-30,Paid
TXN_LOAN0163_31,LOAN0163,CUST0084,9012.56,8399.25,613.31,2025-12-31,Paid
TXN_LOAN0163_32,LOAN0163,CUST0084,9012.56,8498.49,514.07,2026-01-31,Paid
TXN_LOAN0163_33,LOAN0163,CUST0084,9012.56,8598.9,413.66,2026-02-28,Paid
TXN_LOAN0163_34,LOAN0163,CUST0084,9012.56,8700.5,312.06,2026-03-31,Paid
TXN_LOAN0163_35,LOAN0163,CUST0084,9012.56,8803.3,209.26,2026-04-30,Paid
TXN_LOAN0163_36,LOAN0163,CUST0084,9012.56,8907.26,105.3,2026-05-31,Paid
TXN_LOAN0164_1,LOAN0164,CUST0105,38164.5,27396.75,10767.75,2023-09-24,Paid
TXN_LOAN0164_2,LOAN0164,CUST0105,38164.5,27777.77,10386.73,2023-10-24,Paid
TXN_LOAN0164_3,LOAN0164,CUST0105,38164.5,28164.09,10000.41,2023-11-24,Paid
TXN_LOAN0164_4,LOAN0164,CUST0105,38164.5,28555.79,9608.71,2023-12-24,Paid
TXN_LOAN0164_5,LOAN0164,CUST0105,38164.5,28952.93,9211.57,2024-01-24,Paid
TXN_LOAN0164_6,LOAN0164,CUST0105,38164.5,29355.59,8808.91,2024-02-24,Paid
TXN_LOAN0164_7,LOAN0164,CUST0105,38164.5,29763.86,8400.64,2024-03-24,Paid
TXN_LOAN0164_8,LOAN0164,CUST0105,38164.5,30177.8,7986.7,2024-04-24,Paid
TXN_LOAN0164_9,LOAN0164,CUST0105,38164.5,30597.5,7567.0,2024-05-24,Paid
TXN_LOAN0164_10,LOAN0164,CUST0105,38164.5,31023.03,7141.47,2024-06-24,Paid
TXN_LOAN0164_11,LOAN0164,CUST0105,38164.5,31454.49,6710.01,2024-07-24,Paid
TXN_LOAN0164_12,LOAN0164,CUST0105,38164.5,31891.94,6272.56,2024-08-24,Paid
TXN_LOAN0164_13,LOAN0164,CUST0105,38164.5,32335.48,5829.02,2024-09-24,Paid
TXN_LOAN0164_14,LOAN0164,CUST0105,38164.5,32785.19,5379.31,2024-10-24,Paid
TXN_LOAN0164_15,LOAN0164,CUST0105,38164.5,33241.15,4923.35,2024-11-24,Paid
TXN_LOAN0164_16,LOAN0164,CUST0105,38164.5,33703.45,4461.05,2024-12-24,Missed
TXN_LOAN0164_17,LOAN0164,CUST0105,38164.5,34172.18,3992.32,2025-01-24,Paid
TXN_LOAN0164_18,LOAN0164,CUST0105,38164.5,34647.44,3517.06,2025-02-24,Paid
TXN_LOAN0164_19,LOAN0164,CUST0105,38164.5,35129.3,3035.2,2025-03-24,Missed
TXN_LOAN0164_20,LOAN0164,CUST0105,38164.5,35617.86,2546.64,2025-04-24,Paid
TXN_LOAN0164_21,LOAN0164,CUST0105,38164.5,36113.22,2051.28,2025-05-24,Paid
TXN_LOAN0164_22,LOAN0164,CUST0105,38164.5,36615.46,1549.04,2025-06-24,Paid
TXN_LOAN0164_23,LOAN0164,CUST0105,38164.5,37124.69,1039.81,2025-07-24,Paid
TXN_LOAN0164_24,LOAN0164,CUST0105,38164.5,37641.04,523.46,2025-08-24,Paid
TXN_LOAN0165_1,LOAN0165,CUST0177,16746.08,9708.75,7037.33,2023-09-12,Paid
TXN_LOAN0165_2,LOAN0165,CUST0177,16746.08,9819.64,6926.44,2023-10-12,Paid
TXN_LOAN0165_3,LOAN0165,CUST0177,16746.08,9931.8,6814.28,2023-11-12,Paid
TXN_LOAN0165_4,LOAN0165,CUST0177,16746.08,10045.24,6700.84,2023-12-12,Paid
TXN_LOAN0165_5,LOAN0165,CUST0177,16746.08,10159.97,6586.11,2024-01-12,Missed
TXN_LOAN0165_6,LOAN0165,CUST0177,16746.08,10276.02,6470.06,2024-02-12,Missed
TXN_LOAN0165_7,LOAN0165,CUST0177,16746.08,10393.39,6352.69,2024-03-12,Paid
TXN_LOAN0165_8,LOAN0165,CUST0177,16746.08,10512.1,6233.98,2024-04-12,Paid
TXN_LOAN0165_9,LOAN0165,CUST0177,16746.08,10632.17,6113.91,2024-05-12,Paid
TXN_LOAN0165_10,LOAN0165,CUST0177,16746.08,10753.6,5992.48,2024-06-12,Missed
TXN_LOAN0165_11,LOAN0165,CUST0177,16746.08,10876.43,5869.65,2024-07-12,Paid
TXN_LOAN0165_12,LOAN0165,CUST0177,16746.08,11000.66,5745.42,2024-08-12,Paid
TXN_LOAN0165_13,LOAN0165,CUST0177,16746.08,11126.3,5619.78,2024-09-12,Paid
TXN_LOAN0165_14,LOAN0165,CUST0177,16746.08,11253.39,5492.69,2024-10-12,Paid
TXN_LOAN0165_15,LOAN0165,CUST0177,16746.08,11381.92,5364.16,2024-11-12,Paid
TXN_LOAN0165_16,LOAN0165,CUST0177,16746.08,11511.92,5234.16,2024-12-12,Paid
TXN_LOAN0165_17,LOAN0165,CUST0177,16746.08,11643.41,5102.67,2025-01-12,Paid
TXN_LOAN0165_18,LOAN0165,CUST0177,16746.08,11776.39,4969.69,2025-02-12,Paid
TXN_LOAN0165_19,LOAN0165,CUST0177,16746.08,11910.9,4835.18,2025-03-12,Paid
TXN_LOAN0165_20,LOAN0165,CUST0177,16746.08,12046.94,4699.14,2025-04-12,Paid
TXN_LOAN0165_21,LOAN0165,CUST0177,16746.08,12184.54,4561.54,2025-05-12,Paid
TXN_LOAN0165_22,LOAN0165,CUST0177,16746.08,12323.71,4422.37,2025-06-12,Paid
TXN_LOAN0165_23,LOAN0165,CUST0177,16746.08,12464.47,4281.61,2025-07-12,Paid
TXN_LOAN0165_24,LOAN0165,CUST0177,16746.08,12606.83,4139.25,2025-08-12,Paid
TXN_LOAN0165_25,LOAN0165,CUST0177,16746.08,12750.83,3995.25,2025-09-12,Paid
TXN_LOAN0165_26,LOAN0165,CUST0177,16746.08,12896.46,3849.62,2025-10-12,Paid
TXN_LOAN0165_27,LOAN0165,CUST0177,16746.08,13043.76,3702.32,2025-11-12,Paid
TXN_LOAN0165_28,LOAN0165,CUST0177,16746.08,13192.75,3553.33,2025-12-12,Paid
TXN_LOAN0165_29,LOAN0165,CUST0177,16746.08,13343.43,3402.65,2026-01-12,Paid
TXN_LOAN0165_30,LOAN0165,CUST0177,16746.08,13495.84,3250.24,2026-02-12,Paid
TXN_LOAN0165_31,LOAN0165,CUST0177,16746.08,13649.98,3096.1,2026-03-12,Paid
TXN_LOAN0165_32,LOAN0165,CUST0177,16746.08,13805.89,2940.19,2026-04-12,Paid
TXN_LOAN0165_33,LOAN0165,CUST0177,16746.08,13963.58,2782.5,2026-05-12,Paid
TXN_LOAN0165_34,LOAN0165,CUST0177,16746.08,14123.06,2623.02,2026-06-12,Paid
TXN_LOAN0165_35,LOAN0165,CUST0177,16746.08,14284.37,2461.71,2026-07-12,Paid
TXN_LOAN0165_36,LOAN0165,CUST0177,16746.08,14447.53,2298.55,2026-08-12,Paid
TXN_LOAN0165_37,LOAN0165,CUST0177,16746.08,14612.54,2133.54,2026-09-12,Paid
TXN_LOAN0165_38,LOAN0165,CUST0177,16746.08,14779.44,1966.64,2026-10-12,Paid
TXN_LOAN0165_39,LOAN0165,CUST0177,16746.08,14948.25,1797.83,2026-11-12,Paid
TXN_LOAN0165_40,LOAN0165,CUST0177,16746.08,15118.99,1627.09,2026-12-12,Paid
TXN_LOAN0165_41,LOAN0165,CUST0177,16746.08,15291.67,1454.41,2027-01-12,Paid
TXN_LOAN0165_42,LOAN0165,CUST0177,16746.08,15466.33,1279.75,2027-02-12,Paid
TXN_LOAN0165_43,LOAN0165,CUST0177,16746.08,15642.98,1103.1,2027-03-12,Paid
TXN_LOAN0165_44,LOAN0165,CUST0177,16746.08,15821.65,924.43,2027-04-12,Paid
TXN_LOAN0165_45,LOAN0165,CUST0177,16746.08,16002.36,743.72,2027-05-12,Paid
TXN_LOAN0165_46,LOAN0165,CUST0177,16746.08,16185.14,560.94,2027-06-12,Paid
TXN_LOAN0165_47,LOAN0165,CUST0177,16746.08,16370.0,376.08,2027-07-12,Paid
TXN_LOAN0165_48,LOAN0165,CUST0177,16746.08,16556.68,189.4,2027-08-12,Paid
TXN_LOAN0166_1,LOAN0166,CUST0148,17605.46,14920.02,2685.44,2023-08-22,Paid
TXN_LOAN0166_2,LOAN0166,CUST0148,17605.46,15023.26,2582.2,2023-09-22,Paid
TXN_LOAN0166_3,LOAN0166,CUST0148,17605.46,15127.22,2478.24,2023-10-22,Paid
TXN_LOAN0166_4,LOAN0166,CUST0148,17605.46,15231.9,2373.56,2023-11-22,Paid
TXN_LOAN0166_5,LOAN0166,CUST0148,17605.46,15337.3,2268.16,2023-12-22,Paid
TXN_LOAN0166_6,LOAN0166,CUST0148,17605.46,15443.43,2162.03,2024-01-22,Paid
TXN_LOAN0166_7,LOAN0166,CUST0148,17605.46,15550.3,2055.16,2024-02-22,Paid
TXN_LOAN0166_8,LOAN0166,CUST0148,17605.46,15657.91,1947.55,2024-03-22,Paid
TXN_LOAN0166_9,LOAN0166,CUST0148,17605.46,15766.26,1839.2,2024-04-22,Paid
TXN_LOAN0166_10,LOAN0166,CUST0148,17605.46,15875.36,1730.1,2024-05-22,Paid
TXN_LOAN0166_11,LOAN0166,CUST0148,17605.46,15985.22,1620.24,2024-06-22,Paid
TXN_LOAN0166_12,LOAN0166,CUST0148,17605.46,16095.83,1509.63,2024-07-22,Missed
TXN_LOAN0166_13,LOAN0166,CUST0148,17605.46,16207.21,1398.25,2024-08-22,Paid
TXN_LOAN0166_14,LOAN0166,CUST0148,17605.46,16319.36,1286.1,2024-09-22,Paid
TXN_LOAN0166_15,LOAN0166,CUST0148,17605.46,16432.29,1173.17,2024-10-22,Paid
TXN_LOAN0166_16,LOAN0166,CUST0148,17605.46,16546.0,1059.46,2024-11-22,Paid
TXN_LOAN0166_17,LOAN0166,CUST0148,17605.46,16660.5,944.96,2024-12-22,Paid
TXN_LOAN0166_18,LOAN0166,CUST0148,17605.46,16775.79,829.67,2025-01-22,Paid
TXN_LOAN0166_19,LOAN0166,CUST0148,17605.46,16891.87,713.59,2025-02-22,Paid
TXN_LOAN0166_20,LOAN0166,CUST0148,17605.46,17008.76,596.7,2025-03-22,Paid
TXN_LOAN0166_21,LOAN0166,CUST0148,17605.46,17126.46,479.0,2025-04-22,Paid
TXN_LOAN0166_22,LOAN0166,CUST0148,17605.46,17244.98,360.48,2025-05-22,Paid
TXN_LOAN0166_23,LOAN0166,CUST0148,17605.46,17364.31,241.15,2025-06-22,Paid
TXN_LOAN0166_24,LOAN0166,CUST0148,17605.46,17484.46,121.0,2025-07-22,Paid
TXN_LOAN0167_1,LOAN0167,CUST0118,9846.51,6982.45,2864.06,2023-10-13,Paid
TXN_LOAN0167_2,LOAN0167,CUST0118,9846.51,7083.17,2763.34,2023-11-13,Paid
TXN_LOAN0167_3,LOAN0167,CUST0118,9846.51,7185.34,2661.17,2023-12-13,Paid
TXN_LOAN0167_4,LOAN0167,CUST0118,9846.51,7288.99,2557.52,2024-01-13,Paid
TXN_LOAN0167_5,LOAN0167,CUST0118,9846.51,7394.13,2452.38,2024-02-13,Paid
TXN_LOAN0167_6,LOAN0167,CUST0118,9846.51,7500.79,2345.72,2024-03-13,Paid
TXN_LOAN0167_7,LOAN0167,CUST0118,9846.51,7608.98,2237.53,2024-04-13,Missed
TXN_LOAN0167_8,LOAN0167,CUST0118,9846.51,7718.74,2127.77,2024-05-13,Missed
TXN_LOAN0167_9,LOAN0167,CUST0118,9846.51,7830.08,2016.43,2024-06-13,Paid
TXN_LOAN0167_10,LOAN0167,CUST0118,9846.51,7943.02,1903.49,2024-07-13,Paid
TXN_LOAN0167_11,LOAN0167,CUST0118,9846.51,8057.6,1788.91,2024-08-13,Paid
TXN_LOAN0167_12,LOAN0167,CUST0118,9846.51,8173.83,1672.68,2024-09-13,Paid
TXN_LOAN0167_13,LOAN0167,CUST0118,9846.51,8291.73,1554.78,2024-10-13,Paid
TXN_LOAN0167_14,LOAN0167,CUST0118,9846.51,8411.33,1435.18,2024-11-13,Paid
TXN_LOAN0167_15,LOAN0167,CUST0118,9846.51,8532.66,1313.85,2024-12-13,Missed
TXN_LOAN0167_16,LOAN0167,CUST0118,9846.51,8655.74,1190.77,2025-01-13,Paid
TXN_LOAN0167_17,LOAN0167,CUST0118,9846.51,8780.6,1065.91,2025-02-13,Paid
TXN_LOAN0167_18,LOAN0167,CUST0118,9846.51,8907.26,939.25,2025-03-13,Paid
TXN_LOAN0167_19,LOAN0167,CUST0118,9846.51,9035.74,810.77,2025-04-13,Paid
TXN_LOAN0167_20,LOAN0167,CUST0118,9846.51,9166.08,680.43,2025-05-13,Paid
TXN_LOAN0167_21,LOAN0167,CUST0118,9846.51,9298.29,548.22,2025-06-13,Paid
TXN_LOAN0167_22,LOAN0167,CUST0118,9846.51,9432.42,414.09,2025-07-13,Paid
TXN_LOAN0167_23,LOAN0167,CUST0118,9846.51,9568.48,278.03,2025-08-13,Paid
TXN_LOAN0167_24,LOAN0167,CUST0118,9846.51,9706.55,139.96,2025-09-13,Paid
TXN_LOAN0168_1,LOAN0168,CUST0086,16253.24,12088.09,4165.15,2023-04-27,Paid
TXN_LOAN0168_2,LOAN0168,CUST0086,16253.24,12238.13,4015.11,2023-05-27,Paid
TXN_LOAN0168_3,LOAN0168,CUST0086,16253.24,12390.04,3863.2,2023-06-27,Paid
TXN_LOAN0168_4,LOAN0168,CUST0086,16253.24,12543.84,3709.4,2023-07-27,Paid
TXN_LOAN0168_5,LOAN0168,CUST0086,16253.24,12699.54,3553.7,2023-08-27,Paid
TXN_LOAN0168_6,LOAN0168,CUST0086,16253.24,12857.18,3396.06,2023-09-27,Paid
TXN_LOAN0168_7,LOAN0168,CUST0086,16253.24,13016.77,3236.47,2023-10-27,Paid
TXN_LOAN0168_8,LOAN0168,CUST0086,16253.24,13178.34,3074.9,2023-11-27,Paid
TXN_LOAN0168_9,LOAN0168,CUST0086,16253.24,13341.92,2911.32,2023-12-27,Paid
TXN_LOAN0168_10,LOAN0168,CUST0086,16253.24,13507.53,2745.71,2024-01-27,Paid
TXN_LOAN0168_11,LOAN0168,CUST0086,16253.24,13675.2,2578.04,2024-02-27,Paid
TXN_LOAN0168_12,LOAN0168,CUST0086,16253.24,13844.94,2408.3,2024-03-27,Paid
TXN_LOAN0168_13,LOAN0168,CUST0086,16253.24,14016.8,2236.44,2024-04-27,Paid
TXN_LOAN0168_14,LOAN0168,CUST0086,16253.24,14190.78,2062.46,2024-05-27,Paid
TXN_LOAN0168_15,LOAN0168,CUST0086,16253.24,14366.93,1886.31,2024-06-27,Paid
TXN_LOAN0168_16,LOAN0168,CUST0086,16253.24,14545.26,1707.98,2024-07-27,Missed
TXN_LOAN0168_17,LOAN0168,CUST0086,16253.24,14725.81,1527.43,2024-08-27,Paid
TXN_LOAN0168_18,LOAN0168,CUST0086,16253.24,14908.6,1344.64,2024-09-27,Paid
TXN_LOAN0168_19,LOAN0168,CUST0086,16253.24,15093.65,1159.59,2024-10-27,Paid
TXN_LOAN0168_20,LOAN0168,CUST0086,16253.24,15281.01,972.23,2024-11-27,Missed
TXN_LOAN0168_21,LOAN0168,CUST0086,16253.24,15470.68,782.56,2024-12-27,Paid
TXN_LOAN0168_22,LOAN0168,CUST0086,16253.24,15662.72,590.52,2025-01-27,Paid
TXN_LOAN0168_23,LOAN0168,CUST0086,16253.24,15857.13,396.11,2025-02-27,Paid
TXN_LOAN0168_24,LOAN0168,CUST0086,16253.24,16054.11,199.13,2025-03-27,Missed
TXN_LOAN0169_1,LOAN0169,CUST0063,23906.56,17825.9,6080.66,2023-06-30,Paid
TXN_LOAN0169_2,LOAN0169,CUST0063,23906.56,18045.23,5861.33,2023-07-30,Paid
TXN_LOAN0169_3,LOAN0169,CUST0063,23906.56,18267.26,5639.3,2023-08-30,Paid
TXN_LOAN0169_4,LOAN0169,CUST0063,23906.56,18492.03,5414.53,2023-09-30,Paid
TXN_LOAN0169_5,LOAN0169,CUST0063,23906.56,18719.56,5187.0,2023-10-30,Paid
TXN_LOAN0169_6,LOAN0169,CUST0063,23906.56,18949.89,4956.67,2023-11-30,Paid
TXN_LOAN0169_7,LOAN0169,CUST0063,23906.56,19183.06,4723.5,2023-12-30,Paid
TXN_LOAN0169_8,LOAN0169,CUST0063,23906.56,19419.09,4487.47,2024-01-30,Paid
TXN_LOAN0169_9,LOAN0169,CUST0063,23906.56,19658.03,4248.53,2024-02-29,Paid
TXN_LOAN0169_10,LOAN0169,CUST0063,23906.56,19899.91,4006.65,2024-03-30,Paid
TXN_LOAN0169_11,LOAN0169,CUST0063,23906.56,20144.76,3761.8,2024-04-30,Paid
TXN_LOAN0169_12,LOAN0169,CUST0063,23906.56,20392.63,3513.93,2024-05-30,Paid
TXN_LOAN0169_13,LOAN0169,CUST0063,23906.56,20643.54,3263.02,2024-06-30,Missed
TXN_LOAN0169_14,LOAN0169,CUST0063,23906.56,20897.55,3009.01,2024-07-30,Paid
TXN_LOAN0169_15,LOAN0169,CUST0063,23906.56,21154.68,2751.88,2024-08-30,Paid
TXN_LOAN0169_16,LOAN0169,CUST0063,23906.56,21414.97,2491.59,2024-09-30,Paid
TXN_LOAN0169_17,LOAN0169,CUST0063,23906.56,21678.47,2228.09,2024-10-30,Paid
TXN_LOAN0169_18,LOAN0169,CUST0063,23906.56,21945.2,1961.36,2024-11-30,Paid
TXN_LOAN0169_19,LOAN0169,CUST0063,23906.56,22215.22,1691.34,2024-12-30,Paid
TXN_LOAN0169_20,LOAN0169,CUST0063,23906.56,22488.57,1417.99,2025-01-30,Paid
TXN_LOAN0169_21,LOAN0169,CUST0063,23906.56,22765.27,1141.29,2025-02-28,Paid
TXN_LOAN0169_22,LOAN0169,CUST0063,23906.56,23045.38,861.18,2025-03-30,Paid
TXN_LOAN0169_23,LOAN0169,CUST0063,23906.56,23328.94,577.62,2025-04-30,Missed
TXN_LOAN0169_24,LOAN0169,CUST0063,23906.56,23615.86,290.7,2025-05-30,Paid
TXN_LOAN0170_1,LOAN0170,CUST0189,16292.05,12028.24,4263.81,2023-09-23,Missed
TXN_LOAN0170_2,LOAN0170,CUST0189,16292.05,12130.04,4162.01,2023-10-23,Missed
TXN_LOAN0170_3,LOAN0170,CUST0189,16292.05,12232.71,4059.34,2023-11-23,Paid
TXN_LOAN0170_4,LOAN0170,CUST0189,16292.05,12336.25,3955.8,2023-12-23,Paid
TXN_LOAN0170_5,LOAN0170,CUST0189,16292.05,12440.66,3851.39,2024-01-23,Paid
TXN_LOAN0170_6,LOAN0170,CUST0189,16292.05,12545.96,3746.09,2024-02-23,Paid
TXN_LOAN0170_7,LOAN0170,CUST0189,16292.05,12652.15,3639.9,2024-03-23,Paid
TXN_LOAN0170_8,LOAN0170,CUST0189,16292.05,12759.24,3532.81,2024-04-23,Missed
TXN_LOAN0170_9,LOAN0170,CUST0189,16292.05,12867.23,3424.82,2024-05-23,Paid
TXN_LOAN0170_10,LOAN0170,CUST0189,16292.05,12976.14,3315.91,2024-06-23,Paid
TXN_LOAN0170_11,LOAN0170,CUST0189,16292.05,13085.97,3206.08,2024-07-23,Paid
TXN_LOAN0170_12,LOAN0170,CUST0189,16292.05,13196.73,3095.32,2024-08-23,Paid
TXN_LOAN0170_13,LOAN0170,CUST0189,16292.05,13308.42,2983.63,2024-09-23,Paid
TXN_LOAN0170_14,LOAN0170,CUST0189,16292.05,13421.06,2870.99,2024-10-23,Paid
TXN_LOAN0170_15,LOAN0170,CUST0189,16292.05,13534.66,2757.39,2024-11-23,Paid
TXN_LOAN0170_16,LOAN0170,CUST0189,16292.05,13649.22,2642.83,2024-12-23,Paid
TXN_LOAN0170_17,LOAN0170,CUST0189,16292.05,13764.74,2527.31,2025-01-23,Paid
TXN_LOAN0170_18,LOAN0170,CUST0189,16292.05,13881.25,2410.8,2025-02-23,Paid
TXN_LOAN0170_19,LOAN0170,CUST0189,16292.05,13998.74,2293.31,2025-03-23,Paid
TXN_LOAN0170_20,LOAN0170,CUST0189,16292.05,14117.22,2174.83,2025-04-23,Paid
TXN_LOAN0170_21,LOAN0170,CUST0189,16292.05,14236.71,2055.34,2025-05-23,Paid
TXN_LOAN0170_22,LOAN0170,CUST0189,16292.05,14357.21,1934.84,2025-06-23,Paid
TXN_LOAN0170_23,LOAN0170,CUST0189,16292.05,14478.73,1813.32,2025-07-23,Paid
TXN_LOAN0170_24,LOAN0170,CUST0189,16292.05,14601.27,1690.78,2025-08-23,Paid
TXN_LOAN0170_25,LOAN0170,CUST0189,16292.05,14724.86,1567.19,2025-09-23,Paid
TXN_LOAN0170_26,LOAN0170,CUST0189,16292.05,14849.49,1442.56,2025-10-23,Paid
TXN_LOAN0170_27,LOAN0170,CUST0189,16292.05,14975.18,1316.87,2025-11-23,Paid
TXN_LOAN0170_28,LOAN0170,CUST0189,16292.05,15101.92,1190.13,2025-12-23,Paid
TXN_LOAN0170_29,LOAN0170,CUST0189,16292.05,15229.75,1062.3,2026-01-23,Paid
TXN_LOAN0170_30,LOAN0170,CUST0189,16292.05,15358.65,933.4,2026-02-23,Missed
TXN_LOAN0170_31,LOAN0170,CUST0189,16292.05,15488.65,803.4,2026-03-23,Paid
TXN_LOAN0170_32,LOAN0170,CUST0189,16292.05,15619.74,672.31,2026-04-23,Paid
TXN_LOAN0170_33,LOAN0170,CUST0189,16292.05,15751.95,540.1,2026-05-23,Paid
TXN_LOAN0170_34,LOAN0170,CUST0189,16292.05,15885.27,406.78,2026-06-23,Paid
TXN_LOAN0170_35,LOAN0170,CUST0189,16292.05,16019.72,272.33,2026-07-23,Missed
TXN_LOAN0170_36,LOAN0170,CUST0189,16292.05,16155.27,136.78,2026-08-23,Paid
TXN_LOAN0171_1,LOAN0171,CUST0104,15344.95,8591.31,6753.64,2024-01-11,Missed
TXN_LOAN0171_2,LOAN0171,CUST0104,15344.95,8695.75,6649.2,2024-02-11,Paid
TXN_LOAN0171_3,LOAN0171,CUST0104,15344.95,8801.47,6543.48,2024-03-11,Paid
TXN_LOAN0171_4,LOAN0171,CUST0104,15344.95,8908.48,6436.47,2024-04-11,Paid
TXN_LOAN0171_5,LOAN0171,CUST0104,15344.95,9016.78,6328.17,2024-05-11,Paid
TXN_LOAN0171_6,LOAN0171,CUST0104,15344.95,9126.4,6218.55,2024-06-11,Paid
TXN_LOAN0171_7,LOAN0171,CUST0104,15344.95,9237.35,6107.6,2024-07-11,Paid
TXN_LOAN0171_8,LOAN0171,CUST0104,15344.95,9349.65,5995.3,2024-08-11,Paid
TXN_LOAN0171_9,LOAN0171,CUST0104,15344.95,9463.32,5881.63,2024-09-11,Paid
TXN_LOAN0171_10,LOAN0171,CUST0104,15344.95,9578.37,5766.58,2024-10-11,Paid
TXN_LOAN0171_11,LOAN0171,CUST0104,15344.95,9694.82,5650.13,2024-11-11,Paid
TXN_LOAN0171_12,LOAN0171,CUST0104,15344.95,9812.68,5532.27,2024-12-11,Paid
TXN_LOAN0171_13,LOAN0171,CUST0104,15344.95,9931.98,5412.97,2025-01-11,Paid
TXN_LOAN0171_14,LOAN0171,CUST0104,15344.95,10052.73,5292.22,2025-02-11,Paid
TXN_LOAN0171_15,LOAN0171,CUST0104,15344.95,10174.94,5170.01,2025-03-11,Paid
TXN_LOAN0171_16,LOAN0171,CUST0104,15344.95,10298.64,5046.31,2025-04-11,Paid
TXN_LOAN0171_17,LOAN0171,CUST0104,15344.95,10423.85,4921.1,2025-05-11,Paid
TXN_LOAN0171_18,LOAN0171,CUST0104,15344.95,10550.57,4794.38,2025-06-11,Paid
TXN_LOAN0171_19,LOAN0171,CUST0104,15344.95,10678.84,4666.11,2025-07-11,Paid
TXN_LOAN0171_20,LOAN0171,CUST0104,15344.95,10808.67,4536.28,2025-08-11,Paid
TXN_LOAN0171_21,LOAN0171,CUST0104,15344.95,10940.07,4404.88,2025-09-11,Paid
TXN_LOAN0171_22,LOAN0171,CUST0104,15344.95,11073.07,4271.88,2025-10-11,Paid
TXN_LOAN0171_23,LOAN0171,CUST0104,15344.95,11207.69,4137.26,2025-11-11,Paid
TXN_LOAN0171_24,LOAN0171,CUST0104,15344.95,11343.95,4001.0,2025-12-11,Paid
TXN_LOAN0171_25,LOAN0171,CUST0104,15344.95,11481.86,3863.09,2026-01-11,Paid
TXN_LOAN0171_26,LOAN0171,CUST0104,15344.95,11621.45,3723.5,2026-02-11,Paid
TXN_LOAN0171_27,LOAN0171,CUST0104,15344.95,11762.74,3582.21,2026-03-11,Paid
TXN_LOAN0171_28,LOAN0171,CUST0104,15344.95,11905.74,3439.21,2026-04-11,Paid
TXN_LOAN0171_29,LOAN0171,CUST0104,15344.95,12050.48,3294.47,2026-05-11,Paid
TXN_LOAN0171_30,LOAN0171,CUST0104,15344.95,12196.99,3147.96,2026-06-11,Paid
TXN_LOAN0171_31,LOAN0171,CUST0104,15344.95,12345.27,2999.68,2026-07-11,Paid
TXN_LOAN0171_32,LOAN0171,CUST0104,15344.95,12495.36,2849.59,2026-08-11,Paid
TXN_LOAN0171_33,LOAN0171,CUST0104,15344.95,12647.27,2697.68,2026-09-11,Missed
TXN_LOAN0171_34,LOAN0171,CUST0104,15344.95,12801.03,2543.92,2026-10-11,Paid
TXN_LOAN0171_35,LOAN0171,CUST0104,15344.95,12956.65,2388.3,2026-11-11,Paid
TXN_LOAN0171_36,LOAN0171,CUST0104,15344.95,13114.17,2230.78,2026-12-11,Paid
TXN_LOAN0171_37,LOAN0171,CUST0104,15344.95,13273.6,2071.35,2027-01-11,Paid
TXN_LOAN0171_38,LOAN0171,CUST0104,15344.95,13434.98,1909.97,2027-02-11,Paid
TXN_LOAN0171_39,LOAN0171,CUST0104,15344.95,13598.31,1746.64,2027-03-11,Missed
TXN_LOAN0171_40,LOAN0171,CUST0104,15344.95,13763.63,1581.32,2027-04-11,Paid
TXN_LOAN0171_41,LOAN0171,CUST0104,15344.95,13930.96,1413.99,2027-05-11,Paid
TXN_LOAN0171_42,LOAN0171,CUST0104,15344.95,14100.32,1244.63,2027-06-11,Paid
TXN_LOAN0171_43,LOAN0171,CUST0104,15344.95,14271.75,1073.2,2027-07-11,Paid
TXN_LOAN0171_44,LOAN0171,CUST0104,15344.95,14445.25,899.7,2027-08-11,Missed
TXN_LOAN0171_45,LOAN0171,CUST0104,15344.95,14620.87,724.08,2027-09-11,Paid
TXN_LOAN0171_46,LOAN0171,CUST0104,15344.95,14798.62,546.33,2027-10-11,Paid
TXN_LOAN0171_47,LOAN0171,CUST0104,15344.95,14978.53,366.42,2027-11-11,Paid
TXN_LOAN0171_48,LOAN0171,CUST0104,15344.95,15160.79,184.16,2027-12-11,Paid
TXN_LOAN0172_1,LOAN0172,CUST0049,12973.38,9083.96,3889.42,2023-02-22,Paid
TXN_LOAN0172_2,LOAN0172,CUST0049,12973.38,9174.33,3799.05,2023-03-22,Paid
TXN_LOAN0172_3,LOAN0172,CUST0049,12973.38,9265.61,3707.77,2023-04-22,Paid
TXN_LOAN0172_4,LOAN0172,CUST0049,12973.38,9357.79,3615.59,2023-05-22,Paid
TXN_LOAN0172_5,LOAN0172,CUST0049,12973.38,9450.89,3522.49,2023-06-22,Missed
TXN_LOAN0172_6,LOAN0172,CUST0049,12973.38,9544.92,3428.46,2023-07-22,Paid
TXN_LOAN0172_7,LOAN0172,CUST0049,12973.38,9639.88,3333.5,2023-08-22,Paid
TXN_LOAN0172_8,LOAN0172,CUST0049,12973.38,9735.78,3237.6,2023-09-22,Paid
TXN_LOAN0172_9,LOAN0172,CUST0049,12973.38,9832.64,3140.74,2023-10-22,Paid
TXN_LOAN0172_10,LOAN0172,CUST0049,12973.38,9930.47,3042.91,2023-11-22,Paid
TXN_LOAN0172_11,LOAN0172,CUST0049,12973.38,10029.26,2944.12,2023-12-22,Paid
TXN_LOAN0172_12,LOAN0172,CUST0049,12973.38,10129.04,2844.34,2024-01-22,Paid
TXN_LOAN0172_13,LOAN0172,CUST0049,12973.38,10229.82,2743.56,2024-02-22,Paid
TXN_LOAN0172_14,LOAN0172,CUST0049,12973.38,10331.59,2641.79,2024-03-22,Paid
TXN_LOAN0172_15,LOAN0172,CUST0049,12973.38,10434.38,2539.0,2024-04-22,Paid
TXN_LOAN0172_16,LOAN0172,CUST0049,12973.38,10538.19,2435.19,2024-05-22,Paid
TXN_LOAN0172_17,LOAN0172,CUST0049,12973.38,10643.03,2330.35,2024-06-22,Paid
TXN_LOAN0172_18,LOAN0172,CUST0049,12973.38,10748.92,2224.46,2024-07-22,Paid
TXN_LOAN0172_19,LOAN0172,CUST0049,12973.38,10855.86,2117.52,2024-08-22,Missed
TXN_LOAN0172_20,LOAN0172,CUST0049,12973.38,10963.86,2009.52,2024-09-22,Paid
TXN_LOAN0172_21,LOAN0172,CUST0049,12973.38,11072.94,1900.44,2024-10-22,Paid
TXN_LOAN0172_22,LOAN0172,CUST0049,12973.38,11183.1,1790.28,2024-11-22,Paid
TXN_LOAN0172_23,LOAN0172,CUST0049,12973.38,11294.36,1679.02,2024-12-22,Paid
TXN_LOAN0172_24,LOAN0172,CUST0049,12973.38,11406.73,1566.65,2025-01-22,Paid
TXN_LOAN0172_25,LOAN0172,CUST0049,12973.38,11520.21,1453.17,2025-02-22,Missed
TXN_LOAN0172_26,LOAN0172,CUST0049,12973.38,11634.82,1338.56,2025-03-22,Missed
TXN_LOAN0172_27,LOAN0172,CUST0049,12973.38,11750.58,1222.8,2025-04-22,Paid
TXN_LOAN0172_28,LOAN0172,CUST0049,12973.38,11867.48,1105.9,2025-05-22,Paid
TXN_LOAN0172_29,LOAN0172,CUST0049,12973.38,11985.55,987.83,2025-06-22,Paid
TXN_LOAN0172_30,LOAN0172,CUST0049,12973.38,12104.79,868.59,2025-07-22,Paid
TXN_LOAN0172_31,LOAN0172,CUST0049,12973.38,12225.22,748.16,2025-08-22,Paid
TXN_LOAN0172_32,LOAN0172,CUST0049,12973.38,12346.85,626.53,2025-09-22,Paid
TXN_LOAN0172_33,LOAN0172,CUST0049,12973.38,12469.69,503.69,2025-10-22,Paid
TXN_LOAN0172_34,LOAN0172,CUST0049,12973.38,12593.75,379.63,2025-11-22,Paid
TXN_LOAN0172_35,LOAN0172,CUST0049,12973.38,12719.04,254.34,2025-12-22,Paid
TXN_LOAN0172_36,LOAN0172,CUST0049,12973.38,12845.67,127.71,2026-01-22,Missed
TXN_LOAN0173_1,LOAN0173,CUST0071,10053.08,5645.55,4407.53,2024-01-14,Paid
TXN_LOAN0173_2,LOAN0173,CUST0071,10053.08,5713.83,4339.25,2024-02-14,Paid
TXN_LOAN0173_3,LOAN0173,CUST0071,10053.08,5782.93,4270.15,2024-03-14,Missed
TXN_LOAN0173_4,LOAN0173,CUST0071,10053.08,5852.86,4200.22,2024-04-14,Paid
TXN_LOAN0173_5,LOAN0173,CUST0071,10053.08,5923.65,4129.43,2024-05-14,Paid
TXN_LOAN0173_6,LOAN0173,CUST0071,10053.08,5995.29,4057.79,2024-06-14,Paid
TXN_LOAN0173_7,LOAN0173,CUST0071,10053.08,6067.79,3985.29,2024-07-14,Paid
TXN_LOAN0173_8,LOAN0173,CUST0071,10053.08,6141.17,3911.91,2024-08-14,Paid
TXN_LOAN0173_9,LOAN0173,CUST0071,10053.08,6215.44,3837.64,2024-09-14,Paid
TXN_LOAN0173_10,LOAN0173,CUST0071,10053.08,6290.61,3762.47,2024-10-14,Paid
TXN_LOAN0173_11,LOAN0173,CUST0071,10053.08,6366.68,3686.4,2024-11-14,Paid
TXN_LOAN0173_12,LOAN0173,CUST0071,10053.08,6443.68,3609.4,2024-12-14,Paid
TXN_LOAN0173_13,LOAN0173,CUST0071,10053.08,6521.61,3531.47,2025-01-14,Paid
TXN_LOAN0173_14,LOAN0173,CUST0071,10053.08,6600.48,3452.6,2025-02-14,Paid
TXN_LOAN0173_15,LOAN0173,CUST0071,10053.08,6680.3,3372.78,2025-03-14,Paid
TXN_LOAN0173_16,LOAN0173,CUST0071,10053.08,6761.09,3291.99,2025-04-14,Paid
TXN_LOAN0173_17,LOAN0173,CUST0071,10053.08,6842.86,3210.22,2025-05-14,Paid
TXN_LOAN0173_18,LOAN0173,CUST0071,10053.08,6925.61,3127.47,2025-06-14,Paid
TXN_LOAN0173_19,LOAN0173,CUST0071,10053.08,7009.37,3043.71,2025-07-14,Missed
TXN_LOAN0173_20,LOAN0173,CUST0071,10053.08,7094.13,2958.95,2025-08-14,Paid
TXN_LOAN0173_21,LOAN0173,CUST0071,10053.08,7179.93,2873.15,2025-09-14,Paid
TXN_LOAN0173_22,LOAN0173,CUST0071,10053.08,7266.76,2786.32,2025-10-14,Paid
TXN_LOAN0173_23,LOAN0173,CUST0071,10053.08,7354.64,2698.44,2025-11-14,Paid
TXN_LOAN0173_24,LOAN0173,CUST0071,10053.08,7443.58,2609.5,2025-12-14,Paid
TXN_LOAN0173_25,LOAN0173,CUST0071,10053.08,7533.6,2519.48,2026-01-14,Paid
TXN_LOAN0173_26,LOAN0173,CUST0071,10053.08,7624.71,2428.37,2026-02-14,Paid
TXN_LOAN0173_27,LOAN0173,CUST0071,10053.08,7716.92,2336.16,2026-03-14,Paid
TXN_LOAN0173_28,LOAN0173,CUST0071,10053.08,7810.25,2242.83,2026-04-14,Paid
TXN_LOAN0173_29,LOAN0173,CUST0071,10053.08,7904.7,2148.38,2026-05-14,Paid
TXN_LOAN0173_30,LOAN0173,CUST0071,10053.08,8000.3,2052.78,2026-06-14,Paid
TXN_LOAN0173_31,LOAN0173,CUST0071,10053.08,8097.05,1956.03,2026-07-14,Paid
TXN_LOAN0173_32,LOAN0173,CUST0071,10053.08,8194.97,1858.11,2026-08-14,Missed
TXN_LOAN0173_33,LOAN0173,CUST0071,10053.08,8294.08,1759.0,2026-09-14,Paid
TXN_LOAN0173_34,LOAN0173,CUST0071,10053.08,8394.39,1658.69,2026-10-14,Paid
TXN_LOAN0173_35,LOAN0173,CUST0071,10053.08,8495.9,1557.18,2026-11-14,Paid
TXN_LOAN0173_36,LOAN0173,CUST0071,10053.08,8598.65,1454.43,2026-12-14,Missed
TXN_LOAN0173_37,LOAN0173,CUST0071,10053.08,8702.64,1350.44,2027-01-14,Missed
TXN_LOAN0173_38,LOAN0173,CUST0071,10053.08,8807.89,1245.19,2027-02-14,Missed
TXN_LOAN0173_39,LOAN0173,CUST0071,10053.08,8914.4,1138.68,2027-03-14,Paid
TXN_LOAN0173_40,LOAN0173,CUST0071,10053.08,9022.21,1030.87,2027-04-14,Paid
TXN_LOAN0173_41,LOAN0173,CUST0071,10053.08,9131.32,921.76,2027-05-14,Paid
TXN_LOAN0173_42,LOAN0173,CUST0071,10053.08,9241.75,811.33,2027-06-14,Paid
TXN_LOAN0173_43,LOAN0173,CUST0071,10053.08,9353.52,699.56,2027-07-14,Paid
TXN_LOAN0173_44,LOAN0173,CUST0071,10053.08,9466.64,586.44,2027-08-14,Paid
TXN_LOAN0173_45,LOAN0173,CUST0071,10053.08,9581.12,471.96,2027-09-14,Paid
TXN_LOAN0173_46,LOAN0173,CUST0071,10053.08,9696.99,356.09,2027-10-14,Paid
TXN_LOAN0173_47,LOAN0173,CUST0071,10053.08,9814.27,238.81,2027-11-14,Paid
TXN_LOAN0173_48,LOAN0173,CUST0071,10053.08,9932.89,120.19,2027-12-14,Paid
TXN_LOAN0174_1,LOAN0174,CUST0001,44370.84,37038.04,7332.8,2023-11-12,Paid
TXN_LOAN0174_2,LOAN0174,CUST0001,44370.84,37317.86,7052.98,2023-12-12,Paid
TXN_LOAN0174_3,LOAN0174,CUST0001,44370.84,37599.79,6771.05,2024-01-12,Paid
TXN_LOAN0174_4,LOAN0174,CUST0001,44370.84,37883.85,6486.99,2024-02-12,Paid
TXN_LOAN0174_5,LOAN0174,CUST0001,44370.84,38170.07,6200.77,2024-03-12,Paid
TXN_LOAN0174_6,LOAN0174,CUST0001,44370.84,38458.44,5912.4,2024-04-12,Paid
TXN_LOAN0174_7,LOAN0174,CUST0001,44370.84,38748.99,5621.85,2024-05-12,Paid
TXN_LOAN0174_8,LOAN0174,CUST0001,44370.84,39041.74,5329.1,2024-06-12,Paid
TXN_LOAN0174_9,LOAN0174,CUST0001,44370.84,39336.69,5034.15,2024-07-12,Paid
TXN_LOAN0174_10,LOAN0174,CUST0001,44370.84,39633.88,4736.96,2024-08-12,Missed
TXN_LOAN0174_11,LOAN0174,CUST0001,44370.84,39933.31,4437.53,2024-09-12,Paid
TXN_LOAN0174_12,LOAN0174,CUST0001,44370.84,40235.01,4135.83,2024-10-12,Paid
TXN_LOAN0174_13,LOAN0174,CUST0001,44370.84,40538.98,3831.86,2024-11-12,Paid
TXN_LOAN0174_14,LOAN0174,CUST0001,44370.84,40845.25,3525.59,2024-12-12,Paid
TXN_LOAN0174_15,LOAN0174,CUST0001,44370.84,41153.83,3217.01,2025-01-12,Paid
TXN_LOAN0174_16,LOAN0174,CUST0001,44370.84,41464.75,2906.09,2025-02-12,Paid
TXN_LOAN0174_17,LOAN0174,CUST0001,44370.84,41778.01,2592.83,2025-03-12,Paid
TXN_LOAN0174_18,LOAN0174,CUST0001,44370.84,42093.64,2277.2,2025-04-12,Missed
TXN_LOAN0174_19,LOAN0174,CUST0001,44370.84,42411.66,1959.18,2025-05-12,Missed
TXN_LOAN0174_20,LOAN0174,CUST0001,44370.84,42732.07,1638.77,2025-06-12,Paid
TXN_LOAN0174_21,LOAN0174,CUST0001,44370.84,43054.91,1315.93,2025-07-12,Paid
TXN_LOAN0174_22,LOAN0174,CUST0001,44370.84,43380.19,990.65,2025-08-12,Missed
TXN_LOAN0174_23,LOAN0174,CUST0001,44370.84,43707.92,662.92,2025-09-12,Paid
TXN_LOAN0174_24,LOAN0174,CUST0001,44370.84,44038.12,332.72,2025-10-12,Paid
TXN_LOAN0175_1,LOAN0175,CUST0141,30096.63,26036.7,4059.93,2023-10-26,Paid
TXN_LOAN0175_2,LOAN0175,CUST0141,30096.63,26353.01,3743.62,2023-11-26,Paid
TXN_LOAN0175_3,LOAN0175,CUST0141,30096.63,26673.17,3423.46,2023-12-26,Paid
TXN_LOAN0175_4,LOAN0175,CUST0141,30096.63,26997.21,3099.42,2024-01-26,Paid
TXN_LOAN0175_5,LOAN0175,CUST0141,30096.63,27325.19,2771.44,2024-02-26,Paid
TXN_LOAN0175_6,LOAN0175,CUST0141,30096.63,27657.16,2439.47,2024-03-26,Missed
TXN_LOAN0175_7,LOAN0175,CUST0141,30096.63,27993.16,2103.47,2024-04-26,Paid
TXN_LOAN0175_8,LOAN0175,CUST0141,30096.63,28333.24,1763.39,2024-05-26,Paid
TXN_LOAN0175_9,LOAN0175,CUST0141,30096.63,28677.45,1419.18,2024-06-26,Paid
TXN_LOAN0175_10,LOAN0175,CUST0141,30096.63,29025.85,1070.78,2024-07-26,Paid
TXN_LOAN0175_11,LOAN0175,CUST0141,30096.63,29378.47,718.16,2024-08-26,Paid
TXN_LOAN0175_12,LOAN0175,CUST0141,30096.63,29735.39,361.24,2024-09-26,Paid
TXN_LOAN0176_1,LOAN0176,CUST0179,22673.59,13268.38,9405.21,2023-10-15,Paid
TXN_LOAN0176_2,LOAN0176,CUST0179,22673.59,13467.35,9206.24,2023-11-15,Paid
TXN_LOAN0176_3,LOAN0176,CUST0179,22673.59,13669.29,9004.3,2023-12-15,Paid
TXN_LOAN0176_4,LOAN0176,CUST0179,22673.59,13874.26,8799.33,2024-01-15,Paid
TXN_LOAN0176_5,LOAN0176,CUST0179,22673.59,14082.31,8591.28,2024-02-15,Paid
TXN_LOAN0176_6,LOAN0176,CUST0179,22673.59,14293.47,8380.12,2024-03-15,Paid
TXN_LOAN0176_7,LOAN0176,CUST0179,22673.59,14507.81,8165.78,2024-04-15,Paid
TXN_LOAN0176_8,LOAN0176,CUST0179,22673.59,14725.35,7948.24,2024-05-15,Paid
TXN_LOAN0176_9,LOAN0176,CUST0179,22673.59,14946.16,7727.43,2024-06-15,Paid
TXN_LOAN0176_10,LOAN0176,CUST0179,22673.59,15170.28,7503.31,2024-07-15,Paid
TXN_LOAN0176_11,LOAN0176,CUST0179,22673.59,15397.76,7275.83,2024-08-15,Missed
TXN_LOAN0176_12,LOAN0176,CUST0179,22673.59,15628.65,7044.94,2024-09-15,Paid
TXN_LOAN0176_13,LOAN0176,CUST0179,22673.59,15863.01,6810.58,2024-10-15,Paid
TXN_LOAN0176_14,LOAN0176,CUST0179,22673.59,16100.87,6572.72,2024-11-15,Paid
TXN_LOAN0176_15,LOAN0176,CUST0179,22673.59,16342.31,6331.28,2024-12-15,Paid
TXN_LOAN0176_16,LOAN0176,CUST0179,22673.59,16587.36,6086.23,2025-01-15,Paid
TXN_LOAN0176_17,LOAN0176,CUST0179,22673.59,16836.09,5837.5,2025-02-15,Paid
TXN_LOAN0176_18,LOAN0176,CUST0179,22673.59,17088.55,5585.04,2025-03-15,Paid
TXN_LOAN0176_19,LOAN0176,CUST0179,22673.59,17344.8,5328.79,2025-04-15,Paid
TXN_LOAN0176_20,LOAN0176,CUST0179,22673.59,17604.88,5068.71,2025-05-15,Paid
TXN_LOAN0176_21,LOAN0176,CUST0179,22673.59,17868.87,4804.72,2025-06-15,Paid
TXN_LOAN0176_22,LOAN0176,CUST0179,22673.59,18136.82,4536.77,2025-07-15,Paid
TXN_LOAN0176_23,LOAN0176,CUST0179,22673.59,18408.78,4264.81,2025-08-15,Paid
TXN_LOAN0176_24,LOAN0176,CUST0179,22673.59,18684.82,3988.77,2025-09-15,Paid
TXN_LOAN0176_25,LOAN0176,CUST0179,22673.59,18965.0,3708.59,2025-10-15,Paid
TXN_LOAN0176_26,LOAN0176,CUST0179,22673.59,19249.38,3424.21,2025-11-15,Paid
TXN_LOAN0176_27,LOAN0176,CUST0179,22673.59,19538.03,3135.56,2025-12-15,Paid
TXN_LOAN0176_28,LOAN0176,CUST0179,22673.59,19831.01,2842.58,2026-01-15,Paid
TXN_LOAN0176_29,LOAN0176,CUST0179,22673.59,20128.37,2545.22,2026-02-15,Paid
TXN_LOAN0176_30,LOAN0176,CUST0179,22673.59,20430.2,2243.39,2026-03-15,Missed
TXN_LOAN0176_31,LOAN0176,CUST0179,22673.59,20736.55,1937.04,2026-04-15,Paid
TXN_LOAN0176_32,LOAN0176,CUST0179,22673.59,21047.5,1626.09,2026-05-15,Missed
TXN_LOAN0176_33,LOAN0176,CUST0179,22673.59,21363.11,1310.48,2026-06-15,Paid
TXN_LOAN0176_34,LOAN0176,CUST0179,22673.59,21683.45,990.14,2026-07-15,Missed
TXN_LOAN0176_35,LOAN0176,CUST0179,22673.59,22008.6,664.99,2026-08-15,Paid
TXN_LOAN0176_36,LOAN0176,CUST0179,22673.59,22338.57,335.02,2026-09-15,Paid
TXN_LOAN0177_1,LOAN0177,CUST0123,71770.18,65953.25,5816.93,2023-02-28,Paid
TXN_LOAN0177_2,LOAN0177,CUST0123,71770.18,66419.44,5350.74,2023-03-29,Paid
TXN_LOAN0177_3,LOAN0177,CUST0123,71770.18,66888.92,4881.26,2023-04-29,Paid
TXN_LOAN0177_4,LOAN0177,CUST0123,71770.18,67361.72,4408.46,2023-05-29,Paid
TXN_LOAN0177_5,LOAN0177,CUST0123,71770.18,67837.86,3932.32,2023-06-29,Paid
TXN_LOAN0177_6,LOAN0177,CUST0123,71770.18,68317.37,3452.81,2023-07-29,Paid
TXN_LOAN0177_7,LOAN0177,CUST0123,71770.18,68800.27,2969.91,2023-08-29,Paid
TXN_LOAN0177_8,LOAN0177,CUST0123,71770.18,69286.58,2483.6,2023-09-29,Paid
TXN_LOAN0177_9,LOAN0177,CUST0123,71770.18,69776.33,1993.85,2023-10-29,Paid
TXN_LOAN0177_10,LOAN0177,CUST0123,71770.18,70269.54,1500.64,2023-11-29,Paid
TXN_LOAN0177_11,LOAN0177,CUST0123,71770.18,70766.23,1003.95,2023-12-29,Paid
TXN_LOAN0177_12,LOAN0177,CUST0123,71770.18,71266.49,503.69,2024-01-29,Paid
TXN_LOAN0178_1,LOAN0178,CUST0184,17573.17,10351.49,7221.68,2023-09-01,Missed
TXN_LOAN0178_2,LOAN0178,CUST0184,17573.17,10504.79,7068.38,2023-10-01,Paid
TXN_LOAN0178_3,LOAN0178,CUST0184,17573.17,10660.37,6912.8,2023-11-01,Paid
TXN_LOAN0178_4,LOAN0178,CUST0184,17573.17,10818.24,6754.93,2023-12-01,Paid
TXN_LOAN0178_5,LOAN0178,CUST0184,17573.17,10978.46,6594.71,2024-01-01,Paid
TXN_LOAN0178_6,LOAN0178,CUST0184,17573.17,11141.05,6432.12,2024-02-01,Paid
TXN_LOAN0178_7,LOAN0178,CUST0184,17573.17,11306.05,6267.12,2024-03-01,Paid
TXN_LOAN0178_8,LOAN0178,CUST0184,17573.17,11473.49,6099.68,2024-04-01,Paid
TXN_LOAN0178_9,LOAN0178,CUST0184,17573.17,11643.41,5929.76,2024-05-01,Paid
TXN_LOAN0178_10,LOAN0178,CUST0184,17573.17,11815.84,5757.33,2024-06-01,Paid
TXN_LOAN0178_11,LOAN0178,CUST0184,17573.17,11990.83,5582.34,2024-07-01,Paid
TXN_LOAN0178_12,LOAN0178,CUST0184,17573.17,12168.41,5404.76,2024-08-01,Paid
TXN_LOAN0178_13,LOAN0178,CUST0184,17573.17,12348.62,5224.55,2024-09-01,Paid
TXN_LOAN0178_14,LOAN0178,CUST0184,17573.17,12531.51,5041.66,2024-10-01,Paid
TXN_LOAN0178_15,LOAN0178,CUST0184,17573.17,12717.09,4856.08,2024-11-01,Paid
TXN_LOAN0178_16,LOAN0178,CUST0184,17573.17,12905.43,4667.74,2024-12-01,Paid
TXN_LOAN0178_17,LOAN0178,CUST0184,17573.17,13096.56,4476.61,2025-01-01,Paid
TXN_LOAN0178_18,LOAN0178,CUST0184,17573.17,13290.52,4282.65,2025-02-01,Paid
TXN_LOAN0178_19,LOAN0178,CUST0184,17573.17,13487.35,4085.82,2025-03-01,Paid
TXN_LOAN0178_20,LOAN0178,CUST0184,17573.17,13687.09,3886.08,2025-04-01,Paid
TXN_LOAN0178_21,LOAN0178,CUST0184,17573.17,13889.79,3683.38,2025-05-01,Paid
TXN_LOAN0178_22,LOAN0178,CUST0184,17573.17,14095.5,3477.67,2025-06-01,Paid
TXN_LOAN0178_23,LOAN0178,CUST0184,17573.17,14304.25,3268.92,2025-07-01,Paid
TXN_LOAN0178_24,LOAN0178,CUST0184,17573.17,14516.09,3057.08,2025-08-01,Paid
TXN_LOAN0178_25,LOAN0178,CUST0184,17573.17,14731.07,2842.1,2025-09-01,Paid
TXN_LOAN0178_26,LOAN0178,CUST0184,17573.17,14949.24,2623.93,2025-10-01,Paid
TXN_LOAN0178_27,LOAN0178,CUST0184,17573.17,15170.63,2402.54,2025-11-01,Paid
TXN_LOAN0178_28,LOAN0178,CUST0184,17573.17,15395.3,2177.87,2025-12-01,Paid
TXN_LOAN0178_29,LOAN0178,CUST0184,17573.17,15623.31,1949.86,2026-01-01,Paid
TXN_LOAN0178_30,LOAN0178,CUST0184,17573.17,15854.68,1718.49,2026-02-01,Paid
TXN_LOAN0178_31,LOAN0178,CUST0184,17573.17,16089.49,1483.68,2026-03-01,Paid
TXN_LOAN0178_32,LOAN0178,CUST0184,17573.17,16327.77,1245.4,2026-04-01,Paid
TXN_LOAN0178_33,LOAN0178,CUST0184,17573.17,16569.58,1003.59,2026-05-01,Paid
TXN_LOAN0178_34,LOAN0178,CUST0184,17573.17,16814.97,758.2,2026-06-01,Paid
TXN_LOAN0178_35,LOAN0178,CUST0184,17573.17,17064.0,509.17,2026-07-01,Paid
TXN_LOAN0178_36,LOAN0178,CUST0184,17573.17,17316.73,256.44,2026-08-01,Paid
TXN_LOAN0179_1,LOAN0179,CUST0062,38567.68,30333.08,8234.6,2023-11-10,Paid
TXN_LOAN0179_2,LOAN0179,CUST0062,38567.68,30638.15,7929.53,2023-12-10,Paid
TXN_LOAN0179_3,LOAN0179,CUST0062,38567.68,30946.3,7621.38,2024-01-10,Paid
TXN_LOAN0179_4,LOAN0179,CUST0062,38567.68,31257.54,7310.14,2024-02-10,Paid
TXN_LOAN0179_5,LOAN0179,CUST0062,38567.68,31571.92,6995.76,2024-03-10,Paid
TXN_LOAN0179_6,LOAN0179,CUST0062,38567.68,31889.46,6678.22,2024-04-10,Paid
TXN_LOAN0179_7,LOAN0179,CUST0062,38567.68,32210.19,6357.49,2024-05-10,Paid
TXN_LOAN0179_8,LOAN0179,CUST0062,38567.68,32534.14,6033.54,2024-06-10,Paid
TXN_LOAN0179_9,LOAN0179,CUST0062,38567.68,32861.36,5706.32,2024-07-10,Paid
TXN_LOAN0179_10,LOAN0179,CUST0062,38567.68,33191.86,5375.82,2024-08-10,Paid
TXN_LOAN0179_11,LOAN0179,CUST0062,38567.68,33525.69,5041.99,2024-09-10,Paid
TXN_LOAN0179_12,LOAN0179,CUST0062,38567.68,33862.88,4704.8,2024-10-10,Paid
TXN_LOAN0179_13,LOAN0179,CUST0062,38567.68,34203.46,4364.22,2024-11-10,Paid
TXN_LOAN0179_14,LOAN0179,CUST0062,38567.68,34547.46,4020.22,2024-12-10,Paid
TXN_LOAN0179_15,LOAN0179,CUST0062,38567.68,34894.92,3672.76,2025-01-10,Paid
TXN_LOAN0179_16,LOAN0179,CUST0062,38567.68,35245.88,3321.8,2025-02-10,Paid
TXN_LOAN0179_17,LOAN0179,CUST0062,38567.68,35600.37,2967.31,2025-03-10,Paid
TXN_LOAN0179_18,LOAN0179,CUST0062,38567.68,35958.42,2609.26,2025-04-10,Paid
TXN_LOAN0179_19,LOAN0179,CUST0062,38567.68,36320.08,2247.6,2025-05-10,Paid
TXN_LOAN0179_20,LOAN0179,CUST0062,38567.68,36685.37,1882.31,2025-06-10,Paid
TXN_LOAN0179_21,LOAN0179,CUST0062,38567.68,37054.33,1513.35,2025-07-10,Paid
TXN_LOAN0179_22,LOAN0179,CUST0062,38567.68,37427.01,1140.67,2025-08-10,Paid
TXN_LOAN0179_23,LOAN0179,CUST0062,38567.68,37803.43,764.25,2025-09-10,Paid
TXN_LOAN0179_24,LOAN0179,CUST0062,38567.68,38183.7,383.98,2025-10-10,Paid
TXN_LOAN0180_1,LOAN0180,CUST0032,9753.69,5929.13,3824.56,2023-03-19,Paid
TXN_LOAN0180_2,LOAN0180,CUST0032,9753.69,6011.68,3742.01,2023-04-19,Paid
TXN_LOAN0180_3,LOAN0180,CUST0032,9753.69,6095.38,3658.31,2023-05-19,Paid
TXN_LOAN0180_4,LOAN0180,CUST0032,9753.69,6180.24,3573.45,2023-06-19,Paid
TXN_LOAN0180_5,LOAN0180,CUST0032,9753.69,6266.29,3487.4,2023-07-19,Paid
TXN_LOAN0180_6,LOAN0180,CUST0032,9753.69,6353.54,3400.15,2023-08-19,Paid
TXN_LOAN0180_7,LOAN0180,CUST0032,9753.69,6442.0,3311.69,2023-09-19,Paid
TXN_LOAN0180_8,LOAN0180,CUST0032,9753.69,6531.69,3222.0,2023-10-19,Paid
TXN_LOAN0180_9,LOAN0180,CUST0032,9753.69,6622.63,3131.06,2023-11-19,Paid
TXN_LOAN0180_10,LOAN0180,CUST0032,9753.69,6714.83,3038.86,2023-12-19,Paid
TXN_LOAN0180_11,LOAN0180,CUST0032,9753.69,6808.32,2945.37,2024-01-19,Paid
TXN_LOAN0180_12,LOAN0180,CUST0032,9753.69,6903.12,2850.57,2024-02-19,Paid
TXN_LOAN0180_13,LOAN0180,CUST0032,9753.69,6999.23,2754.46,2024-03-19,Paid
TXN_LOAN0180_14,LOAN0180,CUST0032,9753.69,7096.68,2657.01,2024-04-19,Paid
TXN_LOAN0180_15,LOAN0180,CUST0032,9753.69,7195.48,2558.21,2024-05-19,Paid
TXN_LOAN0180_16,LOAN0180,CUST0032,9753.69,7295.67,2458.02,2024-06-19,Paid
TXN_LOAN0180_17,LOAN0180,CUST0032,9753.69,7397.24,2356.45,2024-07-19,Paid
TXN_LOAN0180_18,LOAN0180,CUST0032,9753.69,7500.24,2253.45,2024-08-19,Paid
TXN_LOAN0180_19,LOAN0180,CUST0032,9753.69,7604.66,2149.03,2024-09-19,Paid
TXN_LOAN0180_20,LOAN0180,CUST0032,9753.69,7710.54,2043.15,2024-10-19,Paid
TXN_LOAN0180_21,LOAN0180,CUST0032,9753.69,7817.89,1935.8,2024-11-19,Paid
TXN_LOAN0180_22,LOAN0180,CUST0032,9753.69,7926.74,1826.95,2024-12-19,Paid
TXN_LOAN0180_23,LOAN0180,CUST0032,9753.69,8037.11,1716.58,2025-01-19,Paid
TXN_LOAN0180_24,LOAN0180,CUST0032,9753.69,8149.01,1604.68,2025-02-19,Paid
TXN_LOAN0180_25,LOAN0180,CUST0032,9753.69,8262.46,1491.23,2025-03-19,Paid
TXN_LOAN0180_26,LOAN0180,CUST0032,9753.69,8377.5,1376.19,2025-04-19,Paid
TXN_LOAN0180_27,LOAN0180,CUST0032,9753.69,8494.14,1259.55,2025-05-19,Missed
TXN_LOAN0180_28,LOAN0180,CUST0032,9753.69,8612.4,1141.29,2025-06-19,Paid
TXN_LOAN0180_29,LOAN0180,CUST0032,9753.69,8732.31,1021.38,2025-07-19,Paid
TXN_LOAN0180_30,LOAN0180,CUST0032,9753.69,8853.89,899.8,2025-08-19,Paid
TXN_LOAN0180_31,LOAN0180,CUST0032,9753.69,8977.17,776.52,2025-09-19,Missed
TXN_LOAN0180_32,LOAN0180,CUST0032,9753.69,9102.15,651.54,2025-10-19,Paid
TXN_LOAN0180_33,LOAN0180,CUST0032,9753.69,9228.88,524.81,2025-11-19,Paid
TXN_LOAN0180_34,LOAN0180,CUST0032,9753.69,9357.38,396.31,2025-12-19,Paid
TXN_LOAN0180_35,LOAN0180,CUST0032,9753.69,9487.66,266.03,2026-01-19,Paid
TXN_LOAN0180_36,LOAN0180,CUST0032,9753.69,9619.72,133.97,2026-02-19,Paid
TXN_LOAN0181_1,LOAN0181,CUST0158,45668.37,33347.98,12320.39,2023-05-05,Paid
TXN_LOAN0181_2,LOAN0181,CUST0158,45668.37,33787.73,11880.64,2023-06-05,Paid
TXN_LOAN0181_3,LOAN0181,CUST0158,45668.37,34233.27,11435.1,2023-07-05,Paid
TXN_LOAN0181_4,LOAN0181,CUST0158,45668.37,34684.69,10983.68,2023-08-05,Paid
TXN_LOAN0181_5,LOAN0181,CUST0158,45668.37,35142.06,10526.31,2023-09-05,Paid
TXN_LOAN0181_6,LOAN0181,CUST0158,45668.37,35605.46,10062.91,2023-10-05,Paid
TXN_LOAN0181_7,LOAN0181,CUST0158,45668.37,36074.98,9593.39,2023-11-05,Paid
TXN_LOAN0181_8,LOAN0181,CUST0158,45668.37,36550.68,9117.69,2023-12-05,Missed
TXN_LOAN0181_9,LOAN0181,CUST0158,45668.37,37032.66,8635.71,2024-01-05,Missed
TXN_LOAN0181_10,LOAN0181,CUST0158,45668.37,37520.99,8147.38,2024-02-05,Paid
TXN_LOAN0181_11,LOAN0181,CUST0158,45668.37,38015.76,7652.61,2024-03-05,Missed
TXN_LOAN0181_12,LOAN0181,CUST0158,45668.37,38517.06,7151.31,2024-04-05,Paid
TXN_LOAN0181_13,LOAN0181,CUST0158,45668.37,39024.97,6643.4,2024-05-05,Paid
TXN_LOAN0181_14,LOAN0181,CUST0158,45668.37,39539.57,6128.8,2024-06-05,Paid
TXN_LOAN0181_15,LOAN0181,CUST0158,45668.37,40060.96,5607.41,2024-07-05,Missed
TXN_LOAN0181_16,LOAN0181,CUST0158,45668.37,40589.23,5079.14,2024-08-05,Paid
TXN_LOAN0181_17,LOAN0181,CUST0158,45668.37,41124.46,4543.91,2024-09-05,Paid
TXN_LOAN0181_18,LOAN0181,CUST0158,45668.37,41666.75,4001.62,2024-10-05,Paid
TXN_LOAN0181_19,LOAN0181,CUST0158,45668.37,42216.19,3452.18,2024-11-05,Paid
TXN_LOAN0181_20,LOAN0181,CUST0158,45668.37,42772.87,2895.5,2024-12-05,Paid
TXN_LOAN0181_21,LOAN0181,CUST0158,45668.37,43336.9,2331.47,2025-01-05,Paid
TXN_LOAN0181_22,LOAN0181,CUST0158,45668.37,43908.36,1760.01,2025-02-05,Paid
TXN_LOAN0181_23,LOAN0181,CUST0158,45668.37,44487.36,1181.01,2025-03-05,Paid
TXN_LOAN0181_24,LOAN0181,CUST0158,45668.37,45074.06,594.31,2025-04-05,Paid
TXN_LOAN0182_1,LOAN0182,CUST0029,11766.71,7826.29,3940.42,2023-04-29,Paid
TXN_LOAN0182_2,LOAN0182,CUST0029,11766.71,7915.44,3851.27,2023-05-29,Paid
TXN_LOAN0182_3,LOAN0182,CUST0029,11766.71,8005.61,3761.1,2023-06-29,Paid
TXN_LOAN0182_4,LOAN0182,CUST0029,11766.71,8096.81,3669.9,2023-07-29,Paid
TXN_LOAN0182_5,LOAN0182,CUST0029,11766.71,8189.05,3577.66,2023-08-29,Paid
TXN_LOAN0182_6,LOAN0182,CUST0029,11766.71,8282.34,3484.37,2023-09-29,Paid
TXN_LOAN0182_7,LOAN0182,CUST0029,11766.71,8376.69,3390.02,2023-10-29,Paid
TXN_LOAN0182_8,LOAN0182,CUST0029,11766.71,8472.11,3294.6,2023-11-29,Paid
TXN_LOAN0182_9,LOAN0182,CUST0029,11766.71,8568.62,3198.09,2023-12-29,Paid
TXN_LOAN0182_10,LOAN0182,CUST0029,11766.71,8666.24,3100.47,2024-01-29,Paid
TXN_LOAN0182_11,LOAN0182,CUST0029,11766.71,8764.96,3001.75,2024-02-29,Paid
TXN_LOAN0182_12,LOAN0182,CUST0029,11766.71,8864.81,2901.9,2024-03-29,Paid
TXN_LOAN0182_13,LOAN0182,CUST0029,11766.71,8965.8,2800.91,2024-04-29,Paid
TXN_LOAN0182_14,LOAN0182,CUST0029,11766.71,9067.93,2698.78,2024-05-29,Paid
TXN_LOAN0182_15,LOAN0182,CUST0029,11766.71,9171.23,2595.48,2024-06-29,Missed
TXN_LOAN0182_16,LOAN0182,CUST0029,11766.71,9275.71,2491.0,2024-07-29,Paid
TXN_LOAN0182_17,LOAN0182,CUST0029,11766.71,9381.38,2385.33,2024-08-29,Missed
TXN_LOAN0182_18,LOAN0182,CUST0029,11766.71,9488.25,2278.46,2024-09-29,Paid
TXN_LOAN0182_19,LOAN0182,CUST0029,11766.71,9596.34,2170.37,2024-10-29,Paid
TXN_LOAN0182_20,LOAN0182,CUST0029,11766.71,9705.66,2061.05,2024-11-29,Paid
TXN_LOAN0182_21,LOAN0182,CUST0029,11766.71,9816.22,1950.49,2024-12-29,Paid
TXN_LOAN0182_22,LOAN0182,CUST0029,11766.71,9928.04,1838.67,2025-01-29,Paid
TXN_LOAN0182_23,LOAN0182,CUST0029,11766.71,10041.14,1725.57,2025-02-28,Paid
TXN_LOAN0182_24,LOAN0182,CUST0029,11766.71,10155.53,1611.18,2025-03-29,Paid
TXN_LOAN0182_25,LOAN0182,CUST0029,11766.71,10271.22,1495.49,2025-04-29,Paid
TXN_LOAN0182_26,LOAN0182,CUST0029,11766.71,10388.23,1378.48,2025-05-29,Missed
TXN_LOAN0182_27,LOAN0182,CUST0029,11766.71,10506.57,1260.14,2025-06-29,Paid
TXN_LOAN0182_28,LOAN0182,CUST0029,11766.71,10626.26,1140.45,2025-07-29,Paid
TXN_LOAN0182_29,LOAN0182,CUST0029,11766.71,10747.31,1019.4,2025-08-29,Missed
TXN_LOAN0182_30,LOAN0182,CUST0029,11766.71,10869.74,896.97,2025-09-29,Paid
TXN_LOAN0182_31,LOAN0182,CUST0029,11766.71,10993.57,773.14,2025-10-29,Paid
TXN_LOAN0182_32,LOAN0182,CUST0029,11766.71,11118.8,647.91,2025-11-29,Paid
TXN_LOAN0182_33,LOAN0182,CUST0029,11766.71,11245.47,521.24,2025-12-29,Paid
TXN_LOAN0182_34,LOAN0182,CUST0029,11766.71,11373.57,393.14,2026-01-29,Paid
TXN_LOAN0182_35,LOAN0182,CUST0029,11766.71,11503.14,263.57,2026-02-28,Paid
TXN_LOAN0182_36,LOAN0182,CUST0029,11766.71,11633.92,132.79,2026-03-29,Paid
TXN_LOAN0183_1,LOAN0183,CUST0049,5026.0,3702.06,1323.94,2023-03-13,Paid
TXN_LOAN0183_2,LOAN0183,CUST0049,5026.0,3749.52,1276.48,2023-04-13,Paid
TXN_LOAN0183_3,LOAN0183,CUST0049,5026.0,3797.59,1228.41,2023-05-13,Paid
TXN_LOAN0183_4,LOAN0183,CUST0049,5026.0,3846.28,1179.72,2023-06-13,Missed
TXN_LOAN0183_5,LOAN0183,CUST0049,5026.0,3895.59,1130.41,2023-07-13,Paid
TXN_LOAN0183_6,LOAN0183,CUST0049,5026.0,3945.53,1080.47,2023-08-13,Paid
TXN_LOAN0183_7,LOAN0183,CUST0049,5026.0,3996.12,1029.88,2023-09-13,Paid
TXN_LOAN0183_8,LOAN0183,CUST0049,5026.0,4047.35,978.65,2023-10-13,Paid
TXN_LOAN0183_9,LOAN0183,CUST0049,5026.0,4099.24,926.76,2023-11-13,Paid
TXN_LOAN0183_10,LOAN0183,CUST0049,5026.0,4151.79,874.21,2023-12-13,Paid
TXN_LOAN0183_11,LOAN0183,CUST0049,5026.0,4205.02,820.98,2024-01-13,Paid
TXN_LOAN0183_12,LOAN0183,CUST0049,5026.0,4258.93,767.07,2024-02-13,Paid
TXN_LOAN0183_13,LOAN0183,CUST0049,5026.0,4313.53,712.47,2024-03-13,Paid
TXN_LOAN0183_14,LOAN0183,CUST0049,5026.0,4368.83,657.17,2024-04-13,Missed
TXN_LOAN0183_15,LOAN0183,CUST0049,5026.0,4424.84,601.16,2024-05-13,Missed
TXN_LOAN0183_16,LOAN0183,CUST0049,5026.0,4481.57,544.43,2024-06-13,Paid
TXN_LOAN0183_17,LOAN0183,CUST0049,5026.0,4539.03,486.97,2024-07-13,Paid
TXN_LOAN0183_18,LOAN0183,CUST0049,5026.0,4597.22,428.78,2024-08-13,Paid
TXN_LOAN0183_19,LOAN0183,CUST0049,5026.0,4656.16,369.84,2024-09-13,Paid
TXN_LOAN0183_20,LOAN0183,CUST0049,5026.0,4715.85,310.15,2024-10-13,Paid
TXN_LOAN0183_21,LOAN0183,CUST0049,5026.0,4776.31,249.69,2024-11-13,Paid
TXN_LOAN0183_22,LOAN0183,CUST0049,5026.0,4837.54,188.46,2024-12-13,Paid
TXN_LOAN0183_23,LOAN0183,CUST0049,5026.0,4899.56,126.44,2025-01-13,Paid
TXN_LOAN0183_24,LOAN0183,CUST0049,5026.0,4962.54,63.46,2025-02-13,Paid
TXN_LOAN0184_1,LOAN0184,CUST0173,23802.66,17054.61,6748.05,2023-11-05,Paid
TXN_LOAN0184_2,LOAN0184,CUST0173,23802.66,17293.16,6509.5,2023-12-05,Paid
TXN_LOAN0184_3,LOAN0184,CUST0173,23802.66,17535.05,6267.61,2024-01-05,Paid
TXN_LOAN0184_4,LOAN0184,CUST0173,23802.66,17780.33,6022.33,2024-02-05,Paid
TXN_LOAN0184_5,LOAN0184,CUST0173,23802.66,18029.03,5773.63,2024-03-05,Paid
TXN_LOAN0184_6,LOAN0184,CUST0173,23802.66,18281.21,5521.45,2024-04-05,Paid
TXN_LOAN0184_7,LOAN0184,CUST0173,23802.66,18536.92,5265.74,2024-05-05,Paid
TXN_LOAN0184_8,LOAN0184,CUST0173,23802.66,18796.21,5006.45,2024-06-05,Paid
TXN_LOAN0184_9,LOAN0184,CUST0173,23802.66,19059.13,4743.53,2024-07-05,Paid
TXN_LOAN0184_10,LOAN0184,CUST0173,23802.66,19325.72,4476.94,2024-08-05,Paid
TXN_LOAN0184_11,LOAN0184,CUST0173,23802.66,19596.04,4206.62,2024-09-05,Paid
TXN_LOAN0184_12,LOAN0184,CUST0173,23802.66,19870.14,3932.52,2024-10-05,Missed
TXN_LOAN0184_13,LOAN0184,CUST0173,23802.66,20148.08,3654.58,2024-11-05,Paid
TXN_LOAN0184_14,LOAN0184,CUST0173,23802.66,20429.9,3372.76,2024-12-05,Paid
TXN_LOAN0184_15,LOAN0184,CUST0173,23802.66,20715.67,3086.99,2025-01-05,Missed
TXN_LOAN0184_16,LOAN0184,CUST0173,23802.66,21005.43,2797.23,2025-02-05,Paid
TXN_LOAN0184_17,LOAN0184,CUST0173,23802.66,21299.25,2503.41,2025-03-05,Paid
TXN_LOAN0184_18,LOAN0184,CUST0173,23802.66,21597.17,2205.49,2025-04-05,Paid
TXN_LOAN0184_19,LOAN0184,CUST0173,23802.66,21899.27,1903.39,2025-05-05,Paid
TXN_LOAN0184_20,LOAN0184,CUST0173,23802.66,22205.58,1597.08,2025-06-05,Paid
TXN_LOAN0184_21,LOAN0184,CUST0173,23802.66,22516.19,1286.47,2025-07-05,Paid
TXN_LOAN0184_22,LOAN0184,CUST0173,23802.66,22831.14,971.52,2025-08-05,Paid
TXN_LOAN0184_23,LOAN0184,CUST0173,23802.66,23150.49,652.17,2025-09-05,Paid
TXN_LOAN0184_24,LOAN0184,CUST0173,23802.66,23474.28,328.38,2025-10-05,Paid
TXN_LOAN0185_1,LOAN0185,CUST0030,6929.64,4291.14,2638.5,2023-07-20,Paid
TXN_LOAN0185_2,LOAN0185,CUST0030,6929.64,4334.2,2595.44,2023-08-20,Paid
TXN_LOAN0185_3,LOAN0185,CUST0030,6929.64,4377.69,2551.95,2023-09-20,Paid
TXN_LOAN0185_4,LOAN0185,CUST0030,6929.64,4421.62,2508.02,2023-10-20,Paid
TXN_LOAN0185_5,LOAN0185,CUST0030,6929.64,4465.99,2463.65,2023-11-20,Paid
TXN_LOAN0185_6,LOAN0185,CUST0030,6929.64,4510.8,2418.84,2023-12-20,Paid
TXN_LOAN0185_7,LOAN0185,CUST0030,6929.64,4556.06,2373.58,2024-01-20,Paid
TXN_LOAN0185_8,LOAN0185,CUST0030,6929.64,4601.78,2327.86,2024-02-20,Paid
TXN_LOAN0185_9,LOAN0185,CUST0030,6929.64,4647.96,2281.68,2024-03-20,Paid
TXN_LOAN0185_10,LOAN0185,CUST0030,6929.64,4694.6,2235.04,2024-04-20,Paid
TXN_LOAN0185_11,LOAN0185,CUST0030,6929.64,4741.71,2187.93,2024-05-20,Paid
TXN_LOAN0185_12,LOAN0185,CUST0030,6929.64,4789.29,2140.35,2024-06-20,Paid
TXN_LOAN0185_13,LOAN0185,CUST0030,6929.64,4837.34,2092.3,2024-07-20,Paid
TXN_LOAN0185_14,LOAN0185,CUST0030,6929.64,4885.88,2043.76,2024-08-20,Missed
TXN_LOAN0185_15,LOAN0185,CUST0030,6929.64,4934.91,1994.73,2024-09-20,Paid
TXN_LOAN0185_16,LOAN0185,CUST0030,6929.64,4984.43,1945.21,2024-10-20,Paid
TXN_LOAN0185_17,LOAN0185,CUST0030,6929.64,5034.45,1895.19,2024-11-20,Paid
TXN_LOAN0185_18,LOAN0185,CUST0030,6929.64,5084.97,1844.67,2024-12-20,Paid
TXN_LOAN0185_19,LOAN0185,CUST0030,6929.64,5135.99,1793.65,2025-01-20,Paid
TXN_LOAN0185_20,LOAN0185,CUST0030,6929.64,5187.53,1742.11,2025-02-20,Missed
TXN_LOAN0185_21,LOAN0185,CUST0030,6929.64,5239.58,1690.06,2025-03-20,Paid
TXN_LOAN0185_22,LOAN0185,CUST0030,6929.64,5292.16,1637.48,2025-04-20,Paid
TXN_LOAN0185_23,LOAN0185,CUST0030,6929.64,5345.26,1584.38,2025-05-20,Paid
TXN_LOAN0185_24,LOAN0185,CUST0030,6929.64,5398.9,1530.74,2025-06-20,Paid
TXN_LOAN0185_25,LOAN0185,CUST0030,6929.64,5453.08,1476.56,2025-07-20,Paid
TXN_LOAN0185_26,LOAN0185,CUST0030,6929.64,5507.79,1421.85,2025-08-20,Paid
TXN_LOAN0185_27,LOAN0185,CUST0030,6929.64,5563.06,1366.58,2025-09-20,Paid
TXN_LOAN0185_28,LOAN0185,CUST0030,6929.64,5618.88,1310.76,2025-10-20,Paid
TXN_LOAN0185_29,LOAN0185,CUST0030,6929.64,5675.27,1254.37,2025-11-20,Paid
TXN_LOAN0185_30,LOAN0185,CUST0030,6929.64,5732.22,1197.42,2025-12-20,Paid
TXN_LOAN0185_31,LOAN0185,CUST0030,6929.64,5789.74,1139.9,2026-01-20,Paid
TXN_LOAN0185_32,LOAN0185,CUST0030,6929.64,5847.83,1081.81,2026-02-20,Paid
TXN_LOAN0185_33,LOAN0185,CUST0030,6929.64,5906.51,1023.13,2026-03-20,Paid
TXN_LOAN0185_34,LOAN0185,CUST0030,6929.64,5965.78,963.86,2026-04-20,Missed
TXN_LOAN0185_35,LOAN0185,CUST0030,6929.64,6025.65,903.99,2026-05-20,Paid
TXN_LOAN0185_36,LOAN0185,CUST0030,6929.64,6086.11,843.53,2026-06-20,Paid
TXN_LOAN0185_37,LOAN0185,CUST0030,6929.64,6147.18,782.46,2026-07-20,Missed
TXN_LOAN0185_38,LOAN0185,CUST0030,6929.64,6208.87,720.77,2026-08-20,Paid
TXN_LOAN0185_39,LOAN0185,CUST0030,6929.64,6271.17,658.47,2026-09-20,Paid
TXN_LOAN0185_40,LOAN0185,CUST0030,6929.64,6334.1,595.54,2026-10-20,Paid
TXN_LOAN0185_41,LOAN0185,CUST0030,6929.64,6397.66,531.98,2026-11-20,Paid
TXN_LOAN0185_42,LOAN0185,CUST0030,6929.64,6461.85,467.79,2026-12-20,Paid
TXN_LOAN0185_43,LOAN0185,CUST0030,6929.64,6526.69,402.95,2027-01-20,Paid
TXN_LOAN0185_44,LOAN0185,CUST0030,6929.64,6592.19,337.45,2027-02-20,Paid
TXN_LOAN0185_45,LOAN0185,CUST0030,6929.64,6658.34,271.3,2027-03-20,Paid
TXN_LOAN0185_46,LOAN0185,CUST0030,6929.64,6725.15,204.49,2027-04-20,Paid
TXN_LOAN0185_47,LOAN0185,CUST0030,6929.64,6792.63,137.01,2027-05-20,Missed
TXN_LOAN0185_48,LOAN0185,CUST0030,6929.64,6861.01,68.63,2027-06-20,Paid
TXN_LOAN0186_1,LOAN0186,CUST0144,38938.49,31113.09,7825.4,2023-08-08,Paid
TXN_LOAN0186_2,LOAN0186,CUST0144,38938.49,31405.3,7533.19,2023-09-08,Paid
TXN_LOAN0186_3,LOAN0186,CUST0144,38938.49,31700.25,7238.24,2023-10-08,Paid
TXN_LOAN0186_4,LOAN0186,CUST0144,38938.49,31997.98,6940.51,2023-11-08,Paid
TXN_LOAN0186_5,LOAN0186,CUST0144,38938.49,32298.5,6639.99,2023-12-08,Paid
TXN_LOAN0186_6,LOAN0186,CUST0144,38938.49,32601.85,6336.64,2024-01-08,Paid
TXN_LOAN0186_7,LOAN0186,CUST0144,38938.49,32908.05,6030.44,2024-02-08,Paid
TXN_LOAN0186_8,LOAN0186,CUST0144,38938.49,33217.12,5721.37,2024-03-08,Paid
TXN_LOAN0186_9,LOAN0186,CUST0144,38938.49,33529.09,5409.4,2024-04-08,Paid
TXN_LOAN0186_10,LOAN0186,CUST0144,38938.49,33843.99,5094.5,2024-05-08,Paid
TXN_LOAN0186_11,LOAN0186,CUST0144,38938.49,34161.85,4776.64,2024-06-08,Paid
TXN_LOAN0186_12,LOAN0186,CUST0144,38938.49,34482.7,4455.79,2024-07-08,Paid
TXN_LOAN0186_13,LOAN0186,CUST0144,38938.49,34806.56,4131.93,2024-08-08,Missed
TXN_LOAN0186_14,LOAN0186,CUST0144,38938.49,35133.46,3805.03,2024-09-08,Missed
TXN_LOAN0186_15,LOAN0186,CUST0144,38938.49,35463.43,3475.06,2024-10-08,Paid
TXN_LOAN0186_16,LOAN0186,CUST0144,38938.49,35796.5,3141.99,2024-11-08,Paid
TXN_LOAN0186_17,LOAN0186,CUST0144,38938.49,36132.7,2805.79,2024-12-08,Paid
TXN_LOAN0186_18,LOAN0186,CUST0144,38938.49,36472.06,2466.43,2025-01-08,Paid
TXN_LOAN0186_19,LOAN0186,CUST0144,38938.49,36814.6,2123.89,2025-02-08,Paid
TXN_LOAN0186_20,LOAN0186,CUST0144,38938.49,37160.36,1778.13,2025-03-08,Paid
TXN_LOAN0186_21,LOAN0186,CUST0144,38938.49,37509.37,1429.12,2025-04-08,Paid
TXN_LOAN0186_22,LOAN0186,CUST0144,38938.49,37861.65,1076.84,2025-05-08,Paid
TXN_LOAN0186_23,LOAN0186,CUST0144,38938.49,38217.25,721.24,2025-06-08,Paid
TXN_LOAN0186_24,LOAN0186,CUST0144,38938.49,38576.29,362.2,2025-07-08,Paid
TXN_LOAN0187_1,LOAN0187,CUST0168,13053.67,7283.36,5770.31,2024-01-19,Paid
TXN_LOAN0187_2,LOAN0187,CUST0168,13053.67,7372.44,5681.23,2024-02-19,Paid
TXN_LOAN0187_3,LOAN0187,CUST0168,13053.67,7462.6,5591.07,2024-03-19,Paid
TXN_LOAN0187_4,LOAN0187,CUST0168,13053.67,7553.87,5499.8,2024-04-19,Paid
TXN_LOAN0187_5,LOAN0187,CUST0168,13053.67,7646.25,5407.42,2024-05-19,Paid
TXN_LOAN0187_6,LOAN0187,CUST0168,13053.67,7739.77,5313.9,2024-06-19,Paid
TXN_LOAN0187_7,LOAN0187,CUST0168,13053.67,7834.42,5219.25,2024-07-19,Missed
TXN_LOAN0187_8,LOAN0187,CUST0168,13053.67,7930.24,5123.43,2024-08-19,Paid
TXN_LOAN0187_9,LOAN0187,CUST0168,13053.67,8027.22,5026.45,2024-09-19,Paid
TXN_LOAN0187_10,LOAN0187,CUST0168,13053.67,8125.4,4928.27,2024-10-19,Paid
TXN_LOAN0187_11,LOAN0187,CUST0168,13053.67,8224.77,4828.9,2024-11-19,Paid
TXN_LOAN0187_12,LOAN0187,CUST0168,13053.67,8325.36,4728.31,2024-12-19,Missed
TXN_LOAN0187_13,LOAN0187,CUST0168,13053.67,8427.18,4626.49,2025-01-19,Paid
TXN_LOAN0187_14,LOAN0187,CUST0168,13053.67,8530.24,4523.43,2025-02-19,Paid
TXN_LOAN0187_15,LOAN0187,CUST0168,13053.67,8634.56,4419.11,2025-03-19,Paid
TXN_LOAN0187_16,LOAN0187,CUST0168,13053.67,8740.16,4313.51,2025-04-19,Paid
TXN_LOAN0187_17,LOAN0187,CUST0168,13053.67,8847.06,4206.61,2025-05-19,Paid
TXN_LOAN0187_18,LOAN0187,CUST0168,13053.67,8955.26,4098.41,2025-06-19,Paid
TXN_LOAN0187_19,LOAN0187,CUST0168,13053.67,9064.78,3988.89,2025-07-19,Paid
TXN_LOAN0187_20,LOAN0187,CUST0168,13053.67,9175.64,3878.03,2025-08-19,Paid
TXN_LOAN0187_21,LOAN0187,CUST0168,13053.67,9287.86,3765.81,2025-09-19,Paid
TXN_LOAN0187_22,LOAN0187,CUST0168,13053.67,9401.45,3652.22,2025-10-19,Paid
TXN_LOAN0187_23,LOAN0187,CUST0168,13053.67,9516.43,3537.24,2025-11-19,Paid
TXN_LOAN0187_24,LOAN0187,CUST0168,13053.67,9632.81,3420.86,2025-12-19,Paid
TXN_LOAN0187_25,LOAN0187,CUST0168,13053.67,9750.62,3303.05,2026-01-19,Paid
TXN_LOAN0187_26,LOAN0187,CUST0168,13053.67,9869.87,3183.8,2026-02-19,Paid
TXN_LOAN0187_27,LOAN0187,CUST0168,13053.67,9990.58,3063.09,2026-03-19,Paid
TXN_LOAN0187_28,LOAN0187,CUST0168,13053.67,10112.76,2940.91,2026-04-19,Paid
TXN_LOAN0187_29,LOAN0187,CUST0168,13053.67,10236.44,2817.23,2026-05-19,Paid
TXN_LOAN0187_30,LOAN0187,CUST0168,13053.67,10361.63,2692.04,2026-06-19,Paid
TXN_LOAN0187_31,LOAN0187,CUST0168,13053.67,10488.35,2565.32,2026-07-19,Paid
TXN_LOAN0187_32,LOAN0187,CUST0168,13053.67,10616.63,2437.04,2026-08-19,Paid
TXN_LOAN0187_33,LOAN0187,CUST0168,13053.67,10746.47,2307.2,2026-09-19,Paid
TXN_LOAN0187_34,LOAN0187,CUST0168,13053.67,10877.9,2175.77,2026-10-19,Paid
TXN_LOAN0187_35,LOAN0187,CUST0168,13053.67,11010.93,2042.74,2026-11-19,Paid
TXN_LOAN0187_36,LOAN0187,CUST0168,13053.67,11145.59,1908.08,2026-12-19,Paid
TXN_LOAN0187_37,LOAN0187,CUST0168,13053.67,11281.9,1771.77,2027-01-19,Paid
TXN_LOAN0187_38,LOAN0187,CUST0168,13053.67,11419.88,1633.79,2027-02-19,Paid
TXN_LOAN0187_39,LOAN0187,CUST0168,13053.67,11559.55,1494.12,2027-03-19,Paid
TXN_LOAN0187_40,LOAN0187,CUST0168,13053.67,11700.92,1352.75,2027-04-19,Paid
TXN_LOAN0187_41,LOAN0187,CUST0168,13053.67,11844.02,1209.65,2027-05-19,Paid
TXN_LOAN0187_42,LOAN0187,CUST0168,13053.67,11988.87,1064.8,2027-06-19,Paid
TXN_LOAN0187_43,LOAN0187,CUST0168,13053.67,12135.5,918.17,2027-07-19,Paid
TXN_LOAN0187_44,LOAN0187,CUST0168,13053.67,12283.91,769.76,2027-08-19,Missed
TXN_LOAN0187_45,LOAN0187,CUST0168,13053.67,12434.14,619.53,2027-09-19,Missed
TXN_LOAN0187_46,LOAN0187,CUST0168,13053.67,12586.21,467.46,2027-10-19,Paid
TXN_LOAN0187_47,LOAN0187,CUST0168,13053.67,12740.14,313.53,2027-11-19,Missed
TXN_LOAN0187_48,LOAN0187,CUST0168,13053.67,12896.06,157.61,2027-12-19,Paid
TXN_LOAN0188_1,LOAN0188,CUST0019,37176.32,27010.83,10165.49,2023-08-03,Paid
TXN_LOAN0188_2,LOAN0188,CUST0019,37176.32,27372.75,9803.57,2023-09-03,Paid
TXN_LOAN0188_3,LOAN0188,CUST0019,37176.32,27739.5,9436.82,2023-10-03,Missed
TXN_LOAN0188_4,LOAN0188,CUST0019,37176.32,28111.18,9065.14,2023-11-03,Paid
TXN_LOAN0188_5,LOAN0188,CUST0019,37176.32,28487.83,8688.49,2023-12-03,Paid
TXN_LOAN0188_6,LOAN0188,CUST0019,37176.32,28869.53,8306.79,2024-01-03,Paid
TXN_LOAN0188_7,LOAN0188,CUST0019,37176.32,29256.35,7919.97,2024-02-03,Paid
TXN_LOAN0188_8,LOAN0188,CUST0019,37176.32,29648.34,7527.98,2024-03-03,Paid
TXN_LOAN0188_9,LOAN0188,CUST0019,37176.32,30045.59,7130.73,2024-04-03,Paid
TXN_LOAN0188_10,LOAN0188,CUST0019,37176.32,30448.17,6728.15,2024-05-03,Paid
TXN_LOAN0188_11,LOAN0188,CUST0019,37176.32,30856.13,6320.19,2024-06-03,Paid
TXN_LOAN0188_12,LOAN0188,CUST0019,37176.32,31269.57,5906.75,2024-07-03,Paid
TXN_LOAN0188_13,LOAN0188,CUST0019,37176.32,31688.54,5487.78,2024-08-03,Paid
TXN_LOAN0188_14,LOAN0188,CUST0019,37176.32,32113.12,5063.2,2024-09-03,Paid
TXN_LOAN0188_15,LOAN0188,CUST0019,37176.32,32543.4,4632.92,2024-10-03,Paid
TXN_LOAN0188_16,LOAN0188,CUST0019,37176.32,32979.44,4196.88,2024-11-03,Paid
TXN_LOAN0188_17,LOAN0188,CUST0019,37176.32,33421.32,3755.0,2024-12-03,Paid
TXN_LOAN0188_18,LOAN0188,CUST0019,37176.32,33869.12,3307.2,2025-01-03,Paid
TXN_LOAN0188_19,LOAN0188,CUST0019,37176.32,34322.93,2853.39,2025-02-03,Paid
TXN_LOAN0188_20,LOAN0188,CUST0019,37176.32,34782.81,2393.51,2025-03-03,Paid
TXN_LOAN0188_21,LOAN0188,CUST0019,37176.32,35248.85,1927.47,2025-04-03,Paid
TXN_LOAN0188_22,LOAN0188,CUST0019,37176.32,35721.14,1455.18,2025-05-03,Paid
TXN_LOAN0188_23,LOAN0188,CUST0019,37176.32,36199.76,976.56,2025-06-03,Paid
TXN_LOAN0188_24,LOAN0188,CUST0019,37176.32,36684.8,491.52,2025-07-03,Paid
TXN_LOAN0189_1,LOAN0189,CUST0018,56431.31,48317.99,8113.32,2023-02-03,Paid
TXN_LOAN0189_2,LOAN0189,CUST0018,56431.31,48947.04,7484.27,2023-03-03,Paid
TXN_LOAN0189_3,LOAN0189,CUST0018,56431.31,49584.28,6847.03,2023-04-03,Paid
TXN_LOAN0189_4,LOAN0189,CUST0018,56431.31,50229.82,6201.49,2023-05-03,Paid
TXN_LOAN0189_5,LOAN0189,CUST0018,56431.31,50883.77,5547.54,2023-06-03,Paid
TXN_LOAN0189_6,LOAN0189,CUST0018,56431.31,51546.23,4885.08,2023-07-03,Paid
TXN_LOAN0189_7,LOAN0189,CUST0018,56431.31,52217.31,4214.0,2023-08-03,Paid
TXN_LOAN0189_8,LOAN0189,CUST0018,56431.31,52897.13,3534.18,2023-09-03,Paid
TXN_LOAN0189_9,LOAN0189,CUST0018,56431.31,53585.8,2845.51,2023-10-03,Paid
TXN_LOAN0189_10,LOAN0189,CUST0018,56431.31,54283.43,2147.88,2023-11-03,Paid
TXN_LOAN0189_11,LOAN0189,CUST0018,56431.31,54990.15,1441.16,2023-12-03,Paid
TXN_LOAN0189_12,LOAN0189,CUST0018,56431.31,55706.05,725.26,2024-01-03,Paid
TXN_LOAN0190_1,LOAN0190,CUST0001,20174.86,14687.3,5487.56,2023-08-10,Paid
TXN_LOAN0190_2,LOAN0190,CUST0001,20174.86,14882.87,5291.99,2023-09-10,Paid
TXN_LOAN0190_3,LOAN0190,CUST0001,20174.86,15081.03,5093.83,2023-10-10,Paid
TXN_LOAN0190_4,LOAN0190,CUST0001,20174.86,15281.84,4893.02,2023-11-10,Paid
TXN_LOAN0190_5,LOAN0190,CUST0001,20174.86,15485.32,4689.54,2023-12-10,Paid
TXN_LOAN0190_6,LOAN0190,CUST0001,20174.86,15691.51,4483.35,2024-01-10,Paid
TXN_LOAN0190_7,LOAN0190,CUST0001,20174.86,15900.44,4274.42,2024-02-10,Paid
TXN_LOAN0190_8,LOAN0190,CUST0001,20174.86,16112.16,4062.7,2024-03-10,Paid
TXN_LOAN0190_9,LOAN0190,CUST0001,20174.86,16326.69,3848.17,2024-04-10,Paid
TXN_LOAN0190_10,LOAN0190,CUST0001,20174.86,16544.08,3630.78,2024-05-10,Paid
TXN_LOAN0190_11,LOAN0190,CUST0001,20174.86,16764.37,3410.49,2024-06-10,Paid
TXN_LOAN0190_12,LOAN0190,CUST0001,20174.86,16987.59,3187.27,2024-07-10,Missed
TXN_LOAN0190_13,LOAN0190,CUST0001,20174.86,17213.78,2961.08,2024-08-10,Paid
TXN_LOAN0190_14,LOAN0190,CUST0001,20174.86,17442.98,2731.88,2024-09-10,Paid
TXN_LOAN0190_15,LOAN0190,CUST0001,20174.86,17675.24,2499.62,2024-10-10,Paid
TXN_LOAN0190_16,LOAN0190,CUST0001,20174.86,17910.59,2264.27,2024-11-10,Paid
TXN_LOAN0190_17,LOAN0190,CUST0001,20174.86,18149.07,2025.79,2024-12-10,Paid
TXN_LOAN0190_18,LOAN0190,CUST0001,20174.86,18390.73,1784.13,2025-01-10,Paid
TXN_LOAN0190_19,LOAN0190,CUST0001,20174.86,18635.6,1539.26,2025-02-10,Missed
TXN_LOAN0190_20,LOAN0190,CUST0001,20174.86,18883.74,1291.12,2025-03-10,Paid
TXN_LOAN0190_21,LOAN0190,CUST0001,20174.86,19135.18,1039.68,2025-04-10,Paid
TXN_LOAN0190_22,LOAN0190,CUST0001,20174.86,19389.96,784.9,2025-05-10,Paid
TXN_LOAN0190_23,LOAN0190,CUST0001,20174.86,19648.14,526.72,2025-06-10,Paid
TXN_LOAN0190_24,LOAN0190,CUST0001,20174.86,19909.79,265.07,2025-07-10,Paid
TXN_LOAN0191_1,LOAN0191,CUST0078,21763.18,19245.8,2517.38,2023-05-28,Paid
TXN_LOAN0191_2,LOAN0191,CUST0078,21763.18,19443.97,2319.21,2023-06-28,Paid
TXN_LOAN0191_3,LOAN0191,CUST0078,21763.18,19644.17,2119.01,2023-07-28,Paid
TXN_LOAN0191_4,LOAN0191,CUST0078,21763.18,19846.44,1916.74,2023-08-28,Paid
TXN_LOAN0191_5,LOAN0191,CUST0078,21763.18,20050.79,1712.39,2023-09-28,Paid
TXN_LOAN0191_6,LOAN0191,CUST0078,21763.18,20257.24,1505.94,2023-10-28,Paid
TXN_LOAN0191_7,LOAN0191,CUST0078,21763.18,20465.82,1297.36,2023-11-28,Missed
TXN_LOAN0191_8,LOAN0191,CUST0078,21763.18,20676.55,1086.63,2023-12-28,Paid
TXN_LOAN0191_9,LOAN0191,CUST0078,21763.18,20889.45,873.73,2024-01-28,Paid
TXN_LOAN0191_10,LOAN0191,CUST0078,21763.18,21104.53,658.65,2024-02-28,Paid
TXN_LOAN0191_11,LOAN0191,CUST0078,21763.18,21321.84,441.34,2024-03-28,Paid
TXN_LOAN0191_12,LOAN0191,CUST0078,21763.18,21541.4,221.78,2024-04-28,Missed
TXN_LOAN0192_1,LOAN0192,CUST0115,66981.35,57037.66,9943.69,2023-02-19,Paid
TXN_LOAN0192_2,LOAN0192,CUST0115,66981.35,57806.63,9174.72,2023-03-19,Paid
TXN_LOAN0192_3,LOAN0192,CUST0115,66981.35,58585.98,8395.37,2023-04-19,Paid
TXN_LOAN0192_4,LOAN0192,CUST0115,66981.35,59375.83,7605.52,2023-05-19,Paid
TXN_LOAN0192_5,LOAN0192,CUST0115,66981.35,60176.34,6805.01,2023-06-19,Paid
TXN_LOAN0192_6,LOAN0192,CUST0115,66981.35,60987.63,5993.72,2023-07-19,Paid
TXN_LOAN0192_7,LOAN0192,CUST0115,66981.35,61809.86,5171.49,2023-08-19,Paid
TXN_LOAN0192_8,LOAN0192,CUST0115,66981.35,62643.18,4338.17,2023-09-19,Missed
TXN_LOAN0192_9,LOAN0192,CUST0115,66981.35,63487.73,3493.62,2023-10-19,Paid
TXN_LOAN0192_10,LOAN0192,CUST0115,66981.35,64343.67,2637.68,2023-11-19,Paid
TXN_LOAN0192_11,LOAN0192,CUST0115,66981.35,65211.15,1770.2,2023-12-19,Paid
TXN_LOAN0192_12,LOAN0192,CUST0115,66981.35,66090.34,891.01,2024-01-19,Paid
TXN_LOAN0193_1,LOAN0193,CUST0175,20166.37,16788.21,3378.16,2023-02-23,Paid
TXN_LOAN0193_2,LOAN0193,CUST0175,20166.37,16916.94,3249.43,2023-03-23,Missed
TXN_LOAN0193_3,LOAN0193,CUST0175,20166.37,17046.67,3119.7,2023-04-23,Paid
TXN_LOAN0193_4,LOAN0193,CUST0175,20166.37,17177.39,2988.98,2023-05-23,Missed
TXN_LOAN0193_5,LOAN0193,CUST0175,20166.37,17309.11,2857.26,2023-06-23,Paid
TXN_LOAN0193_6,LOAN0193,CUST0175,20166.37,17441.85,2724.52,2023-07-23,Paid
TXN_LOAN0193_7,LOAN0193,CUST0175,20166.37,17575.6,2590.77,2023-08-23,Paid
TXN_LOAN0193_8,LOAN0193,CUST0175,20166.37,17710.38,2455.99,2023-09-23,Paid
TXN_LOAN0193_9,LOAN0193,CUST0175,20166.37,17846.19,2320.18,2023-10-23,Paid
TXN_LOAN0193_10,LOAN0193,CUST0175,20166.37,17983.04,2183.33,2023-11-23,Paid
TXN_LOAN0193_11,LOAN0193,CUST0175,20166.37,18120.94,2045.43,2023-12-23,Paid
TXN_LOAN0193_12,LOAN0193,CUST0175,20166.37,18259.9,1906.47,2024-01-23,Paid
TXN_LOAN0193_13,LOAN0193,CUST0175,20166.37,18399.92,1766.45,2024-02-23,Missed
TXN_LOAN0193_14,LOAN0193,CUST0175,20166.37,18541.02,1625.35,2024-03-23,Paid
TXN_LOAN0193_15,LOAN0193,CUST0175,20166.37,18683.2,1483.17,2024-04-23,Paid
TXN_LOAN0193_16,LOAN0193,CUST0175,20166.37,18826.47,1339.9,2024-05-23,Paid
TXN_LOAN0193_17,LOAN0193,CUST0175,20166.37,18970.84,1195.53,2024-06-23,Paid
TXN_LOAN0193_18,LOAN0193,CUST0175,20166.37,19116.32,1050.05,2024-07-23,Paid
TXN_LOAN0193_19,LOAN0193,CUST0175,20166.37,19262.91,903.46,2024-08-23,Missed
TXN_LOAN0193_20,LOAN0193,CUST0175,20166.37,19410.62,755.75,2024-09-23,Paid
TXN_LOAN0193_21,LOAN0193,CUST0175,20166.37,19559.47,606.9,2024-10-23,Paid
TXN_LOAN0193_22,LOAN0193,CUST0175,20166.37,19709.46,456.91,2024-11-23,Paid
TXN_LOAN0193_23,LOAN0193,CUST0175,20166.37,19860.6,305.77,2024-12-23,Paid
TXN_LOAN0193_24,LOAN0193,CUST0175,20166.37,20012.95,153.42,2025-01-23,Paid
TXN_LOAN0194_1,LOAN0194,CUST0194,75386.2,65951.72,9434.48,2023-02-28,Paid
TXN_LOAN0194_2,LOAN0194,CUST0194,75386.2,66690.65,8695.55,2023-03-30,Paid
TXN_LOAN0194_3,LOAN0194,CUST0194,75386.2,67437.85,7948.35,2023-04-30,Paid
TXN_LOAN0194_4,LOAN0194,CUST0194,75386.2,68193.43,7192.77,2023-05-30,Paid
TXN_LOAN0194_5,LOAN0194,CUST0194,75386.2,68957.48,6428.72,2023-06-30,Paid
TXN_LOAN0194_6,LOAN0194,CUST0194,75386.2,69730.08,5656.12,2023-07-30,Paid
TXN_LOAN0194_7,LOAN0194,CUST0194,75386.2,70511.34,4874.86,2023-08-30,Missed
TXN_LOAN0194_8,LOAN0194,CUST0194,75386.2,71301.36,4084.84,2023-09-30,Paid
TXN_LOAN0194_9,LOAN0194,CUST0194,75386.2,72100.22,3285.98,2023-10-30,Missed
TXN_LOAN0194_10,LOAN0194,CUST0194,75386.2,72908.04,2478.16,2023-11-30,Paid
TXN_LOAN0194_11,LOAN0194,CUST0194,75386.2,73724.91,1661.29,2023-12-30,Paid
TXN_LOAN0194_12,LOAN0194,CUST0194,75386.2,74550.92,835.28,2024-01-30,Paid
TXN_LOAN0195_1,LOAN0195,CUST0113,17420.41,12634.31,4786.1,2023-11-22,Paid
TXN_LOAN0195_2,LOAN0195,CUST0113,17420.41,12719.15,4701.26,2023-12-22,Paid
TXN_LOAN0195_3,LOAN0195,CUST0113,17420.41,12804.55,4615.86,2024-01-22,Paid
TXN_LOAN0195_4,LOAN0195,CUST0113,17420.41,12890.53,4529.88,2024-02-22,Paid
TXN_LOAN0195_5,LOAN0195,CUST0113,17420.41,12977.08,4443.33,2024-03-22,Paid
TXN_LOAN0195_6,LOAN0195,CUST0113,17420.41,13064.22,4356.19,2024-04-22,Paid
TXN_LOAN0195_7,LOAN0195,CUST0113,17420.41,13151.94,4268.47,2024-05-22,Paid
TXN_LOAN0195_8,LOAN0195,CUST0113,17420.41,13240.25,4180.16,2024-06-22,Paid
TXN_LOAN0195_9,LOAN0195,CUST0113,17420.41,13329.16,4091.25,2024-07-22,Missed
TXN_LOAN0195_10,LOAN0195,CUST0113,17420.41,13418.66,4001.75,2024-08-22,Paid
TXN_LOAN0195_11,LOAN0195,CUST0113,17420.41,13508.76,3911.65,2024-09-22,Paid
TXN_LOAN0195_12,LOAN0195,CUST0113,17420.41,13599.47,3820.94,2024-10-22,Paid
TXN_LOAN0195_13,LOAN0195,CUST0113,17420.41,13690.78,3729.63,2024-11-22,Paid
TXN_LOAN0195_14,LOAN0195,CUST0113,17420.41,13782.71,3637.7,2024-12-22,Paid
TXN_LOAN0195_15,LOAN0195,CUST0113,17420.41,13875.26,3545.15,2025-01-22,Paid
TXN_LOAN0195_16,LOAN0195,CUST0113,17420.41,13968.42,3451.99,2025-02-22,Paid
TXN_LOAN0195_17,LOAN0195,CUST0113,17420.41,14062.22,3358.19,2025-03-22,Paid
TXN_LOAN0195_18,LOAN0195,CUST0113,17420.41,14156.64,3263.77,2025-04-22,Paid
TXN_LOAN0195_19,LOAN0195,CUST0113,17420.41,14251.7,3168.71,2025-05-22,Paid
TXN_LOAN0195_20,LOAN0195,CUST0113,17420.41,14347.39,3073.02,2025-06-22,Paid
TXN_LOAN0195_21,LOAN0195,CUST0113,17420.41,14443.73,2976.68,2025-07-22,Paid
TXN_LOAN0195_22,LOAN0195,CUST0113,17420.41,14540.72,2879.69,2025-08-22,Paid
TXN_LOAN0195_23,LOAN0195,CUST0113,17420.41,14638.35,2782.06,2025-09-22,Paid
TXN_LOAN0195_24,LOAN0195,CUST0113,17420.41,14736.64,2683.77,2025-10-22,Missed
TXN_LOAN0195_25,LOAN0195,CUST0113,17420.41,14835.59,2584.82,2025-11-22,Paid
TXN_LOAN0195_26,LOAN0195,CUST0113,17420.41,14935.21,2485.2,2025-12-22,Paid
TXN_LOAN0195_27,LOAN0195,CUST0113,17420.41,15035.49,2384.92,2026-01-22,Paid
TXN_LOAN0195_28,LOAN0195,CUST0113,17420.41,15136.45,2283.96,2026-02-22,Paid
TXN_LOAN0195_29,LOAN0195,CUST0113,17420.41,15238.09,2182.32,2026-03-22,Missed
TXN_LOAN0195_30,LOAN0195,CUST0113,17420.41,15340.41,2080.0,2026-04-22,Paid
TXN_LOAN0195_31,LOAN0195,CUST0113,17420.41,15443.41,1977.0,2026-05-22,Paid
TXN_LOAN0195_32,LOAN0195,CUST0113,17420.41,15547.11,1873.3,2026-06-22,Paid
TXN_LOAN0195_33,LOAN0195,CUST0113,17420.41,15651.5,1768.91,2026-07-22,Paid
TXN_LOAN0195_34,LOAN0195,CUST0113,17420.41,15756.6,1663.81,2026-08-22,Paid
TXN_LOAN0195_35,LOAN0195,CUST0113,17420.41,15862.4,1558.01,2026-09-22,Paid
TXN_LOAN0195_36,LOAN0195,CUST0113,17420.41,15968.91,1451.5,2026-10-22,Paid
TXN_LOAN0195_37,LOAN0195,CUST0113,17420.41,16076.13,1344.28,2026-11-22,Paid
TXN_LOAN0195_38,LOAN0195,CUST0113,17420.41,16184.08,1236.33,2026-12-22,Paid
TXN_LOAN0195_39,LOAN0195,CUST0113,17420.41,16292.75,1127.66,2027-01-22,Paid
TXN_LOAN0195_40,LOAN0195,CUST0113,17420.41,16402.15,1018.26,2027-02-22,Missed
TXN_LOAN0195_41,LOAN0195,CUST0113,17420.41,16512.29,908.12,2027-03-22,Paid
TXN_LOAN0195_42,LOAN0195,CUST0113,17420.41,16623.16,797.25,2027-04-22,Paid
TXN_LOAN0195_43,LOAN0195,CUST0113,17420.41,16734.78,685.63,2027-05-22,Paid
TXN_LOAN0195_44,LOAN0195,CUST0113,17420.41,16847.15,573.26,2027-06-22,Paid
TXN_LOAN0195_45,LOAN0195,CUST0113,17420.41,16960.27,460.14,2027-07-22,Paid
TXN_LOAN0195_46,LOAN0195,CUST0113,17420.41,17074.15,346.26,2027-08-22,Paid
TXN_LOAN0195_47,LOAN0195,CUST0113,17420.41,17188.8,231.61,2027-09-22,Paid
TXN_LOAN0195_48,LOAN0195,CUST0113,17420.41,17304.48,115.93,2027-10-22,Paid
TXN_LOAN0196_1,LOAN0196,CUST0114,27903.62,19944.47,7959.15,2023-05-18,Paid
TXN_LOAN0196_2,LOAN0196,CUST0114,27903.62,20131.38,7772.24,2023-06-18,Paid
TXN_LOAN0196_3,LOAN0196,CUST0114,27903.62,20320.04,7583.58,2023-07-18,Paid
TXN_LOAN0196_4,LOAN0196,CUST0114,27903.62,20510.47,7393.15,2023-08-18,Missed
TXN_LOAN0196_5,LOAN0196,CUST0114,27903.62,20702.68,7200.94,2023-09-18,Paid
TXN_LOAN0196_6,LOAN0196,CUST0114,27903.62,20896.7,7006.92,2023-10-18,Paid
TXN_LOAN0196_7,LOAN0196,CUST0114,27903.62,21092.54,6811.08,2023-11-18,Paid
TXN_LOAN0196_8,LOAN0196,CUST0114,27903.62,21290.21,6613.41,2023-12-18,Paid
TXN_LOAN0196_9,LOAN0196,CUST0114,27903.62,21489.73,6413.89,2024-01-18,Paid
TXN_LOAN0196_10,LOAN0196,CUST0114,27903.62,21691.12,6212.5,2024-02-18,Paid
TXN_LOAN0196_11,LOAN0196,CUST0114,27903.62,21894.4,6009.22,2024-03-18,Paid
TXN_LOAN0196_12,LOAN0196,CUST0114,27903.62,22099.58,5804.04,2024-04-18,Paid
TXN_LOAN0196_13,LOAN0196,CUST0114,27903.62,22306.69,5596.93,2024-05-18,Paid
TXN_LOAN0196_14,LOAN0196,CUST0114,27903.62,22515.74,5387.88,2024-06-18,Paid
TXN_LOAN0196_15,LOAN0196,CUST0114,27903.62,22726.75,5176.87,2024-07-18,Paid
TXN_LOAN0196_16,LOAN0196,CUST0114,27903.62,22939.73,4963.89,2024-08-18,Paid
TXN_LOAN0196_17,LOAN0196,CUST0114,27903.62,23154.71,4748.91,2024-09-18,Paid
TXN_LOAN0196_18,LOAN0196,CUST0114,27903.62,23371.71,4531.91,2024-10-18,Paid
TXN_LOAN0196_19,LOAN0196,CUST0114,27903.62,23590.74,4312.88,2024-11-18,Paid
TXN_LOAN0196_20,LOAN0196,CUST0114,27903.62,23811.82,4091.8,2024-12-18,Paid
TXN_LOAN0196_21,LOAN0196,CUST0114,27903.62,24034.97,3868.65,2025-01-18,Paid
TXN_LOAN0196_22,LOAN0196,CUST0114,27903.62,24260.22,3643.4,2025-02-18,Paid
TXN_LOAN0196_23,LOAN0196,CUST0114,27903.62,24487.57,3416.05,2025-03-18,Missed
TXN_LOAN0196_24,LOAN0196,CUST0114,27903.62,24717.06,3186.56,2025-04-18,Paid
TXN_LOAN0196_25,LOAN0196,CUST0114,27903.62,24948.7,2954.92,2025-05-18,Paid
TXN_LOAN0196_26,LOAN0196,CUST0114,27903.62,25182.5,2721.12,2025-06-18,Paid
TXN_LOAN0196_27,LOAN0196,CUST0114,27903.62,25418.5,2485.12,2025-07-18,Paid
TXN_LOAN0196_28,LOAN0196,CUST0114,27903.62,25656.71,2246.91,2025-08-18,Paid
TXN_LOAN0196_29,LOAN0196,CUST0114,27903.62,25897.16,2006.46,2025-09-18,Paid
TXN_LOAN0196_30,LOAN0196,CUST0114,27903.62,26139.85,1763.77,2025-10-18,Paid
TXN_LOAN0196_31,LOAN0196,CUST0114,27903.62,26384.82,1518.8,2025-11-18,Paid
TXN_LOAN0196_32,LOAN0196,CUST0114,27903.62,26632.09,1271.53,2025-12-18,Paid
TXN_LOAN0196_33,LOAN0196,CUST0114,27903.62,26881.67,1021.95,2026-01-18,Paid
TXN_LOAN0196_34,LOAN0196,CUST0114,27903.62,27133.6,770.02,2026-02-18,Paid
TXN_LOAN0196_35,LOAN0196,CUST0114,27903.62,27387.88,515.74,2026-03-18,Paid
TXN_LOAN0196_36,LOAN0196,CUST0114,27903.62,27644.49,259.13,2026-04-18,Paid
TXN_LOAN0197_1,LOAN0197,CUST0166,13677.76,10843.93,2833.83,2023-11-08,Paid
TXN_LOAN0197_2,LOAN0197,CUST0166,13677.76,10949.34,2728.42,2023-12-08,Paid
TXN_LOAN0197_3,LOAN0197,CUST0166,13677.76,11055.77,2621.99,2024-01-08,Paid
TXN_LOAN0197_4,LOAN0197,CUST0166,13677.76,11163.24,2514.52,2024-02-08,Paid
TXN_LOAN0197_5,LOAN0197,CUST0166,13677.76,11271.75,2406.01,2024-03-08,Paid
TXN_LOAN0197_6,LOAN0197,CUST0166,13677.76,11381.32,2296.44,2024-04-08,Paid
TXN_LOAN0197_7,LOAN0197,CUST0166,13677.76,11491.95,2185.81,2024-05-08,Missed
TXN_LOAN0197_8,LOAN0197,CUST0166,13677.76,11603.66,2074.1,2024-06-08,Paid
TXN_LOAN0197_9,LOAN0197,CUST0166,13677.76,11716.45,1961.31,2024-07-08,Paid
TXN_LOAN0197_10,LOAN0197,CUST0166,13677.76,11830.34,1847.42,2024-08-08,Paid
TXN_LOAN0197_11,LOAN0197,CUST0166,13677.76,11945.34,1732.42,2024-09-08,Paid
TXN_LOAN0197_12,LOAN0197,CUST0166,13677.76,12061.45,1616.31,2024-10-08,Paid
TXN_LOAN0197_13,LOAN0197,CUST0166,13677.76,12178.7,1499.06,2024-11-08,Paid
TXN_LOAN0197_14,LOAN0197,CUST0166,13677.76,12297.08,1380.68,2024-12-08,Paid
TXN_LOAN0197_15,LOAN0197,CUST0166,13677.76,12416.61,1261.15,2025-01-08,Paid
TXN_LOAN0197_16,LOAN0197,CUST0166,13677.76,12537.31,1140.45,2025-02-08,Missed
TXN_LOAN0197_17,LOAN0197,CUST0166,13677.76,12659.18,1018.58,2025-03-08,Paid
TXN_LOAN0197_18,LOAN0197,CUST0166,13677.76,12782.23,895.53,2025-04-08,Paid
TXN_LOAN0197_19,LOAN0197,CUST0166,13677.76,12906.48,771.28,2025-05-08,Paid
TXN_LOAN0197_20,LOAN0197,CUST0166,13677.76,13031.94,645.82,2025-06-08,Paid
TXN_LOAN0197_21,LOAN0197,CUST0166,13677.76,13158.62,519.14,2025-07-08,Paid
TXN_LOAN0197_22,LOAN0197,CUST0166,13677.76,13286.53,391.23,2025-08-08,Paid
TXN_LOAN0197_23,LOAN0197,CUST0166,13677.76,13415.68,262.08,2025-09-08,Paid
TXN_LOAN0197_24,LOAN0197,CUST0166,13677.76,13546.1,131.66,2025-10-08,Paid
TXN_LOAN0198_1,LOAN0198,CUST0179,26355.5,23398.03,2957.47,2023-06-08,Paid
TXN_LOAN0198_2,LOAN0198,CUST0179,26355.5,23631.27,2724.23,2023-07-08,Paid
TXN_LOAN0198_3,LOAN0198,CUST0179,26355.5,23866.83,2488.67,2023-08-08,Paid
TXN_LOAN0198_4,LOAN0198,CUST0179,26355.5,24104.73,2250.77,2023-09-08,Paid
TXN_LOAN0198_5,LOAN0198,CUST0179,26355.5,24345.01,2010.49,2023-10-08,Paid
TXN_LOAN0198_6,LOAN0198,CUST0179,26355.5,24587.69,1767.81,2023-11-08,Paid
TXN_LOAN0198_7,LOAN0198,CUST0179,26355.5,24832.78,1522.72,2023-12-08,Paid
TXN_LOAN0198_8,LOAN0198,CUST0179,26355.5,25080.31,1275.19,2024-01-08,Paid
TXN_LOAN0198_9,LOAN0198,CUST0179,26355.5,25330.32,1025.18,2024-02-08,Paid
TXN_LOAN0198_10,LOAN0198,CUST0179,26355.5,25582.81,772.69,2024-03-08,Paid
TXN_LOAN0198_11,LOAN0198,CUST0179,26355.5,25837.82,517.68,2024-04-08,Paid
TXN_LOAN0198_12,LOAN0198,CUST0179,26355.5,26095.4,260.1,2024-05-08,Paid
TXN_LOAN0199_1,LOAN0199,CUST0063,47858.62,35552.35,12306.27,2023-09-17,Paid
TXN_LOAN0199_2,LOAN0199,CUST0063,47858.62,35995.41,11863.21,2023-10-17,Paid
TXN_LOAN0199_3,LOAN0199,CUST0063,47858.62,36443.99,11414.63,2023-11-17,Paid
TXN_LOAN0199_4,LOAN0199,CUST0063,47858.62,36898.16,10960.46,2023-12-17,Paid
TXN_LOAN0199_5,LOAN0199,CUST0063,47858.62,37358.0,10500.62,2024-01-17,Missed
TXN_LOAN0199_6,LOAN0199,CUST0063,47858.62,37823.56,10035.06,2024-02-17,Paid
TXN_LOAN0199_7,LOAN0199,CUST0063,47858.62,38294.93,9563.69,2024-03-17,Paid
TXN_LOAN0199_8,LOAN0199,CUST0063,47858.62,38772.17,9086.45,2024-04-17,Paid
TXN_LOAN0199_9,LOAN0199,CUST0063,47858.62,39255.35,8603.27,2024-05-17,Paid
TXN_LOAN0199_10,LOAN0199,CUST0063,47858.62,39744.56,8114.06,2024-06-17,Paid
TXN_LOAN0199_11,LOAN0199,CUST0063,47858.62,40239.87,7618.75,2024-07-17,Paid
TXN_LOAN0199_12,LOAN0199,CUST0063,47858.62,40741.35,7117.27,2024-08-17,Paid
TXN_LOAN0199_13,LOAN0199,CUST0063,47858.62,41249.07,6609.55,2024-09-17,Paid
TXN_LOAN0199_14,LOAN0199,CUST0063,47858.62,41763.13,6095.49,2024-10-17,Paid
TXN_LOAN0199_15,LOAN0199,CUST0063,47858.62,42283.59,5575.03,2024-11-17,Paid
TXN_LOAN0199_16,LOAN0199,CUST0063,47858.62,42810.54,5048.08,2024-12-17,Missed
TXN_LOAN0199_17,LOAN0199,CUST0063,47858.62,43344.05,4514.57,2025-01-17,Paid
TXN_LOAN0199_18,LOAN0199,CUST0063,47858.62,43884.22,3974.4,2025-02-17,Paid
TXN_LOAN0199_19,LOAN0199,CUST0063,47858.62,44431.11,3427.51,2025-03-17,Paid
TXN_LOAN0199_20,LOAN0199,CUST0063,47858.62,44984.82,2873.8,2025-04-17,Paid
TXN_LOAN0199_21,LOAN0199,CUST0063,47858.62,45545.43,2313.19,2025-05-17,Missed
TXN_LOAN0199_22,LOAN0199,CUST0063,47858.62,46113.03,1745.59,2025-06-17,Paid
TXN_LOAN0199_23,LOAN0199,CUST0063,47858.62,46687.7,1170.92,2025-07-17,Paid
TXN_LOAN0199_24,LOAN0199,CUST0063,47858.62,47269.61,589.01,2025-08-17,Paid
TXN_LOAN0200_1,LOAN0200,CUST0132,25475.8,15873.4,9602.4,2023-05-21,Paid
TXN_LOAN0200_2,LOAN0200,CUST0132,25475.8,16030.62,9445.18,2023-06-21,Paid
TXN_LOAN0200_3,LOAN0200,CUST0132,25475.8,16189.4,9286.4,2023-07-21,Paid
TXN_LOAN0200_4,LOAN0200,CUST0132,25475.8,16349.75,9126.05,2023-08-21,Missed
TXN_LOAN0200_5,LOAN0200,CUST0132,25475.8,16511.69,8964.11,2023-09-21,Missed
TXN_LOAN0200_6,LOAN0200,CUST0132,25475.8,16675.23,8800.57,2023-10-21,Missed
TXN_LOAN0200_7,LOAN0200,CUST0132,25475.8,16840.39,8635.41,2023-11-21,Paid
TXN_LOAN0200_8,LOAN0200,CUST0132,25475.8,17007.19,8468.61,2023-12-21,Paid
TXN_LOAN0200_9,LOAN0200,CUST0132,25475.8,17175.64,8300.16,2024-01-21,Paid
TXN_LOAN0200_10,LOAN0200,CUST0132,25475.8,17345.76,8130.04,2024-02-21,Paid
TXN_LOAN0200_11,LOAN0200,CUST0132,25475.8,17517.56,7958.24,2024-03-21,Paid
TXN_LOAN0200_12,LOAN0200,CUST0132,25475.8,17691.07,7784.73,2024-04-21,Paid
TXN_LOAN0200_13,LOAN0200,CUST0132,25475.8,17866.29,7609.51,2024-05-21,Paid
TXN_LOAN0200_14,LOAN0200,CUST0132,25475.8,18043.25,7432.55,2024-06-21,Paid
TXN_LOAN0200_15,LOAN0200,CUST0132,25475.8,18221.96,7253.84,2024-07-21,Missed
TXN_LOAN0200_16,LOAN0200,CUST0132,25475.8,18402.45,7073.35,2024-08-21,Paid
TXN_LOAN0200_17,LOAN0200,CUST0132,25475.8,18584.71,6891.09,2024-09-21,Missed
TXN_LOAN0200_18,LOAN0200,CUST0132,25475.8,18768.79,6707.01,2024-10-21,Paid
TXN_LOAN0200_19,LOAN0200,CUST0132,25475.8,18954.69,6521.11,2024-11-21,Paid
TXN_LOAN0200_20,LOAN0200,CUST0132,25475.8,19142.43,6333.37,2024-12-21,Paid
TXN_LOAN0200_21,LOAN0200,CUST0132,25475.8,19332.03,6143.77,2025-01-21,Paid
TXN_LOAN0200_22,LOAN0200,CUST0132,25475.8,19523.5,5952.3,2025-02-21,Missed
TXN_LOAN0200_23,LOAN0200,CUST0132,25475.8,19716.88,5758.92,2025-03-21,Paid
TXN_LOAN0200_24,LOAN0200,CUST0132,25475.8,19912.17,5563.63,2025-04-21,Paid
TXN_LOAN0200_25,LOAN0200,CUST0132,25475.8,20109.39,5366.41,2025-05-21,Paid
TXN_LOAN0200_26,LOAN0200,CUST0132,25475.8,20308.57,5167.23,2025-06-21,Paid
TXN_LOAN0200_27,LOAN0200,CUST0132,25475.8,20509.72,4966.08,2025-07-21,Paid
TXN_LOAN0200_28,LOAN0200,CUST0132,25475.8,20712.86,4762.94,2025-08-21,Missed
TXN_LOAN0200_29,LOAN0200,CUST0132,25475.8,20918.01,4557.79,2025-09-21,Paid
TXN_LOAN0200_30,LOAN0200,CUST0132,25475.8,21125.2,4350.6,2025-10-21,Paid
TXN_LOAN0200_31,LOAN0200,CUST0132,25475.8,21334.43,4141.37,2025-11-21,Paid
TXN_LOAN0200_32,LOAN0200,CUST0132,25475.8,21545.74,3930.06,2025-12-21,Paid
TXN_LOAN0200_33,LOAN0200,CUST0132,25475.8,21759.15,3716.65,2026-01-21,Paid
TXN_LOAN0200_34,LOAN0200,CUST0132,25475.8,21974.66,3501.14,2026-02-21,Missed
TXN_LOAN0200_35,LOAN0200,CUST0132,25475.8,22192.31,3283.49,2026-03-21,Paid
TXN_LOAN0200_36,LOAN0200,CUST0132,25475.8,22412.12,3063.68,2026-04-21,Paid
TXN_LOAN0200_37,LOAN0200,CUST0132,25475.8,22634.11,2841.69,2026-05-21,Paid
TXN_LOAN0200_38,LOAN0200,CUST0132,25475.8,22858.29,2617.51,2026-06-21,Paid
TXN_LOAN0200_39,LOAN0200,CUST0132,25475.8,23084.69,2391.11,2026-07-21,Paid
TXN_LOAN0200_40,LOAN0200,CUST0132,25475.8,23313.34,2162.46,2026-08-21,Paid
TXN_LOAN0200_41,LOAN0200,CUST0132,25475.8,23544.25,1931.55,2026-09-21,Paid
TXN_LOAN0200_42,LOAN0200,CUST0132,25475.8,23777.45,1698.35,2026-10-21,Paid
TXN_LOAN0200_43,LOAN0200,CUST0132,25475.8,24012.95,1462.85,2026-11-21,Paid
TXN_LOAN0200_44,LOAN0200,CUST0132,25475.8,24250.79,1225.01,2026-12-21,Paid
TXN_LOAN0200_45,LOAN0200,CUST0132,25475.8,24490.99,984.81,2027-01-21,Paid
TXN_LOAN0200_46,LOAN0200,CUST0132,25475.8,24733.56,742.24,2027-02-21,Paid
TXN_LOAN0200_47,LOAN0200,CUST0132,25475.8,24978.54,497.26,2027-03-21,Paid
TXN_LOAN0200_48,LOAN0200,CUST0132,25475.8,25226.03,249.77,2027-04-21,Paid
TXN_LOAN0201_1,LOAN0201,CUST0129,35648.54,27806.22,7842.32,2023-06-16,Paid
TXN_LOAN0201_2,LOAN0201,CUST0129,35648.54,28095.57,7552.97,2023-07-16,Paid
TXN_LOAN0201_3,LOAN0201,CUST0129,35648.54,28387.93,7260.61,2023-08-16,Missed
TXN_LOAN0201_4,LOAN0201,CUST0129,35648.54,28683.32,6965.22,2023-09-16,Paid
TXN_LOAN0201_5,LOAN0201,CUST0129,35648.54,28981.8,6666.74,2023-10-16,Paid
TXN_LOAN0201_6,LOAN0201,CUST0129,35648.54,29283.37,6365.17,2023-11-16,Missed
TXN_LOAN0201_7,LOAN0201,CUST0129,35648.54,29588.09,6060.45,2023-12-16,Paid
TXN_LOAN0201_8,LOAN0201,CUST0129,35648.54,29895.98,5752.56,2024-01-16,Paid
TXN_LOAN0201_9,LOAN0201,CUST0129,35648.54,30207.07,5441.47,2024-02-16,Paid
TXN_LOAN0201_10,LOAN0201,CUST0129,35648.54,30521.4,5127.14,2024-03-16,Paid
TXN_LOAN0201_11,LOAN0201,CUST0129,35648.54,30839.0,4809.54,2024-04-16,Paid
TXN_LOAN0201_12,LOAN0201,CUST0129,35648.54,31159.9,4488.64,2024-05-16,Paid
TXN_LOAN0201_13,LOAN0201,CUST0129,35648.54,31484.14,4164.4,2024-06-16,Paid
TXN_LOAN0201_14,LOAN0201,CUST0129,35648.54,31811.76,3836.78,2024-07-16,Missed
TXN_LOAN0201_15,LOAN0201,CUST0129,35648.54,32142.79,3505.75,2024-08-16,Paid
TXN_LOAN0201_16,LOAN0201,CUST0129,35648.54,32477.26,3171.28,2024-09-16,Paid
TXN_LOAN0201_17,LOAN0201,CUST0129,35648.54,32815.21,2833.33,2024-10-16,Paid
TXN_LOAN0201_18,LOAN0201,CUST0129,35648.54,33156.68,2491.86,2024-11-16,Paid
TXN_LOAN0201_19,LOAN0201,CUST0129,35648.54,33501.7,2146.84,2024-12-16,Paid
TXN_LOAN0201_20,LOAN0201,CUST0129,35648.54,33850.31,1798.23,2025-01-16,Paid
TXN_LOAN0201_21,LOAN0201,CUST0129,35648.54,34202.55,1445.99,2025-02-16,Paid
TXN_LOAN0201_22,LOAN0201,CUST0129,35648.54,34558.45,1090.09,2025-03-16,Paid
TXN_LOAN0201_23,LOAN0201,CUST0129,35648.54,34918.06,730.48,2025-04-16,Paid
TXN_LOAN0201_24,LOAN0201,CUST0129,35648.54,35281.44,367.1,2025-05-16,Paid
TXN_LOAN0202_1,LOAN0202,CUST0008,27824.34,22630.4,5193.94,2024-01-28,Paid
TXN_LOAN0202_2,LOAN0202,CUST0008,27824.34,22826.07,4998.27,2024-02-28,Paid
TXN_LOAN0202_3,LOAN0202,CUST0008,27824.34,23023.43,4800.91,2024-03-28,Paid
TXN_LOAN0202_4,LOAN0202,CUST0008,27824.34,23222.49,4601.85,2024-04-28,Paid
TXN_LOAN0202_5,LOAN0202,CUST0008,27824.34,23423.28,4401.06,2024-05-28,Paid
TXN_LOAN0202_6,LOAN0202,CUST0008,27824.34,23625.8,4198.54,2024-06-28,Paid
TXN_LOAN0202_7,LOAN0202,CUST0008,27824.34,23830.08,3994.26,2024-07-28,Paid
TXN_LOAN0202_8,LOAN0202,CUST0008,27824.34,24036.12,3788.22,2024-08-28,Paid
TXN_LOAN0202_9,LOAN0202,CUST0008,27824.34,24243.94,3580.4,2024-09-28,Paid
TXN_LOAN0202_10,LOAN0202,CUST0008,27824.34,24453.55,3370.79,2024-10-28,Paid
TXN_LOAN0202_11,LOAN0202,CUST0008,27824.34,24664.98,3159.36,2024-11-28,Paid
TXN_LOAN0202_12,LOAN0202,CUST0008,27824.34,24878.24,2946.1,2024-12-28,Paid
TXN_LOAN0202_13,LOAN0202,CUST0008,27824.34,25093.35,2730.99,2025-01-28,Paid
TXN_LOAN0202_14,LOAN0202,CUST0008,27824.34,25310.31,2514.03,2025-02-28,Paid
TXN_LOAN0202_15,LOAN0202,CUST0008,27824.34,25529.15,2295.19,2025-03-28,Paid
TXN_LOAN0202_16,LOAN0202,CUST0008,27824.34,25749.88,2074.46,2025-04-28,Paid
TXN_LOAN0202_17,LOAN0202,CUST0008,27824.34,25972.51,1851.83,2025-05-28,Paid
TXN_LOAN0202_18,LOAN0202,CUST0008,27824.34,26197.08,1627.26,2025-06-28,Paid
TXN_LOAN0202_19,LOAN0202,CUST0008,27824.34,26423.58,1400.76,2025-07-28,Paid
TXN_LOAN0202_20,LOAN0202,CUST0008,27824.34,26652.05,1172.29,2025-08-28,Paid
TXN_LOAN0202_21,LOAN0202,CUST0008,27824.34,26882.49,941.85,2025-09-28,Paid
TXN_LOAN0202_22,LOAN0202,CUST0008,27824.34,27114.92,709.42,2025-10-28,Paid
TXN_LOAN0202_23,LOAN0202,CUST0008,27824.34,27349.36,474.98,2025-11-28,Paid
TXN_LOAN0202_24,LOAN0202,CUST0008,27824.34,27585.94,238.4,2025-12-28,Paid
TXN_LOAN0203_1,LOAN0203,CUST0157,81750.73,72742.03,9008.7,2023-08-05,Paid
TXN_LOAN0203_2,LOAN0203,CUST0157,81750.73,73453.24,8297.49,2023-09-05,Paid
TXN_LOAN0203_3,LOAN0203,CUST0157,81750.73,74171.4,7579.33,2023-10-05,Paid
TXN_LOAN0203_4,LOAN0203,CUST0157,81750.73,74896.58,6854.15,2023-11-05,Paid
TXN_LOAN0203_5,LOAN0203,CUST0157,81750.73,75628.85,6121.88,2023-12-05,Missed
TXN_LOAN0203_6,LOAN0203,CUST0157,81750.73,76368.28,5382.45,2024-01-05,Paid
TXN_LOAN0203_7,LOAN0203,CUST0157,81750.73,77114.94,4635.79,2024-02-05,Paid
TXN_LOAN0203_8,LOAN0203,CUST0157,81750.73,77868.9,3881.83,2024-03-05,Paid
TXN_LOAN0203_9,LOAN0203,CUST0157,81750.73,78630.23,3120.5,2024-04-05,Paid
TXN_LOAN0203_10,LOAN0203,CUST0157,81750.73,79399.01,2351.72,2024-05-05,Paid
TXN_LOAN0203_11,LOAN0203,CUST0157,81750.73,80175.3,1575.43,2024-06-05,Paid
TXN_LOAN0203_12,LOAN0203,CUST0157,81750.73,80959.24,791.49,2024-07-05,Paid
TXN_LOAN0204_1,LOAN0204,CUST0055,7351.38,4882.85,2468.53,2023-06-24,Paid
TXN_LOAN0204_2,LOAN0204,CUST0055,7351.38,4924.65,2426.73,2023-07-24,Paid
TXN_LOAN0204_3,LOAN0204,CUST0055,7351.38,4966.81,2384.57,2023-08-24,Paid
TXN_LOAN0204_4,LOAN0204,CUST0055,7351.38,5009.33,2342.05,2023-09-24,Missed
TXN_LOAN0204_5,LOAN0204,CUST0055,7351.38,5052.21,2299.17,2023-10-24,Paid
TXN_LOAN0204_6,LOAN0204,CUST0055,7351.38,5095.46,2255.92,2023-11-24,Paid
TXN_LOAN0204_7,LOAN0204,CUST0055,7351.38,5139.08,2212.3,2023-12-24,Paid
TXN_LOAN0204_8,LOAN0204,CUST0055,7351.38,5183.07,2168.31,2024-01-24,Paid
TXN_LOAN0204_9,LOAN0204,CUST0055,7351.38,5227.44,2123.94,2024-02-24,Paid
TXN_LOAN0204_10,LOAN0204,CUST0055,7351.38,5272.19,2079.19,2024-03-24,Paid
TXN_LOAN0204_11,LOAN0204,CUST0055,7351.38,5317.33,2034.05,2024-04-24,Paid
TXN_LOAN0204_12,LOAN0204,CUST0055,7351.38,5362.85,1988.53,2024-05-24,Paid
TXN_LOAN0204_13,LOAN0204,CUST0055,7351.38,5408.76,1942.62,2024-06-24,Paid
TXN_LOAN0204_14,LOAN0204,CUST0055,7351.38,5455.06,1896.32,2024-07-24,Paid
TXN_LOAN0204_15,LOAN0204,CUST0055,7351.38,5501.76,1849.62,2024-08-24,Missed
TXN_LOAN0204_16,LOAN0204,CUST0055,7351.38,5548.85,1802.53,2024-09-24,Paid
TXN_LOAN0204_17,LOAN0204,CUST0055,7351.38,5596.36,1755.02,2024-10-24,Paid
TXN_LOAN0204_18,LOAN0204,CUST0055,7351.38,5644.26,1707.12,2024-11-24,Paid
TXN_LOAN0204_19,LOAN0204,CUST0055,7351.38,5692.58,1658.8,2024-12-24,Paid
TXN_LOAN0204_20,LOAN0204,CUST0055,7351.38,5741.31,1610.07,2025-01-24,Paid
TXN_LOAN0204_21,LOAN0204,CUST0055,7351.38,5790.46,1560.92,2025-02-24,Paid
TXN_LOAN0204_22,LOAN0204,CUST0055,7351.38,5840.03,1511.35,2025-03-24,Paid
TXN_LOAN0204_23,LOAN0204,CUST0055,7351.38,5890.03,1461.35,2025-04-24,Paid
TXN_LOAN0204_24,LOAN0204,CUST0055,7351.38,5940.45,1410.93,2025-05-24,Paid
TXN_LOAN0204_25,LOAN0204,CUST0055,7351.38,5991.3,1360.08,2025-06-24,Paid
TXN_LOAN0204_26,LOAN0204,CUST0055,7351.38,6042.59,1308.79,2025-07-24,Paid
TXN_LOAN0204_27,LOAN0204,CUST0055,7351.38,6094.32,1257.06,2025-08-24,Paid
TXN_LOAN0204_28,LOAN0204,CUST0055,7351.38,6146.49,1204.89,2025-09-24,Paid
TXN_LOAN0204_29,LOAN0204,CUST0055,7351.38,6199.11,1152.27,2025-10-24,Paid
TXN_LOAN0204_30,LOAN0204,CUST0055,7351.38,6252.18,1099.2,2025-11-24,Missed
TXN_LOAN0204_31,LOAN0204,CUST0055,7351.38,6305.7,1045.68,2025-12-24,Missed
TXN_LOAN0204_32,LOAN0204,CUST0055,7351.38,6359.68,991.7,2026-01-24,Paid
TXN_LOAN0204_33,LOAN0204,CUST0055,7351.38,6414.12,937.26,2026-02-24,Paid
TXN_LOAN0204_34,LOAN0204,CUST0055,7351.38,6469.03,882.35,2026-03-24,Paid
TXN_LOAN0204_35,LOAN0204,CUST0055,7351.38,6524.41,826.97,2026-04-24,Paid
TXN_LOAN0204_36,LOAN0204,CUST0055,7351.38,6580.26,771.12,2026-05-24,Paid
TXN_LOAN0204_37,LOAN0204,CUST0055,7351.38,6636.59,714.79,2026-06-24,Paid
TXN_LOAN0204_38,LOAN0204,CUST0055,7351.38,6693.4,657.98,2026-07-24,Paid
TXN_LOAN0204_39,LOAN0204,CUST0055,7351.38,6750.7,600.68,2026-08-24,Paid
TXN_LOAN0204_40,LOAN0204,CUST0055,7351.38,6808.49,542.89,2026-09-24,Paid
TXN_LOAN0204_41,LOAN0204,CUST0055,7351.38,6866.78,484.6,2026-10-24,Paid
TXN_LOAN0204_42,LOAN0204,CUST0055,7351.38,6925.56,425.82,2026-11-24,Paid
TXN_LOAN0204_43,LOAN0204,CUST0055,7351.38,6984.85,366.53,2026-12-24,Paid
TXN_LOAN0204_44,LOAN0204,CUST0055,7351.38,7044.64,306.74,2027-01-24,Paid
TXN_LOAN0204_45,LOAN0204,CUST0055,7351.38,7104.95,246.43,2027-02-24,Paid
TXN_LOAN0204_46,LOAN0204,CUST0055,7351.38,7165.77,185.61,2027-03-24,Paid
TXN_LOAN0204_47,LOAN0204,CUST0055,7351.38,7227.12,124.26,2027-04-24,Missed
TXN_LOAN0204_48,LOAN0204,CUST0055,7351.38,7288.78,62.6,2027-05-24,Paid
TXN_LOAN0205_1,LOAN0205,CUST0103,12507.08,9633.87,2873.21,2023-04-13,Paid
TXN_LOAN0205_2,LOAN0205,CUST0103,12507.08,9703.97,2803.11,2023-05-13,Paid
TXN_LOAN0205_3,LOAN0205,CUST0103,12507.08,9774.58,2732.5,2023-06-13,Paid
TXN_LOAN0205_4,LOAN0205,CUST0103,12507.08,9845.71,2661.37,2023-07-13,Paid
TXN_LOAN0205_5,LOAN0205,CUST0103,12507.08,9917.35,2589.73,2023-08-13,Paid
TXN_LOAN0205_6,LOAN0205,CUST0103,12507.08,9989.51,2517.57,2023-09-13,Paid
TXN_LOAN0205_7,LOAN0205,CUST0103,12507.08,10062.2,2444.88,2023-10-13,Missed
TXN_LOAN0205_8,LOAN0205,CUST0103,12507.08,10135.42,2371.66,2023-11-13,Missed
TXN_LOAN0205_9,LOAN0205,CUST0103,12507.08,10209.17,2297.91,2023-12-13,Missed
TXN_LOAN0205_10,LOAN0205,CUST0103,12507.08,10283.46,2223.62,2024-01-13,Paid
TXN_LOAN0205_11,LOAN0205,CUST0103,12507.08,10358.29,2148.79,2024-02-13,Paid
TXN_LOAN0205_12,LOAN0205,CUST0103,12507.08,10433.67,2073.41,2024-03-13,Paid
TXN_LOAN0205_13,LOAN0205,CUST0103,12507.08,10509.59,1997.49,2024-04-13,Paid
TXN_LOAN0205_14,LOAN0205,CUST0103,12507.08,10586.06,1921.02,2024-05-13,Paid
TXN_LOAN0205_15,LOAN0205,CUST0103,12507.08,10663.09,1843.99,2024-06-13,Paid
TXN_LOAN0205_16,LOAN0205,CUST0103,12507.08,10740.68,1766.4,2024-07-13,Paid
TXN_LOAN0205_17,LOAN0205,CUST0103,12507.08,10818.84,1688.24,2024-08-13,Paid
TXN_LOAN0205_18,LOAN0205,CUST0103,12507.08,10897.56,1609.52,2024-09-13,Paid
TXN_LOAN0205_19,LOAN0205,CUST0103,12507.08,10976.86,1530.22,2024-10-13,Paid
TXN_LOAN0205_20,LOAN0205,CUST0103,12507.08,11056.74,1450.34,2024-11-13,Paid
TXN_LOAN0205_21,LOAN0205,CUST0103,12507.08,11137.19,1369.89,2024-12-13,Paid
TXN_LOAN0205_22,LOAN0205,CUST0103,12507.08,11218.23,1288.85,2025-01-13,Paid
TXN_LOAN0205_23,LOAN0205,CUST0103,12507.08,11299.87,1207.21,2025-02-13,Paid
TXN_LOAN0205_24,LOAN0205,CUST0103,12507.08,11382.09,1124.99,2025-03-13,Missed
TXN_LOAN0205_25,LOAN0205,CUST0103,12507.08,11464.91,1042.17,2025-04-13,Paid
TXN_LOAN0205_26,LOAN0205,CUST0103,12507.08,11548.34,958.74,2025-05-13,Missed
TXN_LOAN0205_27,LOAN0205,CUST0103,12507.08,11632.37,874.71,2025-06-13,Paid
TXN_LOAN0205_28,LOAN0205,CUST0103,12507.08,11717.02,790.06,2025-07-13,Paid
TXN_LOAN0205_29,LOAN0205,CUST0103,12507.08,11802.28,704.8,2025-08-13,Paid
TXN_LOAN0205_30,LOAN0205,CUST0103,12507.08,11888.16,618.92,2025-09-13,Paid
TXN_LOAN0205_31,LOAN0205,CUST0103,12507.08,11974.66,532.42,2025-10-13,Paid
TXN_LOAN0205_32,LOAN0205,CUST0103,12507.08,12061.8,445.28,2025-11-13,Paid
TXN_LOAN0205_33,LOAN0205,CUST0103,12507.08,12149.57,357.51,2025-12-13,Paid
TXN_LOAN0205_34,LOAN0205,CUST0103,12507.08,12237.98,269.1,2026-01-13,Paid
TXN_LOAN0205_35,LOAN0205,CUST0103,12507.08,12327.03,180.05,2026-02-13,Paid
TXN_LOAN0205_36,LOAN0205,CUST0103,12507.08,12416.88,90.2,2026-03-13,Paid
TXN_LOAN0206_1,LOAN0206,CUST0131,19060.05,12541.0,6519.05,2023-06-09,Paid
TXN_LOAN0206_2,LOAN0206,CUST0131,19060.05,12687.67,6372.38,2023-07-09,Paid
TXN_LOAN0206_3,LOAN0206,CUST0131,19060.05,12836.06,6223.99,2023-08-09,Paid
TXN_LOAN0206_4,LOAN0206,CUST0131,19060.05,12986.18,6073.87,2023-09-09,Paid
TXN_LOAN0206_5,LOAN0206,CUST0131,19060.05,13138.06,5921.99,2023-10-09,Paid
TXN_LOAN0206_6,LOAN0206,CUST0131,19060.05,13291.71,5768.34,2023-11-09,Paid
TXN_LOAN0206_7,LOAN0206,CUST0131,19060.05,13447.16,5612.89,2023-12-09,Paid
TXN_LOAN0206_8,LOAN0206,CUST0131,19060.05,13604.43,5455.62,2024-01-09,Paid
TXN_LOAN0206_9,LOAN0206,CUST0131,19060.05,13763.54,5296.51,2024-02-09,Paid
TXN_LOAN0206_10,LOAN0206,CUST0131,19060.05,13924.51,5135.54,2024-03-09,Paid
TXN_LOAN0206_11,LOAN0206,CUST0131,19060.05,14087.37,4972.68,2024-04-09,Paid
TXN_LOAN0206_12,LOAN0206,CUST0131,19060.05,14252.12,4807.93,2024-05-09,Paid
TXN_LOAN0206_13,LOAN0206,CUST0131,19060.05,14418.81,4641.24,2024-06-09,Paid
TXN_LOAN0206_14,LOAN0206,CUST0131,19060.05,14587.44,4472.61,2024-07-09,Paid
TXN_LOAN0206_15,LOAN0206,CUST0131,19060.05,14758.05,4302.0,2024-08-09,Paid
TXN_LOAN0206_16,LOAN0206,CUST0131,19060.05,14930.65,4129.4,2024-09-09,Paid
TXN_LOAN0206_17,LOAN0206,CUST0131,19060.05,15105.27,3954.78,2024-10-09,Paid
TXN_LOAN0206_18,LOAN0206,CUST0131,19060.05,15281.93,3778.12,2024-11-09,Paid
TXN_LOAN0206_19,LOAN0206,CUST0131,19060.05,15460.66,3599.39,2024-12-09,Paid
TXN_LOAN0206_20,LOAN0206,CUST0131,19060.05,15641.48,3418.57,2025-01-09,Paid
TXN_LOAN0206_21,LOAN0206,CUST0131,19060.05,15824.41,3235.64,2025-02-09,Paid
TXN_LOAN0206_22,LOAN0206,CUST0131,19060.05,16009.49,3050.56,2025-03-09,Paid
TXN_LOAN0206_23,LOAN0206,CUST0131,19060.05,16196.72,2863.33,2025-04-09,Paid
TXN_LOAN0206_24,LOAN0206,CUST0131,19060.05,16386.15,2673.9,2025-05-09,Paid
TXN_LOAN0206_25,LOAN0206,CUST0131,19060.05,16577.79,2482.26,2025-06-09,Paid
TXN_LOAN0206_26,LOAN0206,CUST0131,19060.05,16771.68,2288.37,2025-07-09,Paid
TXN_LOAN0206_27,LOAN0206,CUST0131,19060.05,16967.83,2092.22,2025-08-09,Paid
TXN_LOAN0206_28,LOAN0206,CUST0131,19060.05,17166.27,1893.78,2025-09-09,Paid
TXN_LOAN0206_29,LOAN0206,CUST0131,19060.05,17367.04,1693.01,2025-10-09,Paid
TXN_LOAN0206_30,LOAN0206,CUST0131,19060.05,17570.15,1489.9,2025-11-09,Paid
TXN_LOAN0206_31,LOAN0206,CUST0131,19060.05,17775.64,1284.41,2025-12-09,Missed
TXN_LOAN0206_32,LOAN0206,CUST0131,19060.05,17983.54,1076.51,2026-01-09,Paid
TXN_LOAN0206_33,LOAN0206,CUST0131,19060.05,18193.86,866.19,2026-02-09,Paid
TXN_LOAN0206_34,LOAN0206,CUST0131,19060.05,18406.65,653.4,2026-03-09,Paid
TXN_LOAN0206_35,LOAN0206,CUST0131,19060.05,18621.92,438.13,2026-04-09,Paid
TXN_LOAN0206_36,LOAN0206,CUST0131,19060.05,18839.76,220.29,2026-05-09,Missed
TXN_LOAN0207_1,LOAN0207,CUST0032,6882.93,5948.35,934.58,2024-01-30,Paid
TXN_LOAN0207_2,LOAN0207,CUST0032,6882.93,6021.13,861.8,2024-02-29,Paid
TXN_LOAN0207_3,LOAN0207,CUST0032,6882.93,6094.8,788.13,2024-03-30,Paid
TXN_LOAN0207_4,LOAN0207,CUST0032,6882.93,6169.37,713.56,2024-04-30,Paid
TXN_LOAN0207_5,LOAN0207,CUST0032,6882.93,6244.85,638.08,2024-05-30,Paid
TXN_LOAN0207_6,LOAN0207,CUST0032,6882.93,6321.26,561.67,2024-06-30,Missed
TXN_LOAN0207_7,LOAN0207,CUST0032,6882.93,6398.6,484.33,2024-07-30,Missed
TXN_LOAN0207_8,LOAN0207,CUST0032,6882.93,6476.89,406.04,2024-08-30,Paid
TXN_LOAN0207_9,LOAN0207,CUST0032,6882.93,6556.13,326.8,2024-09-30,Paid
TXN_LOAN0207_10,LOAN0207,CUST0032,6882.93,6636.35,246.58,2024-10-30,Paid
TXN_LOAN0207_11,LOAN0207,CUST0032,6882.93,6717.54,165.39,2024-11-30,Paid
TXN_LOAN0207_12,LOAN0207,CUST0032,6882.93,6799.73,83.2,2024-12-30,Paid
TXN_LOAN0208_1,LOAN0208,CUST0010,23156.5,17462.29,5694.21,2023-10-18,Paid
TXN_LOAN0208_2,LOAN0208,CUST0010,23156.5,17668.85,5487.65,2023-11-18,Paid
TXN_LOAN0208_3,LOAN0208,CUST0010,23156.5,17877.85,5278.65,2023-12-18,Paid
TXN_LOAN0208_4,LOAN0208,CUST0010,23156.5,18089.33,5067.17,2024-01-18,Missed
TXN_LOAN0208_5,LOAN0208,CUST0010,23156.5,18303.31,4853.19,2024-02-18,Paid
TXN_LOAN0208_6,LOAN0208,CUST0010,23156.5,18519.83,4636.67,2024-03-18,Paid
TXN_LOAN0208_7,LOAN0208,CUST0010,23156.5,18738.9,4417.6,2024-04-18,Paid
TXN_LOAN0208_8,LOAN0208,CUST0010,23156.5,18960.56,4195.94,2024-05-18,Paid
TXN_LOAN0208_9,LOAN0208,CUST0010,23156.5,19184.85,3971.65,2024-06-18,Paid
TXN_LOAN0208_10,LOAN0208,CUST0010,23156.5,19411.79,3744.71,2024-07-18,Paid
TXN_LOAN0208_11,LOAN0208,CUST0010,23156.5,19641.41,3515.09,2024-08-18,Paid
TXN_LOAN0208_12,LOAN0208,CUST0010,23156.5,19873.75,3282.75,2024-09-18,Paid
TXN_LOAN0208_13,LOAN0208,CUST0010,23156.5,20108.84,3047.66,2024-10-18,Paid
TXN_LOAN0208_14,LOAN0208,CUST0010,23156.5,20346.71,2809.79,2024-11-18,Paid
TXN_LOAN0208_15,LOAN0208,CUST0010,23156.5,20587.39,2569.11,2024-12-18,Paid
TXN_LOAN0208_16,LOAN0208,CUST0010,23156.5,20830.92,2325.58,2025-01-18,Paid
TXN_LOAN0208_17,LOAN0208,CUST0010,23156.5,21077.33,2079.17,2025-02-18,Paid
TXN_LOAN0208_18,LOAN0208,CUST0010,23156.5,21326.66,1829.84,2025-03-18,Paid
TXN_LOAN0208_19,LOAN0208,CUST0010,23156.5,21578.93,1577.57,2025-04-18,Paid
TXN_LOAN0208_20,LOAN0208,CUST0010,23156.5,21834.19,1322.31,2025-05-18,Paid
TXN_LOAN0208_21,LOAN0208,CUST0010,23156.5,22092.47,1064.03,2025-06-18,Missed
TXN_LOAN0208_22,LOAN0208,CUST0010,23156.5,22353.8,802.7,2025-07-18,Paid
TXN_LOAN0208_23,LOAN0208,CUST0010,23156.5,22618.23,538.27,2025-08-18,Paid
TXN_LOAN0208_24,LOAN0208,CUST0010,23156.5,22885.81,270.69,2025-09-18,Paid
TXN_LOAN0209_1,LOAN0209,CUST0110,41563.03,36653.99,4909.04,2023-02-03,Paid
TXN_LOAN0209_2,LOAN0209,CUST0110,41563.03,37039.92,4523.11,2023-03-03,Missed
TXN_LOAN0209_3,LOAN0209,CUST0110,41563.03,37429.92,4133.11,2023-04-03,Paid
TXN_LOAN0209_4,LOAN0209,CUST0110,41563.03,37824.02,3739.01,2023-05-03,Paid
TXN_LOAN0209_5,LOAN0209,CUST0110,41563.03,38222.28,3340.75,2023-06-03,Paid
TXN_LOAN0209_6,LOAN0209,CUST0110,41563.03,38624.72,2938.31,2023-07-03,Missed
TXN_LOAN0209_7,LOAN0209,CUST0110,41563.03,39031.41,2531.62,2023-08-03,Missed
TXN_LOAN0209_8,LOAN0209,CUST0110,41563.03,39442.37,2120.66,2023-09-03,Paid
TXN_LOAN0209_9,LOAN0209,CUST0110,41563.03,39857.67,1705.36,2023-10-03,Paid
TXN_LOAN0209_10,LOAN0209,CUST0110,41563.03,40277.33,1285.7,2023-11-03,Paid
TXN_LOAN0209_11,LOAN0209,CUST0110,41563.03,40701.42,861.61,2023-12-03,Paid
TXN_LOAN0209_12,LOAN0209,CUST0110,41563.03,41129.95,433.08,2024-01-03,Paid
TXN_LOAN0210_1,LOAN0210,CUST0162,29358.4,26106.29,3252.11,2023-05-14,Missed
TXN_LOAN0210_2,LOAN0210,CUST0162,29358.4,26362.96,2995.44,2023-06-14,Paid
TXN_LOAN0210_3,LOAN0210,CUST0162,29358.4,26622.14,2736.26,2023-07-14,Missed
TXN_LOAN0210_4,LOAN0210,CUST0162,29358.4,26883.88,2474.52,2023-08-14,Paid
TXN_LOAN0210_5,LOAN0210,CUST0162,29358.4,27148.19,2210.21,2023-09-14,Paid
TXN_LOAN0210_6,LOAN0210,CUST0162,29358.4,27415.1,1943.3,2023-10-14,Paid
TXN_LOAN0210_7,LOAN0210,CUST0162,29358.4,27684.63,1673.77,2023-11-14,Paid
TXN_LOAN0210_8,LOAN0210,CUST0162,29358.4,27956.82,1401.58,2023-12-14,Paid
TXN_LOAN0210_9,LOAN0210,CUST0162,29358.4,28231.68,1126.72,2024-01-14,Paid
TXN_LOAN0210_10,LOAN0210,CUST0162,29358.4,28509.24,849.16,2024-02-14,Missed
TXN_LOAN0210_11,LOAN0210,CUST0162,29358.4,28789.53,568.87,2024-03-14,Paid
TXN_LOAN0210_12,LOAN0210,CUST0162,29358.4,29072.54,285.86,2024-04-14,Paid
TXN_LOAN0211_1,LOAN0211,CUST0124,12337.41,10458.81,1878.6,2023-09-12,Paid
TXN_LOAN0211_2,LOAN0211,CUST0124,12337.41,10603.78,1733.63,2023-10-12,Paid
TXN_LOAN0211_3,LOAN0211,CUST0124,12337.41,10750.76,1586.65,2023-11-12,Paid
TXN_LOAN0211_4,LOAN0211,CUST0124,12337.41,10899.78,1437.63,2023-12-12,Paid
TXN_LOAN0211_5,LOAN0211,CUST0124,12337.41,11050.86,1286.55,2024-01-12,Paid
TXN_LOAN0211_6,LOAN0211,CUST0124,12337.41,11204.04,1133.37,2024-02-12,Paid
TXN_LOAN0211_7,LOAN0211,CUST0124,12337.41,11359.34,978.07,2024-03-12,Paid
TXN_LOAN0211_8,LOAN0211,CUST0124,12337.41,11516.8,820.61,2024-04-12,Missed
TXN_LOAN0211_9,LOAN0211,CUST0124,12337.41,11676.43,660.98,2024-05-12,Paid
TXN_LOAN0211_10,LOAN0211,CUST0124,12337.41,11838.28,499.13,2024-06-12,Paid
TXN_LOAN0211_11,LOAN0211,CUST0124,12337.41,12002.37,335.04,2024-07-12,Paid
TXN_LOAN0211_12,LOAN0211,CUST0124,12337.41,12168.75,168.66,2024-08-12,Paid
TXN_LOAN0212_1,LOAN0212,CUST0087,38356.27,29504.45,8851.82,2023-12-16,Paid
TXN_LOAN0212_2,LOAN0212,CUST0087,38356.27,29828.77,8527.5,2024-01-16,Paid
TXN_LOAN0212_3,LOAN0212,CUST0087,38356.27,30156.66,8199.61,2024-02-16,Paid
TXN_LOAN0212_4,LOAN0212,CUST0087,38356.27,30488.15,7868.12,2024-03-16,Paid
TXN_LOAN0212_5,LOAN0212,CUST0087,38356.27,30823.29,7532.98,2024-04-16,Paid
TXN_LOAN0212_6,LOAN0212,CUST0087,38356.27,31162.11,7194.16,2024-05-16,Paid
TXN_LOAN0212_7,LOAN0212,CUST0087,38356.27,31504.66,6851.61,2024-06-16,Paid
TXN_LOAN0212_8,LOAN0212,CUST0087,38356.27,31850.97,6505.3,2024-07-16,Paid
TXN_LOAN0212_9,LOAN0212,CUST0087,38356.27,32201.08,6155.19,2024-08-16,Paid
TXN_LOAN0212_10,LOAN0212,CUST0087,38356.27,32555.05,5801.22,2024-09-16,Paid
TXN_LOAN0212_11,LOAN0212,CUST0087,38356.27,32912.91,5443.36,2024-10-16,Paid
TXN_LOAN0212_12,LOAN0212,CUST0087,38356.27,33274.7,5081.57,2024-11-16,Paid
TXN_LOAN0212_13,LOAN0212,CUST0087,38356.27,33640.46,4715.81,2024-12-16,Paid
TXN_LOAN0212_14,LOAN0212,CUST0087,38356.27,34010.25,4346.02,2025-01-16,Missed
TXN_LOAN0212_15,LOAN0212,CUST0087,38356.27,34384.1,3972.17,2025-02-16,Paid
TXN_LOAN0212_16,LOAN0212,CUST0087,38356.27,34762.06,3594.21,2025-03-16,Paid
TXN_LOAN0212_17,LOAN0212,CUST0087,38356.27,35144.18,3212.09,2025-04-16,Paid
TXN_LOAN0212_18,LOAN0212,CUST0087,38356.27,35530.5,2825.77,2025-05-16,Paid
TXN_LOAN0212_19,LOAN0212,CUST0087,38356.27,35921.06,2435.21,2025-06-16,Paid
TXN_LOAN0212_20,LOAN0212,CUST0087,38356.27,36315.92,2040.35,2025-07-16,Paid
TXN_LOAN0212_21,LOAN0212,CUST0087,38356.27,36715.12,1641.15,2025-08-16,Paid
TXN_LOAN0212_22,LOAN0212,CUST0087,38356.27,37118.7,1237.57,2025-09-16,Missed
TXN_LOAN0212_23,LOAN0212,CUST0087,38356.27,37526.72,829.55,2025-10-16,Paid
TXN_LOAN0212_24,LOAN0212,CUST0087,38356.27,37939.13,417.14,2025-11-16,Paid
TXN_LOAN0213_1,LOAN0213,CUST0055,8918.08,5360.81,3557.27,2024-01-28,Paid
TXN_LOAN0213_2,LOAN0213,CUST0055,8918.08,5417.96,3500.12,2024-02-28,Paid
TXN_LOAN0213_3,LOAN0213,CUST0055,8918.08,5475.71,3442.37,2024-03-28,Paid
TXN_LOAN0213_4,LOAN0213,CUST0055,8918.08,5534.08,3384.0,2024-04-28,Paid
TXN_LOAN0213_5,LOAN0213,CUST0055,8918.08,5593.08,3325.0,2024-05-28,Paid
TXN_LOAN0213_6,LOAN0213,CUST0055,8918.08,5652.7,3265.38,2024-06-28,Paid
TXN_LOAN0213_7,LOAN0213,CUST0055,8918.08,5712.95,3205.13,2024-07-28,Paid
TXN_LOAN0213_8,LOAN0213,CUST0055,8918.08,5773.85,3144.23,2024-08-28,Paid
TXN_LOAN0213_9,LOAN0213,CUST0055,8918.08,5835.4,3082.68,2024-09-28,Paid
TXN_LOAN0213_10,LOAN0213,CUST0055,8918.08,5897.61,3020.47,2024-10-28,Paid
TXN_LOAN0213_11,LOAN0213,CUST0055,8918.08,5960.47,2957.61,2024-11-28,Paid
TXN_LOAN0213_12,LOAN0213,CUST0055,8918.08,6024.01,2894.07,2024-12-28,Paid
TXN_LOAN0213_13,LOAN0213,CUST0055,8918.08,6088.23,2829.85,2025-01-28,Paid
TXN_LOAN0213_14,LOAN0213,CUST0055,8918.08,6153.13,2764.95,2025-02-28,Paid
TXN_LOAN0213_15,LOAN0213,CUST0055,8918.08,6218.72,2699.36,2025-03-28,Paid
TXN_LOAN0213_16,LOAN0213,CUST0055,8918.08,6285.01,2633.07,2025-04-28,Paid
TXN_LOAN0213_17,LOAN0213,CUST0055,8918.08,6352.01,2566.07,2025-05-28,Paid
TXN_LOAN0213_18,LOAN0213,CUST0055,8918.08,6419.72,2498.36,2025-06-28,Paid
TXN_LOAN0213_19,LOAN0213,CUST0055,8918.08,6488.15,2429.93,2025-07-28,Paid
TXN_LOAN0213_20,LOAN0213,CUST0055,8918.08,6557.31,2360.77,2025-08-28,Paid
TXN_LOAN0213_21,LOAN0213,CUST0055,8918.08,6627.21,2290.87,2025-09-28,Paid
TXN_LOAN0213_22,LOAN0213,CUST0055,8918.08,6697.86,2220.22,2025-10-28,Missed
TXN_LOAN0213_23,LOAN0213,CUST0055,8918.08,6769.26,2148.82,2025-11-28,Paid
TXN_LOAN0213_24,LOAN0213,CUST0055,8918.08,6841.42,2076.66,2025-12-28,Paid
TXN_LOAN0213_25,LOAN0213,CUST0055,8918.08,6914.34,2003.74,2026-01-28,Paid
TXN_LOAN0213_26,LOAN0213,CUST0055,8918.08,6988.05,1930.03,2026-02-28,Paid
TXN_LOAN0213_27,LOAN0213,CUST0055,8918.08,7062.54,1855.54,2026-03-28,Paid
TXN_LOAN0213_28,LOAN0213,CUST0055,8918.08,7137.83,1780.25,2026-04-28,Paid
TXN_LOAN0213_29,LOAN0213,CUST0055,8918.08,7213.92,1704.16,2026-05-28,Paid
TXN_LOAN0213_30,LOAN0213,CUST0055,8918.08,7290.82,1627.26,2026-06-28,Paid
TXN_LOAN0213_31,LOAN0213,CUST0055,8918.08,7368.53,1549.55,2026-07-28,Paid
TXN_LOAN0213_32,LOAN0213,CUST0055,8918.08,7447.08,1471.0,2026-08-28,Missed
TXN_LOAN0213_33,LOAN0213,CUST0055,8918.08,7526.47,1391.61,2026-09-28,Paid
TXN_LOAN0213_34,LOAN0213,CUST0055,8918.08,7606.7,1311.38,2026-10-28,Paid
TXN_LOAN0213_35,LOAN0213,CUST0055,8918.08,7687.78,1230.3,2026-11-28,Paid
TXN_LOAN0213_36,LOAN0213,CUST0055,8918.08,7769.73,1148.35,2026-12-28,Paid
TXN_LOAN0213_37,LOAN0213,CUST0055,8918.08,7852.56,1065.52,2027-01-28,Paid
TXN_LOAN0213_38,LOAN0213,CUST0055,8918.08,7936.27,981.81,2027-02-28,Paid
TXN_LOAN0213_39,LOAN0213,CUST0055,8918.08,8020.86,897.22,2027-03-28,Paid
TXN_LOAN0213_40,LOAN0213,CUST0055,8918.08,8106.37,811.71,2027-04-28,Paid
TXN_LOAN0213_41,LOAN0213,CUST0055,8918.08,8192.78,725.3,2027-05-28,Paid
TXN_LOAN0213_42,LOAN0213,CUST0055,8918.08,8280.11,637.97,2027-06-28,Missed
TXN_LOAN0213_43,LOAN0213,CUST0055,8918.08,8368.38,549.7,2027-07-28,Paid
TXN_LOAN0213_44,LOAN0213,CUST0055,8918.08,8457.58,460.5,2027-08-28,Paid
TXN_LOAN0213_45,LOAN0213,CUST0055,8918.08,8547.74,370.34,2027-09-28,Paid
TXN_LOAN0213_46,LOAN0213,CUST0055,8918.08,8638.86,279.22,2027-10-28,Missed
TXN_LOAN0213_47,LOAN0213,CUST0055,8918.08,8730.95,187.13,2027-11-28,Paid
TXN_LOAN0213_48,LOAN0213,CUST0055,8918.08,8824.09,93.99,2027-12-28,Paid
TXN_LOAN0214_1,LOAN0214,CUST0032,37265.78,34322.26,2943.52,2024-01-20,Missed
TXN_LOAN0214_2,LOAN0214,CUST0032,37265.78,34558.41,2707.37,2024-02-20,Missed
TXN_LOAN0214_3,LOAN0214,CUST0032,37265.78,34796.18,2469.6,2024-03-20,Paid
TXN_LOAN0214_4,LOAN0214,CUST0032,37265.78,35035.59,2230.19,2024-04-20,Paid
TXN_LOAN0214_5,LOAN0214,CUST0032,37265.78,35276.65,1989.13,2024-05-20,Paid
TXN_LOAN0214_6,LOAN0214,CUST0032,37265.78,35519.36,1746.42,2024-06-20,Paid
TXN_LOAN0214_7,LOAN0214,CUST0032,37265.78,35763.75,1502.03,2024-07-20,Paid
TXN_LOAN0214_8,LOAN0214,CUST0032,37265.78,36009.81,1255.97,2024-08-20,Paid
TXN_LOAN0214_9,LOAN0214,CUST0032,37265.78,36257.57,1008.21,2024-09-20,Paid
TXN_LOAN0214_10,LOAN0214,CUST0032,37265.78,36507.04,758.74,2024-10-20,Paid
TXN_LOAN0214_11,LOAN0214,CUST0032,37265.78,36758.22,507.56,2024-11-20,Paid
TXN_LOAN0214_12,LOAN0214,CUST0032,37265.78,37011.16,254.62,2024-12-20,Paid
TXN_LOAN0215_1,LOAN0215,CUST0178,45549.09,36292.81,9256.28,2023-02-10,Paid
TXN_LOAN0215_2,LOAN0215,CUST0178,45549.09,36637.97,8911.12,2023-03-10,Paid
TXN_LOAN0215_3,LOAN0215,CUST0178,45549.09,36986.41,8562.68,2023-04-10,Paid
TXN_LOAN0215_4,LOAN0215,CUST0178,45549.09,37338.17,8210.92,2023-05-10,Missed
TXN_LOAN0215_5,LOAN0215,CUST0178,45549.09,37693.27,7855.82,2023-06-10,Paid
TXN_LOAN0215_6,LOAN0215,CUST0178,45549.09,38051.74,7497.35,2023-07-10,Paid
TXN_LOAN0215_7,LOAN0215,CUST0178,45549.09,38413.63,7135.46,2023-08-10,Paid
TXN_LOAN0215_8,LOAN0215,CUST0178,45549.09,38778.96,6770.13,2023-09-10,Paid
TXN_LOAN0215_9,LOAN0215,CUST0178,45549.09,39147.76,6401.33,2023-10-10,Paid
TXN_LOAN0215_10,LOAN0215,CUST0178,45549.09,39520.07,6029.02,2023-11-10,Paid
TXN_LOAN0215_11,LOAN0215,CUST0178,45549.09,39895.93,5653.16,2023-12-10,Paid
TXN_LOAN0215_12,LOAN0215,CUST0178,45549.09,40275.35,5273.74,2024-01-10,Paid
TXN_LOAN0215_13,LOAN0215,CUST0178,45549.09,40658.39,4890.7,2024-02-10,Paid
TXN_LOAN0215_14,LOAN0215,CUST0178,45549.09,41045.06,4504.03,2024-03-10,Paid
TXN_LOAN0215_15,LOAN0215,CUST0178,45549.09,41435.42,4113.67,2024-04-10,Paid
TXN_LOAN0215_16,LOAN0215,CUST0178,45549.09,41829.49,3719.6,2024-05-10,Paid
TXN_LOAN0215_17,LOAN0215,CUST0178,45549.09,42227.3,3321.79,2024-06-10,Paid
TXN_LOAN0215_18,LOAN0215,CUST0178,45549.09,42628.9,2920.19,2024-07-10,Paid
TXN_LOAN0215_19,LOAN0215,CUST0178,45549.09,43034.32,2514.77,2024-08-10,Paid
TXN_LOAN0215_20,LOAN0215,CUST0178,45549.09,43443.59,2105.5,2024-09-10,Paid
TXN_LOAN0215_21,LOAN0215,CUST0178,45549.09,43856.76,1692.33,2024-10-10,Paid
TXN_LOAN0215_22,LOAN0215,CUST0178,45549.09,44273.85,1275.24,2024-11-10,Paid
TXN_LOAN0215_23,LOAN0215,CUST0178,45549.09,44694.91,854.18,2024-12-10,Paid
TXN_LOAN0215_24,LOAN0215,CUST0178,45549.09,45119.94,429.15,2025-01-10,Paid
TXN_LOAN0216_1,LOAN0216,CUST0135,12584.7,7867.26,4717.44,2023-11-29,Paid
TXN_LOAN0216_2,LOAN0216,CUST0135,12584.7,7944.64,4640.06,2023-12-29,Missed
TXN_LOAN0216_3,LOAN0216,CUST0135,12584.7,8022.77,4561.93,2024-01-29,Paid
TXN_LOAN0216_4,LOAN0216,CUST0135,12584.7,8101.67,4483.03,2024-02-29,Paid
TXN_LOAN0216_5,LOAN0216,CUST0135,12584.7,8181.35,4403.35,2024-03-29,Paid
TXN_LOAN0216_6,LOAN0216,CUST0135,12584.7,8261.82,4322.88,2024-04-29,Paid
TXN_LOAN0216_7,LOAN0216,CUST0135,12584.7,8343.07,4241.63,2024-05-29,Paid
TXN_LOAN0216_8,LOAN0216,CUST0135,12584.7,8425.13,4159.57,2024-06-29,Paid
TXN_LOAN0216_9,LOAN0216,CUST0135,12584.7,8507.99,4076.71,2024-07-29,Paid
TXN_LOAN0216_10,LOAN0216,CUST0135,12584.7,8591.66,3993.04,2024-08-29,Paid
TXN_LOAN0216_11,LOAN0216,CUST0135,12584.7,8676.16,3908.54,2024-09-29,Missed
TXN_LOAN0216_12,LOAN0216,CUST0135,12584.7,8761.49,3823.21,2024-10-29,Paid
TXN_LOAN0216_13,LOAN0216,CUST0135,12584.7,8847.66,3737.04,2024-11-29,Paid
TXN_LOAN0216_14,LOAN0216,CUST0135,12584.7,8934.68,3650.02,2024-12-29,Paid
TXN_LOAN0216_15,LOAN0216,CUST0135,12584.7,9022.55,3562.15,2025-01-29,Paid
TXN_LOAN0216_16,LOAN0216,CUST0135,12584.7,9111.28,3473.42,2025-02-28,Paid
TXN_LOAN0216_17,LOAN0216,CUST0135,12584.7,9200.89,3383.81,2025-03-29,Paid
TXN_LOAN0216_18,LOAN0216,CUST0135,12584.7,9291.38,3293.32,2025-04-29,Missed
TXN_LOAN0216_19,LOAN0216,CUST0135,12584.7,9382.76,3201.94,2025-05-29,Paid
TXN_LOAN0216_20,LOAN0216,CUST0135,12584.7,9475.04,3109.66,2025-06-29,Paid
TXN_LOAN0216_21,LOAN0216,CUST0135,12584.7,9568.23,3016.47,2025-07-29,Paid
TXN_LOAN0216_22,LOAN0216,CUST0135,12584.7,9662.33,2922.37,2025-08-29,Paid
TXN_LOAN0216_23,LOAN0216,CUST0135,12584.7,9757.36,2827.34,2025-09-29,Paid
TXN_LOAN0216_24,LOAN0216,CUST0135,12584.7,9853.33,2731.37,2025-10-29,Paid
TXN_LOAN0216_25,LOAN0216,CUST0135,12584.7,9950.23,2634.47,2025-11-29,Paid
TXN_LOAN0216_26,LOAN0216,CUST0135,12584.7,10048.09,2536.61,2025-12-29,Paid
TXN_LOAN0216_27,LOAN0216,CUST0135,12584.7,10146.92,2437.78,2026-01-29,Paid
TXN_LOAN0216_28,LOAN0216,CUST0135,12584.7,10246.71,2337.99,2026-02-28,Paid
TXN_LOAN0216_29,LOAN0216,CUST0135,12584.7,10347.49,2237.21,2026-03-29,Paid
TXN_LOAN0216_30,LOAN0216,CUST0135,12584.7,10449.25,2135.45,2026-04-29,Paid
TXN_LOAN0216_31,LOAN0216,CUST0135,12584.7,10552.02,2032.68,2026-05-29,Paid
TXN_LOAN0216_32,LOAN0216,CUST0135,12584.7,10655.8,1928.9,2026-06-29,Paid
TXN_LOAN0216_33,LOAN0216,CUST0135,12584.7,10760.6,1824.1,2026-07-29,Paid
TXN_LOAN0216_34,LOAN0216,CUST0135,12584.7,10866.43,1718.27,2026-08-29,Paid
TXN_LOAN0216_35,LOAN0216,CUST0135,12584.7,10973.3,1611.4,2026-09-29,Paid
TXN_LOAN0216_36,LOAN0216,CUST0135,12584.7,11081.22,1503.48,2026-10-29,Paid
TXN_LOAN0216_37,LOAN0216,CUST0135,12584.7,11190.21,1394.49,2026-11-29,Paid
TXN_LOAN0216_38,LOAN0216,CUST0135,12584.7,11300.26,1284.44,2026-12-29,Paid
TXN_LOAN0216_39,LOAN0216,CUST0135,12584.7,11411.4,1173.3,2027-01-29,Paid
TXN_LOAN0216_40,LOAN0216,CUST0135,12584.7,11523.63,1061.07,2027-02-28,Paid
TXN_LOAN0216_41,LOAN0216,CUST0135,12584.7,11636.96,947.74,2027-03-29,Missed
TXN_LOAN0216_42,LOAN0216,CUST0135,12584.7,11751.41,833.29,2027-04-29,Paid
TXN_LOAN0216_43,LOAN0216,CUST0135,12584.7,11866.99,717.71,2027-05-29,Missed
TXN_LOAN0216_44,LOAN0216,CUST0135,12584.7,11983.7,601.0,2027-06-29,Paid
TXN_LOAN0216_45,LOAN0216,CUST0135,12584.7,12101.56,483.14,2027-07-29,Paid
TXN_LOAN0216_46,LOAN0216,CUST0135,12584.7,12220.58,364.12,2027-08-29,Paid
TXN_LOAN0216_47,LOAN0216,CUST0135,12584.7,12340.77,243.93,2027-09-29,Paid
TXN_LOAN0216_48,LOAN0216,CUST0135,12584.7,12461.97,122.73,2027-10-29,Paid
TXN_LOAN0217_1,LOAN0217,CUST0093,40150.68,35635.84,4514.84,2023-09-19,Paid
TXN_LOAN0217_2,LOAN0217,CUST0093,40150.68,35991.85,4158.83,2023-10-19,Paid
TXN_LOAN0217_3,LOAN0217,CUST0093,40150.68,36351.42,3799.26,2023-11-19,Paid
TXN_LOAN0217_4,LOAN0217,CUST0093,40150.68,36714.58,3436.1,2023-12-19,Paid
TXN_LOAN0217_5,LOAN0217,CUST0093,40150.68,37081.36,3069.32,2024-01-19,Paid
TXN_LOAN0217_6,LOAN0217,CUST0093,40150.68,37451.81,2698.87,2024-02-19,Paid
TXN_LOAN0217_7,LOAN0217,CUST0093,40150.68,37825.96,2324.72,2024-03-19,Paid
TXN_LOAN0217_8,LOAN0217,CUST0093,40150.68,38203.85,1946.83,2024-04-19,Paid
TXN_LOAN0217_9,LOAN0217,CUST0093,40150.68,38585.51,1565.17,2024-05-19,Paid
TXN_LOAN0217_10,LOAN0217,CUST0093,40150.68,38970.99,1179.69,2024-06-19,Paid
TXN_LOAN0217_11,LOAN0217,CUST0093,40150.68,39360.32,790.36,2024-07-19,Paid
TXN_LOAN0217_12,LOAN0217,CUST0093,40150.68,39753.51,397.17,2024-08-19,Paid
TXN_LOAN0218_1,LOAN0218,CUST0008,26572.52,17605.1,8967.42,2023-09-07,Paid
TXN_LOAN0218_2,LOAN0218,CUST0008,26572.52,17807.59,8764.93,2023-10-07,Paid
TXN_LOAN0218_3,LOAN0218,CUST0008,26572.52,18012.4,8560.12,2023-11-07,Missed
TXN_LOAN0218_4,LOAN0218,CUST0008,26572.52,18219.57,8352.95,2023-12-07,Paid
TXN_LOAN0218_5,LOAN0218,CUST0008,26572.52,18429.12,8143.4,2024-01-07,Paid
TXN_LOAN0218_6,LOAN0218,CUST0008,26572.52,18641.08,7931.44,2024-02-07,Missed
TXN_LOAN0218_7,LOAN0218,CUST0008,26572.52,18855.48,7717.04,2024-03-07,Paid
TXN_LOAN0218_8,LOAN0218,CUST0008,26572.52,19072.35,7500.17,2024-04-07,Paid
TXN_LOAN0218_9,LOAN0218,CUST0008,26572.52,19291.7,7280.82,2024-05-07,Paid
TXN_LOAN0218_10,LOAN0218,CUST0008,26572.52,19513.59,7058.93,2024-06-07,Paid
TXN_LOAN0218_11,LOAN0218,CUST0008,26572.52,19738.02,6834.5,2024-07-07,Paid
TXN_LOAN0218_12,LOAN0218,CUST0008,26572.52,19965.04,6607.48,2024-08-07,Paid
TXN_LOAN0218_13,LOAN0218,CUST0008,26572.52,20194.66,6377.86,2024-09-07,Paid
TXN_LOAN0218_14,LOAN0218,CUST0008,26572.52,20426.93,6145.59,2024-10-07,Missed
TXN_LOAN0218_15,LOAN0218,CUST0008,26572.52,20661.87,5910.65,2024-11-07,Paid
TXN_LOAN0218_16,LOAN0218,CUST0008,26572.52,20899.51,5673.01,2024-12-07,Paid
TXN_LOAN0218_17,LOAN0218,CUST0008,26572.52,21139.89,5432.63,2025-01-07,Paid
TXN_LOAN0218_18,LOAN0218,CUST0008,26572.52,21383.02,5189.5,2025-02-07,Paid
TXN_LOAN0218_19,LOAN0218,CUST0008,26572.52,21628.96,4943.56,2025-03-07,Paid
TXN_LOAN0218_20,LOAN0218,CUST0008,26572.52,21877.72,4694.8,2025-04-07,Paid
TXN_LOAN0218_21,LOAN0218,CUST0008,26572.52,22129.35,4443.17,2025-05-07,Paid
TXN_LOAN0218_22,LOAN0218,CUST0008,26572.52,22383.87,4188.65,2025-06-07,Paid
TXN_LOAN0218_23,LOAN0218,CUST0008,26572.52,22641.32,3931.2,2025-07-07,Paid
TXN_LOAN0218_24,LOAN0218,CUST0008,26572.52,22901.72,3670.8,2025-08-07,Paid
TXN_LOAN0218_25,LOAN0218,CUST0008,26572.52,23165.13,3407.39,2025-09-07,Paid
TXN_LOAN0218_26,LOAN0218,CUST0008,26572.52,23431.56,3140.96,2025-10-07,Paid
TXN_LOAN0218_27,LOAN0218,CUST0008,26572.52,23701.05,2871.47,2025-11-07,Paid
TXN_LOAN0218_28,LOAN0218,CUST0008,26572.52,23973.65,2598.87,2025-12-07,Paid
TXN_LOAN0218_29,LOAN0218,CUST0008,26572.52,24249.38,2323.14,2026-01-07,Paid
TXN_LOAN0218_30,LOAN0218,CUST0008,26572.52,24528.28,2044.24,2026-02-07,Paid
TXN_LOAN0218_31,LOAN0218,CUST0008,26572.52,24810.4,1762.12,2026-03-07,Paid
TXN_LOAN0218_32,LOAN0218,CUST0008,26572.52,25095.75,1476.77,2026-04-07,Paid
TXN_LOAN0218_33,LOAN0218,CUST0008,26572.52,25384.39,1188.13,2026-05-07,Paid
TXN_LOAN0218_34,LOAN0218,CUST0008,26572.52,25676.34,896.18,2026-06-07,Paid
TXN_LOAN0218_35,LOAN0218,CUST0008,26572.52,25971.66,600.86,2026-07-07,Paid
TXN_LOAN0218_36,LOAN0218,CUST0008,26572.52,26270.55,301.97,2026-08-07,Paid
TXN_LOAN0219_1,LOAN0219,CUST0065,10665.93,6274.89,4391.04,2023-04-07,Paid
TXN_LOAN0219_2,LOAN0219,CUST0065,10665.93,6344.62,4321.31,2023-05-07,Missed
TXN_LOAN0219_3,LOAN0219,CUST0065,10665.93,6415.13,4250.8,2023-06-07,Paid
TXN_LOAN0219_4,LOAN0219,CUST0065,10665.93,6486.43,4179.5,2023-07-07,Paid
TXN_LOAN0219_5,LOAN0219,CUST0065,10665.93,6558.51,4107.42,2023-08-07,Paid
TXN_LOAN0219_6,LOAN0219,CUST0065,10665.93,6631.4,4034.53,2023-09-07,Paid
TXN_LOAN0219_7,LOAN0219,CUST0065,10665.93,6705.1,3960.83,2023-10-07,Paid
TXN_LOAN0219_8,LOAN0219,CUST0065,10665.93,6779.61,3886.32,2023-11-07,Paid
TXN_LOAN0219_9,LOAN0219,CUST0065,10665.93,6854.96,3810.97,2023-12-07,Missed
TXN_LOAN0219_10,LOAN0219,CUST0065,10665.93,6931.14,3734.79,2024-01-07,Missed
TXN_LOAN0219_11,LOAN0219,CUST0065,10665.93,7008.17,3657.76,2024-02-07,Paid
TXN_LOAN0219_12,LOAN0219,CUST0065,10665.93,7086.05,3579.88,2024-03-07,Paid
TXN_LOAN0219_13,LOAN0219,CUST0065,10665.93,7164.8,3501.13,2024-04-07,Paid
TXN_LOAN0219_14,LOAN0219,CUST0065,10665.93,7244.43,3421.5,2024-05-07,Paid
TXN_LOAN0219_15,LOAN0219,CUST0065,10665.93,7324.94,3340.99,2024-06-07,Paid
TXN_LOAN0219_16,LOAN0219,CUST0065,10665.93,7406.34,3259.59,2024-07-07,Paid
TXN_LOAN0219_17,LOAN0219,CUST0065,10665.93,7488.65,3177.28,2024-08-07,Paid
TXN_LOAN0219_18,LOAN0219,CUST0065,10665.93,7571.87,3094.06,2024-09-07,Paid
TXN_LOAN0219_19,LOAN0219,CUST0065,10665.93,7656.02,3009.91,2024-10-07,Paid
TXN_LOAN0219_20,LOAN0219,CUST0065,10665.93,7741.11,2924.82,2024-11-07,Missed
TXN_LOAN0219_21,LOAN0219,CUST0065,10665.93,7827.14,2838.79,2024-12-07,Paid
TXN_LOAN0219_22,LOAN0219,CUST0065,10665.93,7914.12,2751.81,2025-01-07,Paid
TXN_LOAN0219_23,LOAN0219,CUST0065,10665.93,8002.07,2663.86,2025-02-07,Paid
TXN_LOAN0219_24,LOAN0219,CUST0065,10665.93,8091.0,2574.93,2025-03-07,Missed
TXN_LOAN0219_25,LOAN0219,CUST0065,10665.93,8180.92,2485.01,2025-04-07,Paid
TXN_LOAN0219_26,LOAN0219,CUST0065,10665.93,8271.84,2394.09,2025-05-07,Paid
TXN_LOAN0219_27,LOAN0219,CUST0065,10665.93,8363.77,2302.16,2025-06-07,Paid
TXN_LOAN0219_28,LOAN0219,CUST0065,10665.93,8456.72,2209.21,2025-07-07,Paid
TXN_LOAN0219_29,LOAN0219,CUST0065,10665.93,8550.7,2115.23,2025-08-07,Missed
TXN_LOAN0219_30,LOAN0219,CUST0065,10665.93,8645.73,2020.2,2025-09-07,Paid
TXN_LOAN0219_31,LOAN0219,CUST0065,10665.93,8741.81,1924.12,2025-10-07,Paid
TXN_LOAN0219_32,LOAN0219,CUST0065,10665.93,8838.96,1826.97,2025-11-07,Paid
TXN_LOAN0219_33,LOAN0219,CUST0065,10665.93,8937.19,1728.74,2025-12-07,Paid
TXN_LOAN0219_34,LOAN0219,CUST0065,10665.93,9036.51,1629.42,2026-01-07,Paid
TXN_LOAN0219_35,LOAN0219,CUST0065,10665.93,9136.94,1528.99,2026-02-07,Paid
TXN_LOAN0219_36,LOAN0219,CUST0065,10665.93,9238.48,1427.45,2026-03-07,Paid
TXN_LOAN0219_37,LOAN0219,CUST0065,10665.93,9341.15,1324.78,2026-04-07,Paid
TXN_LOAN0219_38,LOAN0219,CUST0065,10665.93,9444.96,1220.97,2026-05-07,Paid
TXN_LOAN0219_39,LOAN0219,CUST0065,10665.93,9549.93,1116.0,2026-06-07,Paid
TXN_LOAN0219_40,LOAN0219,CUST0065,10665.93,9656.06,1009.87,2026-07-07,Paid
TXN_LOAN0219_41,LOAN0219,CUST0065,10665.93,9763.37,902.56,2026-08-07,Paid
TXN_LOAN0219_42,LOAN0219,CUST0065,10665.93,9871.88,794.05,2026-09-07,Paid
TXN_LOAN0219_43,LOAN0219,CUST0065,10665.93,9981.59,684.34,2026-10-07,Paid
TXN_LOAN0219_44,LOAN0219,CUST0065,10665.93,10092.51,573.42,2026-11-07,Missed
TXN_LOAN0219_45,LOAN0219,CUST0065,10665.93,10204.68,461.25,2026-12-07,Paid
TXN_LOAN0219_46,LOAN0219,CUST0065,10665.93,10318.08,347.85,2027-01-07,Paid
TXN_LOAN0219_47,LOAN0219,CUST0065,10665.93,10432.75,233.18,2027-02-07,Paid
TXN_LOAN0219_48,LOAN0219,CUST0065,10665.93,10548.97,116.96,2027-03-07,Missed
TXN_LOAN0220_1,LOAN0220,CUST0057,26352.03,22910.02,3442.01,2023-05-22,Paid
TXN_LOAN0220_2,LOAN0220,CUST0057,26352.03,23178.81,3173.22,2023-06-22,Paid
TXN_LOAN0220_3,LOAN0220,CUST0057,26352.03,23450.76,2901.27,2023-07-22,Paid
TXN_LOAN0220_4,LOAN0220,CUST0057,26352.03,23725.9,2626.13,2023-08-22,Paid
TXN_LOAN0220_5,LOAN0220,CUST0057,26352.03,24004.26,2347.77,2023-09-22,Paid
TXN_LOAN0220_6,LOAN0220,CUST0057,26352.03,24285.89,2066.14,2023-10-22,Paid
TXN_LOAN0220_7,LOAN0220,CUST0057,26352.03,24570.83,1781.2,2023-11-22,Paid
TXN_LOAN0220_8,LOAN0220,CUST0057,26352.03,24859.1,1492.93,2023-12-22,Paid
TXN_LOAN0220_9,LOAN0220,CUST0057,26352.03,25150.77,1201.26,2024-01-22,Paid
TXN_LOAN0220_10,LOAN0220,CUST0057,26352.03,25445.85,906.18,2024-02-22,Missed
TXN_LOAN0220_11,LOAN0220,CUST0057,26352.03,25744.39,607.64,2024-03-22,Paid
TXN_LOAN0220_12,LOAN0220,CUST0057,26352.03,26046.42,305.61,2024-04-22,Paid
TXN_LOAN0221_1,LOAN0221,CUST0067,11199.45,6013.21,5186.24,2023-02-13,Paid
TXN_LOAN0221_2,LOAN0221,CUST0067,11199.45,6091.62,5107.83,2023-03-13,Paid
TXN_LOAN0221_3,LOAN0221,CUST0067,11199.45,6171.06,5028.39,2023-04-13,Paid
TXN_LOAN0221_4,LOAN0221,CUST0067,11199.45,6251.54,4947.91,2023-05-13,Missed
TXN_LOAN0221_5,LOAN0221,CUST0067,11199.45,6333.06,4866.39,2023-06-13,Missed
TXN_LOAN0221_6,LOAN0221,CUST0067,11199.45,6415.65,4783.8,2023-07-13,Paid
TXN_LOAN0221_7,LOAN0221,CUST0067,11199.45,6499.31,4700.14,2023-08-13,Paid
TXN_LOAN0221_8,LOAN0221,CUST0067,11199.45,6584.07,4615.38,2023-09-13,Paid
TXN_LOAN0221_9,LOAN0221,CUST0067,11199.45,6669.93,4529.52,2023-10-13,Paid
TXN_LOAN0221_10,LOAN0221,CUST0067,11199.45,6756.91,4442.54,2023-11-13,Paid
TXN_LOAN0221_11,LOAN0221,CUST0067,11199.45,6845.02,4354.43,2023-12-13,Paid
TXN_LOAN0221_12,LOAN0221,CUST0067,11199.45,6934.29,4265.16,2024-01-13,Paid
TXN_LOAN0221_13,LOAN0221,CUST0067,11199.45,7024.72,4174.73,2024-02-13,Paid
TXN_LOAN0221_14,LOAN0221,CUST0067,11199.45,7116.32,4083.13,2024-03-13,Paid
TXN_LOAN0221_15,LOAN0221,CUST0067,11199.45,7209.12,3990.33,2024-04-13,Paid
TXN_LOAN0221_16,LOAN0221,CUST0067,11199.45,7303.14,3896.31,2024-05-13,Paid
TXN_LOAN0221_17,LOAN0221,CUST0067,11199.45,7398.37,3801.08,2024-06-13,Paid
TXN_LOAN0221_18,LOAN0221,CUST0067,11199.45,7494.85,3704.6,2024-07-13,Paid
TXN_LOAN0221_19,LOAN0221,CUST0067,11199.45,7592.59,3606.86,2024-08-13,Paid
TXN_LOAN0221_20,LOAN0221,CUST0067,11199.45,7691.6,3507.85,2024-09-13,Paid
TXN_LOAN0221_21,LOAN0221,CUST0067,11199.45,7791.91,3407.54,2024-10-13,Paid
TXN_LOAN0221_22,LOAN0221,CUST0067,11199.45,7893.52,3305.93,2024-11-13,Paid
TXN_LOAN0221_23,LOAN0221,CUST0067,11199.45,7996.46,3202.99,2024-12-13,Paid
TXN_LOAN0221_24,LOAN0221,CUST0067,11199.45,8100.74,3098.71,2025-01-13,Paid
TXN_LOAN0221_25,LOAN0221,CUST0067,11199.45,8206.38,2993.07,2025-02-13,Missed
TXN_LOAN0221_26,LOAN0221,CUST0067,11199.45,8313.39,2886.06,2025-03-13,Paid
TXN_LOAN0221_27,LOAN0221,CUST0067,11199.45,8421.81,2777.64,2025-04-13,Paid
TXN_LOAN0221_28,LOAN0221,CUST0067,11199.45,8531.63,2667.82,2025-05-13,Paid
TXN_LOAN0221_29,LOAN0221,CUST0067,11199.45,8642.89,2556.56,2025-06-13,Paid
TXN_LOAN0221_30,LOAN0221,CUST0067,11199.45,8755.6,2443.85,2025-07-13,Paid
TXN_LOAN0221_31,LOAN0221,CUST0067,11199.45,8869.78,2329.67,2025-08-13,Paid
TXN_LOAN0221_32,LOAN0221,CUST0067,11199.45,8985.45,2214.0,2025-09-13,Paid
TXN_LOAN0221_33,LOAN0221,CUST0067,11199.45,9102.62,2096.83,2025-10-13,Missed
TXN_LOAN0221_34,LOAN0221,CUST0067,11199.45,9221.33,1978.12,2025-11-13,Paid
TXN_LOAN0221_35,LOAN0221,CUST0067,11199.45,9341.58,1857.87,2025-12-13,Paid
TXN_LOAN0221_36,LOAN0221,CUST0067,11199.45,9463.4,1736.05,2026-01-13,Paid
TXN_LOAN0221_37,LOAN0221,CUST0067,11199.45,9586.81,1612.64,2026-02-13,Paid
TXN_LOAN0221_38,LOAN0221,CUST0067,11199.45,9711.83,1487.62,2026-03-13,Paid
TXN_LOAN0221_39,LOAN0221,CUST0067,11199.45,9838.48,1360.97,2026-04-13,Paid
TXN_LOAN0221_40,LOAN0221,CUST0067,11199.45,9966.78,1232.67,2026-05-13,Paid
TXN_LOAN0221_41,LOAN0221,CUST0067,11199.45,10096.75,1102.7,2026-06-13,Paid
TXN_LOAN0221_42,LOAN0221,CUST0067,11199.45,10228.42,971.03,2026-07-13,Paid
TXN_LOAN0221_43,LOAN0221,CUST0067,11199.45,10361.81,837.64,2026-08-13,Paid
TXN_LOAN0221_44,LOAN0221,CUST0067,11199.45,10496.93,702.52,2026-09-13,Paid
TXN_LOAN0221_45,LOAN0221,CUST0067,11199.45,10633.82,565.63,2026-10-13,Missed
TXN_LOAN0221_46,LOAN0221,CUST0067,11199.45,10772.49,426.96,2026-11-13,Missed
TXN_LOAN0221_47,LOAN0221,CUST0067,11199.45,10912.97,286.48,2026-12-13,Paid
TXN_LOAN0221_48,LOAN0221,CUST0067,11199.45,11055.04,144.41,2027-01-13,Paid
TXN_LOAN0222_1,LOAN0222,CUST0187,6015.97,3169.33,2846.64,2023-04-27,Paid
TXN_LOAN0222_2,LOAN0222,CUST0187,6015.97,3211.93,2804.04,2023-05-27,Missed
TXN_LOAN0222_3,LOAN0222,CUST0187,6015.97,3255.11,2760.86,2023-06-27,Paid
TXN_LOAN0222_4,LOAN0222,CUST0187,6015.97,3298.86,2717.11,2023-07-27,Paid
TXN_LOAN0222_5,LOAN0222,CUST0187,6015.97,3343.2,2672.77,2023-08-27,Paid
TXN_LOAN0222_6,LOAN0222,CUST0187,6015.97,3388.14,2627.83,2023-09-27,Paid
TXN_LOAN0222_7,LOAN0222,CUST0187,6015.97,3433.68,2582.29,2023-10-27,Paid
TXN_LOAN0222_8,LOAN0222,CUST0187,6015.97,3479.84,2536.13,2023-11-27,Paid
TXN_LOAN0222_9,LOAN0222,CUST0187,6015.97,3526.61,2489.36,2023-12-27,Missed
TXN_LOAN0222_10,LOAN0222,CUST0187,6015.97,3574.01,2441.96,2024-01-27,Paid
TXN_LOAN0222_11,LOAN0222,CUST0187,6015.97,3622.05,2393.92,2024-02-27,Paid
TXN_LOAN0222_12,LOAN0222,CUST0187,6015.97,3670.74,2345.23,2024-03-27,Paid
TXN_LOAN0222_13,LOAN0222,CUST0187,6015.97,3720.08,2295.89,2024-04-27,Paid
TXN_LOAN0222_14,LOAN0222,CUST0187,6015.97,3770.08,2245.89,2024-05-27,Paid
TXN_LOAN0222_15,LOAN0222,CUST0187,6015.97,3820.76,2195.21,2024-06-27,Paid
TXN_LOAN0222_16,LOAN0222,CUST0187,6015.97,3872.12,2143.85,2024-07-27,Paid
TXN_LOAN0222_17,LOAN0222,CUST0187,6015.97,3924.16,2091.81,2024-08-27,Missed
TXN_LOAN0222_18,LOAN0222,CUST0187,6015.97,3976.91,2039.06,2024-09-27,Paid
TXN_LOAN0222_19,LOAN0222,CUST0187,6015.97,4030.37,1985.6,2024-10-27,Paid
TXN_LOAN0222_20,LOAN0222,CUST0187,6015.97,4084.54,1931.43,2024-11-27,Paid
TXN_LOAN0222_21,LOAN0222,CUST0187,6015.97,4139.44,1876.53,2024-12-27,Paid
TXN_LOAN0222_22,LOAN0222,CUST0187,6015.97,4195.08,1820.89,2025-01-27,Missed
TXN_LOAN0222_23,LOAN0222,CUST0187,6015.97,4251.47,1764.5,2025-02-27,Paid
TXN_LOAN0222_24,LOAN0222,CUST0187,6015.97,4308.62,1707.35,2025-03-27,Paid
TXN_LOAN0222_25,LOAN0222,CUST0187,6015.97,4366.53,1649.44,2025-04-27,Paid
TXN_LOAN0222_26,LOAN0222,CUST0187,6015.97,4425.23,1590.74,2025-05-27,Paid
TXN_LOAN0222_27,LOAN0222,CUST0187,6015.97,4484.71,1531.26,2025-06-27,Paid
TXN_LOAN0222_28,LOAN0222,CUST0187,6015.97,4544.99,1470.98,2025-07-27,Paid
TXN_LOAN0222_29,LOAN0222,CUST0187,6015.97,4606.08,1409.89,2025-08-27,Paid
TXN_LOAN0222_30,LOAN0222,CUST0187,6015.97,4667.99,1347.98,2025-09-27,Paid
TXN_LOAN0222_31,LOAN0222,CUST0187,6015.97,4730.74,1285.23,2025-10-27,Paid
TXN_LOAN0222_32,LOAN0222,CUST0187,6015.97,4794.33,1221.64,2025-11-27,Paid
TXN_LOAN0222_33,LOAN0222,CUST0187,6015.97,4858.77,1157.2,2025-12-27,Paid
TXN_LOAN0222_34,LOAN0222,CUST0187,6015.97,4924.08,1091.89,2026-01-27,Paid
TXN_LOAN0222_35,LOAN0222,CUST0187,6015.97,4990.27,1025.7,2026-02-27,Paid
TXN_LOAN0222_36,LOAN0222,CUST0187,6015.97,5057.34,958.63,2026-03-27,Paid
TXN_LOAN0222_37,LOAN0222,CUST0187,6015.97,5125.32,890.65,2026-04-27,Paid
TXN_LOAN0222_38,LOAN0222,CUST0187,6015.97,5194.21,821.76,2026-05-27,Paid
TXN_LOAN0222_39,LOAN0222,CUST0187,6015.97,5264.03,751.94,2026-06-27,Paid
TXN_LOAN0222_40,LOAN0222,CUST0187,6015.97,5334.79,681.18,2026-07-27,Paid
TXN_LOAN0222_41,LOAN0222,CUST0187,6015.97,5406.5,609.47,2026-08-27,Paid
TXN_LOAN0222_42,LOAN0222,CUST0187,6015.97,5479.17,536.8,2026-09-27,Paid
TXN_LOAN0222_43,LOAN0222,CUST0187,6015.97,5552.82,463.15,2026-10-27,Missed
TXN_LOAN0222_44,LOAN0222,CUST0187,6015.97,5627.46,388.51,2026-11-27,Paid
TXN_LOAN0222_45,LOAN0222,CUST0187,6015.97,5703.1,312.87,2026-12-27,Paid
TXN_LOAN0222_46,LOAN0222,CUST0187,6015.97,5779.76,236.21,2027-01-27,Paid
TXN_LOAN0222_47,LOAN0222,CUST0187,6015.97,5857.45,158.52,2027-02-27,Paid
TXN_LOAN0222_48,LOAN0222,CUST0187,6015.97,5936.2,79.77,2027-03-27,Paid
TXN_LOAN0223_1,LOAN0223,CUST0072,6148.08,3362.55,2785.53,2023-09-22,Paid
TXN_LOAN0223_2,LOAN0223,CUST0072,6148.08,3405.09,2742.99,2023-10-22,Paid
TXN_LOAN0223_3,LOAN0223,CUST0072,6148.08,3448.17,2699.91,2023-11-22,Paid
TXN_LOAN0223_4,LOAN0223,CUST0072,6148.08,3491.79,2656.29,2023-12-22,Paid
TXN_LOAN0223_5,LOAN0223,CUST0072,6148.08,3535.97,2612.11,2024-01-22,Paid
TXN_LOAN0223_6,LOAN0223,CUST0072,6148.08,3580.7,2567.38,2024-02-22,Paid
TXN_LOAN0223_7,LOAN0223,CUST0072,6148.08,3626.0,2522.08,2024-03-22,Paid
TXN_LOAN0223_8,LOAN0223,CUST0072,6148.08,3671.87,2476.21,2024-04-22,Paid
TXN_LOAN0223_9,LOAN0223,CUST0072,6148.08,3718.33,2429.75,2024-05-22,Paid
TXN_LOAN0223_10,LOAN0223,CUST0072,6148.08,3765.37,2382.71,2024-06-22,Paid
TXN_LOAN0223_11,LOAN0223,CUST0072,6148.08,3813.0,2335.08,2024-07-22,Paid
TXN_LOAN0223_12,LOAN0223,CUST0072,6148.08,3861.24,2286.84,2024-08-22,Paid
TXN_LOAN0223_13,LOAN0223,CUST0072,6148.08,3910.09,2237.99,2024-09-22,Missed
TXN_LOAN0223_14,LOAN0223,CUST0072,6148.08,3959.56,2188.52,2024-10-22,Paid
TXN_LOAN0223_15,LOAN0223,CUST0072,6148.08,4009.65,2138.43,2024-11-22,Missed
TXN_LOAN0223_16,LOAN0223,CUST0072,6148.08,4060.37,2087.71,2024-12-22,Paid
TXN_LOAN0223_17,LOAN0223,CUST0072,6148.08,4111.74,2036.34,2025-01-22,Paid
TXN_LOAN0223_18,LOAN0223,CUST0072,6148.08,4163.76,1984.32,2025-02-22,Paid
TXN_LOAN0223_19,LOAN0223,CUST0072,6148.08,4216.44,1931.64,2025-03-22,Paid
TXN_LOAN0223_20,LOAN0223,CUST0072,6148.08,4269.78,1878.3,2025-04-22,Paid
TXN_LOAN0223_21,LOAN0223,CUST0072,6148.08,4323.8,1824.28,2025-05-22,Paid
TXN_LOAN0223_22,LOAN0223,CUST0072,6148.08,4378.5,1769.58,2025-06-22,Missed
TXN_LOAN0223_23,LOAN0223,CUST0072,6148.08,4433.89,1714.19,2025-07-22,Paid
TXN_LOAN0223_24,LOAN0223,CUST0072,6148.08,4489.98,1658.1,2025-08-22,Paid
TXN_LOAN0223_25,LOAN0223,CUST0072,6148.08,4546.78,1601.3,2025-09-22,Paid
TXN_LOAN0223_26,LOAN0223,CUST0072,6148.08,4604.31,1543.77,2025-10-22,Paid
TXN_LOAN0223_27,LOAN0223,CUST0072,6148.08,4662.56,1485.52,2025-11-22,Paid
TXN_LOAN0223_28,LOAN0223,CUST0072,6148.08,4721.54,1426.54,2025-12-22,Paid
TXN_LOAN0223_29,LOAN0223,CUST0072,6148.08,4781.27,1366.81,2026-01-22,Paid
TXN_LOAN0223_30,LOAN0223,CUST0072,6148.08,4841.76,1306.32,2026-02-22,Paid
TXN_LOAN0223_31,LOAN0223,CUST0072,6148.08,4903.01,1245.07,2026-03-22,Paid
TXN_LOAN0223_32,LOAN0223,CUST0072,6148.08,4965.04,1183.04,2026-04-22,Paid
TXN_LOAN0223_33,LOAN0223,CUST0072,6148.08,5027.86,1120.22,2026-05-22,Missed
TXN_LOAN0223_34,LOAN0223,CUST0072,6148.08,5091.46,1056.62,2026-06-22,Paid
TXN_LOAN0223_35,LOAN0223,CUST0072,6148.08,5155.88,992.2,2026-07-22,Paid
TXN_LOAN0223_36,LOAN0223,CUST0072,6148.08,5221.1,926.98,2026-08-22,Missed
TXN_LOAN0223_37,LOAN0223,CUST0072,6148.08,5287.16,860.92,2026-09-22,Paid
TXN_LOAN0223_38,LOAN0223,CUST0072,6148.08,5354.04,794.04,2026-10-22,Paid
TXN_LOAN0223_39,LOAN0223,CUST0072,6148.08,5421.78,726.3,2026-11-22,Paid
TXN_LOAN0223_40,LOAN0223,CUST0072,6148.08,5490.37,657.71,2026-12-22,Paid
TXN_LOAN0223_41,LOAN0223,CUST0072,6148.08,5559.83,588.25,2027-01-22,Paid
TXN_LOAN0223_42,LOAN0223,CUST0072,6148.08,5630.16,517.92,2027-02-22,Paid
TXN_LOAN0223_43,LOAN0223,CUST0072,6148.08,5701.39,446.69,2027-03-22,Paid
TXN_LOAN0223_44,LOAN0223,CUST0072,6148.08,5773.52,374.56,2027-04-22,Paid
TXN_LOAN0223_45,LOAN0223,CUST0072,6148.08,5846.56,301.52,2027-05-22,Paid
TXN_LOAN0223_46,LOAN0223,CUST0072,6148.08,5920.53,227.55,2027-06-22,Missed
TXN_LOAN0223_47,LOAN0223,CUST0072,6148.08,5995.43,152.65,2027-07-22,Paid
TXN_LOAN0223_48,LOAN0223,CUST0072,6148.08,6071.02,77.06,2027-08-22,Paid
TXN_LOAN0224_1,LOAN0224,CUST0054,22357.07,11134.18,11222.89,2023-04-30,Paid
TXN_LOAN0224_2,LOAN0224,CUST0054,22357.07,11297.07,11060.0,2023-05-31,Paid
TXN_LOAN0224_3,LOAN0224,CUST0054,22357.07,11462.34,10894.73,2023-06-30,Missed
TXN_LOAN0224_4,LOAN0224,CUST0054,22357.07,11630.02,10727.05,2023-07-31,Paid
TXN_LOAN0224_5,LOAN0224,CUST0054,22357.07,11800.16,10556.91,2023-08-31,Paid
TXN_LOAN0224_6,LOAN0224,CUST0054,22357.07,11972.79,10384.28,2023-09-30,Paid
TXN_LOAN0224_7,LOAN0224,CUST0054,22357.07,12147.95,10209.12,2023-10-31,Paid
TXN_LOAN0224_8,LOAN0224,CUST0054,22357.07,12325.66,10031.41,2023-11-30,Paid
TXN_LOAN0224_9,LOAN0224,CUST0054,22357.07,12505.98,9851.09,2023-12-31,Paid
TXN_LOAN0224_10,LOAN0224,CUST0054,22357.07,12688.94,9668.13,2024-01-31,Missed
TXN_LOAN0224_11,LOAN0224,CUST0054,22357.07,12874.57,9482.5,2024-02-29,Paid
TXN_LOAN0224_12,LOAN0224,CUST0054,22357.07,13062.91,9294.16,2024-03-31,Missed
TXN_LOAN0224_13,LOAN0224,CUST0054,22357.07,13254.02,9103.05,2024-04-30,Paid
TXN_LOAN0224_14,LOAN0224,CUST0054,22357.07,13447.91,8909.16,2024-05-31,Paid
TXN_LOAN0224_15,LOAN0224,CUST0054,22357.07,13644.65,8712.42,2024-06-30,Missed
TXN_LOAN0224_16,LOAN0224,CUST0054,22357.07,13844.26,8512.81,2024-07-31,Missed
TXN_LOAN0224_17,LOAN0224,CUST0054,22357.07,14046.79,8310.28,2024-08-31,Paid
TXN_LOAN0224_18,LOAN0224,CUST0054,22357.07,14252.29,8104.78,2024-09-30,Paid
TXN_LOAN0224_19,LOAN0224,CUST0054,22357.07,14460.79,7896.28,2024-10-31,Paid
TXN_LOAN0224_20,LOAN0224,CUST0054,22357.07,14672.34,7684.73,2024-11-30,Paid
TXN_LOAN0224_21,LOAN0224,CUST0054,22357.07,14886.99,7470.08,2024-12-31,Paid
TXN_LOAN0224_22,LOAN0224,CUST0054,22357.07,15104.78,7252.29,2025-01-31,Paid
TXN_LOAN0224_23,LOAN0224,CUST0054,22357.07,15325.75,7031.32,2025-02-28,Paid
TXN_LOAN0224_24,LOAN0224,CUST0054,22357.07,15549.96,6807.11,2025-03-31,Paid
TXN_LOAN0224_25,LOAN0224,CUST0054,22357.07,15777.44,6579.63,2025-04-30,Paid
TXN_LOAN0224_26,LOAN0224,CUST0054,22357.07,16008.26,6348.81,2025-05-31,Paid
TXN_LOAN0224_27,LOAN0224,CUST0054,22357.07,16242.45,6114.62,2025-06-30,Paid
TXN_LOAN0224_28,LOAN0224,CUST0054,22357.07,16480.06,5877.01,2025-07-31,Paid
TXN_LOAN0224_29,LOAN0224,CUST0054,22357.07,16721.16,5635.91,2025-08-31,Paid
TXN_LOAN0224_30,LOAN0224,CUST0054,22357.07,16965.78,5391.29,2025-09-30,Paid
TXN_LOAN0224_31,LOAN0224,CUST0054,22357.07,17213.97,5143.1,2025-10-31,Missed
TXN_LOAN0224_32,LOAN0224,CUST0054,22357.07,17465.8,4891.27,2025-11-30,Missed
TXN_LOAN0224_33,LOAN0224,CUST0054,22357.07,17721.32,4635.75,2025-12-31,Missed
TXN_LOAN0224_34,LOAN0224,CUST0054,22357.07,17980.57,4376.5,2026-01-31,Paid
TXN_LOAN0224_35,LOAN0224,CUST0054,22357.07,18243.61,4113.46,2026-02-28,Paid
TXN_LOAN0224_36,LOAN0224,CUST0054,22357.07,18510.51,3846.56,2026-03-31,Paid
TXN_LOAN0224_37,LOAN0224,CUST0054,22357.07,18781.3,3575.77,2026-04-30,Paid
TXN_LOAN0224_38,LOAN0224,CUST0054,22357.07,19056.06,3301.01,2026-05-31,Paid
TXN_LOAN0224_39,LOAN0224,CUST0054,22357.07,19334.84,3022.23,2026-06-30,Paid
TXN_LOAN0224_40,LOAN0224,CUST0054,22357.07,19617.7,2739.37,2026-07-31,Paid
TXN_LOAN0224_41,LOAN0224,CUST0054,22357.07,19904.69,2452.38,2026-08-31,Paid
TXN_LOAN0224_42,LOAN0224,CUST0054,22357.07,20195.88,2161.19,2026-09-30,Paid
TXN_LOAN0224_43,LOAN0224,CUST0054,22357.07,20491.34,1865.73,2026-10-31,Paid
TXN_LOAN0224_44,LOAN0224,CUST0054,22357.07,20791.11,1565.96,2026-11-30,Paid
TXN_LOAN0224_45,LOAN0224,CUST0054,22357.07,21095.27,1261.8,2026-12-31,Paid
TXN_LOAN0224_46,LOAN0224,CUST0054,22357.07,21403.88,953.19,2027-01-31,Paid
TXN_LOAN0224_47,LOAN0224,CUST0054,22357.07,21717.01,640.06,2027-02-28,Paid
TXN_LOAN0224_48,LOAN0224,CUST0054,22357.07,22034.89,322.18,2027-03-31,Paid
TXN_LOAN0225_1,LOAN0225,CUST0067,16099.67,11618.71,4480.96,2023-12-10,Missed
TXN_LOAN0225_2,LOAN0225,CUST0067,16099.67,11697.93,4401.74,2024-01-10,Paid
TXN_LOAN0225_3,LOAN0225,CUST0067,16099.67,11777.69,4321.98,2024-02-10,Paid
TXN_LOAN0225_4,LOAN0225,CUST0067,16099.67,11858.0,4241.67,2024-03-10,Paid
TXN_LOAN0225_5,LOAN0225,CUST0067,16099.67,11938.86,4160.81,2024-04-10,Paid
TXN_LOAN0225_6,LOAN0225,CUST0067,16099.67,12020.26,4079.41,2024-05-10,Paid
TXN_LOAN0225_7,LOAN0225,CUST0067,16099.67,12102.23,3997.44,2024-06-10,Paid
TXN_LOAN0225_8,LOAN0225,CUST0067,16099.67,12184.75,3914.92,2024-07-10,Paid
TXN_LOAN0225_9,LOAN0225,CUST0067,16099.67,12267.83,3831.84,2024-08-10,Missed
TXN_LOAN0225_10,LOAN0225,CUST0067,16099.67,12351.48,3748.19,2024-09-10,Paid
TXN_LOAN0225_11,LOAN0225,CUST0067,16099.67,12435.7,3663.97,2024-10-10,Paid
TXN_LOAN0225_12,LOAN0225,CUST0067,16099.67,12520.49,3579.18,2024-11-10,Paid
TXN_LOAN0225_13,LOAN0225,CUST0067,16099.67,12605.86,3493.81,2024-12-10,Paid
TXN_LOAN0225_14,LOAN0225,CUST0067,16099.67,12691.82,3407.85,2025-01-10,Paid
TXN_LOAN0225_15,LOAN0225,CUST0067,16099.67,12778.36,3321.31,2025-02-10,Paid
TXN_LOAN0225_16,LOAN0225,CUST0067,16099.67,12865.49,3234.18,2025-03-10,Paid
TXN_LOAN0225_17,LOAN0225,CUST0067,16099.67,12953.21,3146.46,2025-04-10,Paid
TXN_LOAN0225_18,LOAN0225,CUST0067,16099.67,13041.54,3058.13,2025-05-10,Paid
TXN_LOAN0225_19,LOAN0225,CUST0067,16099.67,13130.46,2969.21,2025-06-10,Paid
TXN_LOAN0225_20,LOAN0225,CUST0067,16099.67,13219.99,2879.68,2025-07-10,Paid
TXN_LOAN0225_21,LOAN0225,CUST0067,16099.67,13310.14,2789.53,2025-08-10,Paid
TXN_LOAN0225_22,LOAN0225,CUST0067,16099.67,13400.89,2698.78,2025-09-10,Missed
TXN_LOAN0225_23,LOAN0225,CUST0067,16099.67,13492.27,2607.4,2025-10-10,Paid
TXN_LOAN0225_24,LOAN0225,CUST0067,16099.67,13584.27,2515.4,2025-11-10,Paid
TXN_LOAN0225_25,LOAN0225,CUST0067,16099.67,13676.89,2422.78,2025-12-10,Paid
TXN_LOAN0225_26,LOAN0225,CUST0067,16099.67,13770.15,2329.52,2026-01-10,Paid
TXN_LOAN0225_27,LOAN0225,CUST0067,16099.67,13864.04,2235.63,2026-02-10,Missed
TXN_LOAN0225_28,LOAN0225,CUST0067,16099.67,13958.58,2141.09,2026-03-10,Paid
TXN_LOAN0225_29,LOAN0225,CUST0067,16099.67,14053.75,2045.92,2026-04-10,Paid
TXN_LOAN0225_30,LOAN0225,CUST0067,16099.67,14149.58,1950.09,2026-05-10,Paid
TXN_LOAN0225_31,LOAN0225,CUST0067,16099.67,14246.06,1853.61,2026-06-10,Paid
TXN_LOAN0225_32,LOAN0225,CUST0067,16099.67,14343.2,1756.47,2026-07-10,Paid
TXN_LOAN0225_33,LOAN0225,CUST0067,16099.67,14441.0,1658.67,2026-08-10,Paid
TXN_LOAN0225_34,LOAN0225,CUST0067,16099.67,14539.47,1560.2,2026-09-10,Paid
TXN_LOAN0225_35,LOAN0225,CUST0067,16099.67,14638.61,1461.06,2026-10-10,Paid
TXN_LOAN0225_36,LOAN0225,CUST0067,16099.67,14738.42,1361.25,2026-11-10,Paid
TXN_LOAN0225_37,LOAN0225,CUST0067,16099.67,14838.92,1260.75,2026-12-10,Missed
TXN_LOAN0225_38,LOAN0225,CUST0067,16099.67,14940.1,1159.57,2027-01-10,Paid
TXN_LOAN0225_39,LOAN0225,CUST0067,16099.67,15041.97,1057.7,2027-02-10,Paid
TXN_LOAN0225_40,LOAN0225,CUST0067,16099.67,15144.53,955.14,2027-03-10,Paid
TXN_LOAN0225_41,LOAN0225,CUST0067,16099.67,15247.8,851.87,2027-04-10,Paid
TXN_LOAN0225_42,LOAN0225,CUST0067,16099.67,15351.77,747.9,2027-05-10,Paid
TXN_LOAN0225_43,LOAN0225,CUST0067,16099.67,15456.44,643.23,2027-06-10,Paid
TXN_LOAN0225_44,LOAN0225,CUST0067,16099.67,15561.84,537.83,2027-07-10,Paid
TXN_LOAN0225_45,LOAN0225,CUST0067,16099.67,15667.95,431.72,2027-08-10,Paid
TXN_LOAN0225_46,LOAN0225,CUST0067,16099.67,15774.78,324.89,2027-09-10,Paid
TXN_LOAN0225_47,LOAN0225,CUST0067,16099.67,15882.34,217.33,2027-10-10,Paid
TXN_LOAN0225_48,LOAN0225,CUST0067,16099.67,15990.58,109.09,2027-11-10,Paid
TXN_LOAN0226_1,LOAN0226,CUST0051,7305.17,4913.15,2392.02,2023-03-23,Paid
TXN_LOAN0226_2,LOAN0226,CUST0051,7305.17,4953.92,2351.25,2023-04-23,Paid
TXN_LOAN0226_3,LOAN0226,CUST0051,7305.17,4995.02,2310.15,2023-05-23,Paid
TXN_LOAN0226_4,LOAN0226,CUST0051,7305.17,5036.47,2268.7,2023-06-23,Missed
TXN_LOAN0226_5,LOAN0226,CUST0051,7305.17,5078.27,2226.9,2023-07-23,Paid
TXN_LOAN0226_6,LOAN0226,CUST0051,7305.17,5120.41,2184.76,2023-08-23,Paid
TXN_LOAN0226_7,LOAN0226,CUST0051,7305.17,5162.9,2142.27,2023-09-23,Paid
TXN_LOAN0226_8,LOAN0226,CUST0051,7305.17,5205.74,2099.43,2023-10-23,Paid
TXN_LOAN0226_9,LOAN0226,CUST0051,7305.17,5248.94,2056.23,2023-11-23,Paid
TXN_LOAN0226_10,LOAN0226,CUST0051,7305.17,5292.49,2012.68,2023-12-23,Paid
TXN_LOAN0226_11,LOAN0226,CUST0051,7305.17,5336.41,1968.76,2024-01-23,Paid
TXN_LOAN0226_12,LOAN0226,CUST0051,7305.17,5380.69,1924.48,2024-02-23,Paid
TXN_LOAN0226_13,LOAN0226,CUST0051,7305.17,5425.34,1879.83,2024-03-23,Paid
TXN_LOAN0226_14,LOAN0226,CUST0051,7305.17,5470.36,1834.81,2024-04-23,Paid
TXN_LOAN0226_15,LOAN0226,CUST0051,7305.17,5515.76,1789.41,2024-05-23,Paid
TXN_LOAN0226_16,LOAN0226,CUST0051,7305.17,5561.53,1743.64,2024-06-23,Paid
TXN_LOAN0226_17,LOAN0226,CUST0051,7305.17,5607.68,1697.49,2024-07-23,Paid
TXN_LOAN0226_18,LOAN0226,CUST0051,7305.17,5654.21,1650.96,2024-08-23,Paid
TXN_LOAN0226_19,LOAN0226,CUST0051,7305.17,5701.13,1604.04,2024-09-23,Paid
TXN_LOAN0226_20,LOAN0226,CUST0051,7305.17,5748.44,1556.73,2024-10-23,Paid
TXN_LOAN0226_21,LOAN0226,CUST0051,7305.17,5796.14,1509.03,2024-11-23,Paid
TXN_LOAN0226_22,LOAN0226,CUST0051,7305.17,5844.24,1460.93,2024-12-23,Paid
TXN_LOAN0226_23,LOAN0226,CUST0051,7305.17,5892.74,1412.43,2025-01-23,Paid
TXN_LOAN0226_24,LOAN0226,CUST0051,7305.17,5941.63,1363.54,2025-02-23,Paid
TXN_LOAN0226_25,LOAN0226,CUST0051,7305.17,5990.94,1314.23,2025-03-23,Missed
TXN_LOAN0226_26,LOAN0226,CUST0051,7305.17,6040.65,1264.52,2025-04-23,Paid
TXN_LOAN0226_27,LOAN0226,CUST0051,7305.17,6090.78,1214.39,2025-05-23,Paid
TXN_LOAN0226_28,LOAN0226,CUST0051,7305.17,6141.32,1163.85,2025-06-23,Paid
TXN_LOAN0226_29,LOAN0226,CUST0051,7305.17,6192.28,1112.89,2025-07-23,Paid
TXN_LOAN0226_30,LOAN0226,CUST0051,7305.17,6243.67,1061.5,2025-08-23,Paid
TXN_LOAN0226_31,LOAN0226,CUST0051,7305.17,6295.48,1009.69,2025-09-23,Paid
TXN_LOAN0226_32,LOAN0226,CUST0051,7305.17,6347.72,957.45,2025-10-23,Paid
TXN_LOAN0226_33,LOAN0226,CUST0051,7305.17,6400.39,904.78,2025-11-23,Paid
TXN_LOAN0226_34,LOAN0226,CUST0051,7305.17,6453.5,851.67,2025-12-23,Paid
TXN_LOAN0226_35,LOAN0226,CUST0051,7305.17,6507.06,798.11,2026-01-23,Paid
TXN_LOAN0226_36,LOAN0226,CUST0051,7305.17,6561.05,744.12,2026-02-23,Paid
TXN_LOAN0226_37,LOAN0226,CUST0051,7305.17,6615.5,689.67,2026-03-23,Paid
TXN_LOAN0226_38,LOAN0226,CUST0051,7305.17,6670.39,634.78,2026-04-23,Paid
TXN_LOAN0226_39,LOAN0226,CUST0051,7305.17,6725.75,579.42,2026-05-23,Paid
TXN_LOAN0226_40,LOAN0226,CUST0051,7305.17,6781.56,523.61,2026-06-23,Paid
TXN_LOAN0226_41,LOAN0226,CUST0051,7305.17,6837.83,467.34,2026-07-23,Paid
TXN_LOAN0226_42,LOAN0226,CUST0051,7305.17,6894.57,410.6,2026-08-23,Paid
TXN_LOAN0226_43,LOAN0226,CUST0051,7305.17,6951.79,353.38,2026-09-23,Paid
TXN_LOAN0226_44,LOAN0226,CUST0051,7305.17,7009.47,295.7,2026-10-23,Paid
TXN_LOAN0226_45,LOAN0226,CUST0051,7305.17,7067.64,237.53,2026-11-23,Paid
TXN_LOAN0226_46,LOAN0226,CUST0051,7305.17,7126.29,178.88,2026-12-23,Missed
TXN_LOAN0226_47,LOAN0226,CUST0051,7305.17,7185.42,119.75,2027-01-23,Paid
TXN_LOAN0226_48,LOAN0226,CUST0051,7305.17,7245.34,59.83,2027-02-23,Paid
TXN_LOAN0227_1,LOAN0227,CUST0097,84687.61,78138.55,6549.06,2023-02-12,Paid
TXN_LOAN0227_2,LOAN0227,CUST0097,84687.61,78664.4,6023.21,2023-03-12,Paid
TXN_LOAN0227_3,LOAN0227,CUST0097,84687.61,79193.79,5493.82,2023-04-12,Paid
TXN_LOAN0227_4,LOAN0227,CUST0097,84687.61,79726.74,4960.87,2023-05-12,Paid
TXN_LOAN0227_5,LOAN0227,CUST0097,84687.61,80263.27,4424.34,2023-06-12,Paid
TXN_LOAN0227_6,LOAN0227,CUST0097,84687.61,80803.42,3884.19,2023-07-12,Paid
TXN_LOAN0227_7,LOAN0227,CUST0097,84687.61,81347.2,3340.41,2023-08-12,Paid
TXN_LOAN0227_8,LOAN0227,CUST0097,84687.61,81894.64,2792.97,2023-09-12,Paid
TXN_LOAN0227_9,LOAN0227,CUST0097,84687.61,82445.77,2241.84,2023-10-12,Paid
TXN_LOAN0227_10,LOAN0227,CUST0097,84687.61,83000.6,1687.01,2023-11-12,Paid
TXN_LOAN0227_11,LOAN0227,CUST0097,84687.61,83559.17,1128.44,2023-12-12,Paid
TXN_LOAN0227_12,LOAN0227,CUST0097,84687.61,84121.45,566.16,2024-01-12,Paid
TXN_LOAN0228_1,LOAN0228,CUST0092,30324.04,19693.65,10630.39,2023-08-28,Paid
TXN_LOAN0228_2,LOAN0228,CUST0092,30324.04,19931.2,10392.84,2023-09-28,Paid
TXN_LOAN0228_3,LOAN0228,CUST0092,30324.04,20171.62,10152.42,2023-10-28,Paid
TXN_LOAN0228_4,LOAN0228,CUST0092,30324.04,20414.94,9909.1,2023-11-28,Paid
TXN_LOAN0228_5,LOAN0228,CUST0092,30324.04,20661.19,9662.85,2023-12-28,Paid
TXN_LOAN0228_6,LOAN0228,CUST0092,30324.04,20910.41,9413.63,2024-01-28,Paid
TXN_LOAN0228_7,LOAN0228,CUST0092,30324.04,21162.63,9161.41,2024-02-28,Paid
TXN_LOAN0228_8,LOAN0228,CUST0092,30324.04,21417.9,8906.14,2024-03-28,Paid
TXN_LOAN0228_9,LOAN0228,CUST0092,30324.04,21676.25,8647.79,2024-04-28,Paid
TXN_LOAN0228_10,LOAN0228,CUST0092,30324.04,21937.72,8386.32,2024-05-28,Paid
TXN_LOAN0228_11,LOAN0228,CUST0092,30324.04,22202.34,8121.7,2024-06-28,Paid
TXN_LOAN0228_12,LOAN0228,CUST0092,30324.04,22470.15,7853.89,2024-07-28,Paid
TXN_LOAN0228_13,LOAN0228,CUST0092,30324.04,22741.19,7582.85,2024-08-28,Paid
TXN_LOAN0228_14,LOAN0228,CUST0092,30324.04,23015.5,7308.54,2024-09-28,Paid
TXN_LOAN0228_15,LOAN0228,CUST0092,30324.04,23293.12,7030.92,2024-10-28,Paid
TXN_LOAN0228_16,LOAN0228,CUST0092,30324.04,23574.09,6749.95,2024-11-28,Paid
TXN_LOAN0228_17,LOAN0228,CUST0092,30324.04,23858.45,6465.59,2024-12-28,Paid
TXN_LOAN0228_18,LOAN0228,CUST0092,30324.04,24146.23,6177.81,2025-01-28,Missed
TXN_LOAN0228_19,LOAN0228,CUST0092,30324.04,24437.49,5886.55,2025-02-28,Paid
TXN_LOAN0228_20,LOAN0228,CUST0092,30324.04,24732.27,5591.77,2025-03-28,Paid
TXN_LOAN0228_21,LOAN0228,CUST0092,30324.04,25030.59,5293.45,2025-04-28,Paid
TXN_LOAN0228_22,LOAN0228,CUST0092,30324.04,25332.52,4991.52,2025-05-28,Paid
TXN_LOAN0228_23,LOAN0228,CUST0092,30324.04,25638.09,4685.95,2025-06-28,Paid
TXN_LOAN0228_24,LOAN0228,CUST0092,30324.04,25947.34,4376.7,2025-07-28,Paid
TXN_LOAN0228_25,LOAN0228,CUST0092,30324.04,26260.33,4063.71,2025-08-28,Paid
TXN_LOAN0228_26,LOAN0228,CUST0092,30324.04,26577.09,3746.95,2025-09-28,Paid
TXN_LOAN0228_27,LOAN0228,CUST0092,30324.04,26897.67,3426.37,2025-10-28,Paid
TXN_LOAN0228_28,LOAN0228,CUST0092,30324.04,27222.11,3101.93,2025-11-28,Paid
TXN_LOAN0228_29,LOAN0228,CUST0092,30324.04,27550.47,2773.57,2025-12-28,Paid
TXN_LOAN0228_30,LOAN0228,CUST0092,30324.04,27882.8,2441.24,2026-01-28,Paid
TXN_LOAN0228_31,LOAN0228,CUST0092,30324.04,28219.13,2104.91,2026-02-28,Paid
TXN_LOAN0228_32,LOAN0228,CUST0092,30324.04,28559.51,1764.53,2026-03-28,Paid
TXN_LOAN0228_33,LOAN0228,CUST0092,30324.04,28904.01,1420.03,2026-04-28,Paid
TXN_LOAN0228_34,LOAN0228,CUST0092,30324.04,29252.66,1071.38,2026-05-28,Paid
TXN_LOAN0228_35,LOAN0228,CUST0092,30324.04,29605.51,718.53,2026-06-28,Paid
TXN_LOAN0228_36,LOAN0228,CUST0092,30324.04,29962.83,361.21,2026-07-28,Paid
TXN_LOAN0229_1,LOAN0229,CUST0008,43922.53,31349.6,12572.93,2023-02-14,Paid
TXN_LOAN0229_2,LOAN0229,CUST0008,43922.53,31793.21,12129.32,2023-03-14,Paid
TXN_LOAN0229_3,LOAN0229,CUST0008,43922.53,32243.09,11679.44,2023-04-14,Paid
TXN_LOAN0229_4,LOAN0229,CUST0008,43922.53,32699.34,11223.19,2023-05-14,Paid
TXN_LOAN0229_5,LOAN0229,CUST0008,43922.53,33162.04,10760.49,2023-06-14,Paid
TXN_LOAN0229_6,LOAN0229,CUST0008,43922.53,33631.29,10291.24,2023-07-14,Paid
TXN_LOAN0229_7,LOAN0229,CUST0008,43922.53,34107.19,9815.34,2023-08-14,Missed
TXN_LOAN0229_8,LOAN0229,CUST0008,43922.53,34589.81,9332.72,2023-09-14,Paid
TXN_LOAN0229_9,LOAN0229,CUST0008,43922.53,35079.27,8843.26,2023-10-14,Paid
TXN_LOAN0229_10,LOAN0229,CUST0008,43922.53,35575.65,8346.88,2023-11-14,Paid
TXN_LOAN0229_11,LOAN0229,CUST0008,43922.53,36079.05,7843.48,2023-12-14,Paid
TXN_LOAN0229_12,LOAN0229,CUST0008,43922.53,36589.58,7332.95,2024-01-14,Paid
TXN_LOAN0229_13,LOAN0229,CUST0008,43922.53,37107.33,6815.2,2024-02-14,Missed
TXN_LOAN0229_14,LOAN0229,CUST0008,43922.53,37632.41,6290.12,2024-03-14,Paid
TXN_LOAN0229_15,LOAN0229,CUST0008,43922.53,38164.92,5757.61,2024-04-14,Missed
TXN_LOAN0229_16,LOAN0229,CUST0008,43922.53,38704.96,5217.57,2024-05-14,Paid
TXN_LOAN0229_17,LOAN0229,CUST0008,43922.53,39252.65,4669.88,2024-06-14,Paid
TXN_LOAN0229_18,LOAN0229,CUST0008,43922.53,39808.08,4114.45,2024-07-14,Paid
TXN_LOAN0229_19,LOAN0229,CUST0008,43922.53,40371.37,3551.16,2024-08-14,Paid
TXN_LOAN0229_20,LOAN0229,CUST0008,43922.53,40942.64,2979.89,2024-09-14,Paid
TXN_LOAN0229_21,LOAN0229,CUST0008,43922.53,41521.99,2400.54,2024-10-14,Paid
TXN_LOAN0229_22,LOAN0229,CUST0008,43922.53,42109.54,1812.99,2024-11-14,Paid
TXN_LOAN0229_23,LOAN0229,CUST0008,43922.53,42705.4,1217.13,2024-12-14,Paid
TXN_LOAN0229_24,LOAN0229,CUST0008,43922.53,43309.59,612.94,2025-01-14,Paid
TXN_LOAN0230_1,LOAN0230,CUST0162,18427.4,12161.19,6266.21,2023-06-01,Paid
TXN_LOAN0230_2,LOAN0230,CUST0162,18427.4,12266.94,6160.46,2023-07-01,Paid
TXN_LOAN0230_3,LOAN0230,CUST0162,18427.4,12373.61,6053.79,2023-08-01,Paid
TXN_LOAN0230_4,LOAN0230,CUST0162,18427.4,12481.21,5946.19,2023-09-01,Paid
TXN_LOAN0230_5,LOAN0230,CUST0162,18427.4,12589.74,5837.66,2023-10-01,Paid
TXN_LOAN0230_6,LOAN0230,CUST0162,18427.4,12699.22,5728.18,2023-11-01,Paid
TXN_LOAN0230_7,LOAN0230,CUST0162,18427.4,12809.65,5617.75,2023-12-01,Paid
TXN_LOAN0230_8,LOAN0230,CUST0162,18427.4,12921.04,5506.36,2024-01-01,Paid
TXN_LOAN0230_9,LOAN0230,CUST0162,18427.4,13033.39,5394.01,2024-02-01,Missed
TXN_LOAN0230_10,LOAN0230,CUST0162,18427.4,13146.73,5280.67,2024-03-01,Paid
TXN_LOAN0230_11,LOAN0230,CUST0162,18427.4,13261.05,5166.35,2024-04-01,Paid
TXN_LOAN0230_12,LOAN0230,CUST0162,18427.4,13376.36,5051.04,2024-05-01,Paid
TXN_LOAN0230_13,LOAN0230,CUST0162,18427.4,13492.68,4934.72,2024-06-01,Missed
TXN_LOAN0230_14,LOAN0230,CUST0162,18427.4,13610.01,4817.39,2024-07-01,Paid
TXN_LOAN0230_15,LOAN0230,CUST0162,18427.4,13728.35,4699.05,2024-08-01,Paid
TXN_LOAN0230_16,LOAN0230,CUST0162,18427.4,13847.73,4579.67,2024-09-01,Missed
TXN_LOAN0230_17,LOAN0230,CUST0162,18427.4,13968.15,4459.25,2024-10-01,Missed
TXN_LOAN0230_18,LOAN0230,CUST0162,18427.4,14089.61,4337.79,2024-11-01,Missed
TXN_LOAN0230_19,LOAN0230,CUST0162,18427.4,14212.13,4215.27,2024-12-01,Paid
TXN_LOAN0230_20,LOAN0230,CUST0162,18427.4,14335.71,4091.69,2025-01-01,Paid
TXN_LOAN0230_21,LOAN0230,CUST0162,18427.4,14460.37,3967.03,2025-02-01,Paid
TXN_LOAN0230_22,LOAN0230,CUST0162,18427.4,14586.11,3841.29,2025-03-01,Paid
TXN_LOAN0230_23,LOAN0230,CUST0162,18427.4,14712.95,3714.45,2025-04-01,Paid
TXN_LOAN0230_24,LOAN0230,CUST0162,18427.4,14840.89,3586.51,2025-05-01,Paid
TXN_LOAN0230_25,LOAN0230,CUST0162,18427.4,14969.94,3457.46,2025-06-01,Paid
TXN_LOAN0230_26,LOAN0230,CUST0162,18427.4,15100.12,3327.28,2025-07-01,Paid
TXN_LOAN0230_27,LOAN0230,CUST0162,18427.4,15231.42,3195.98,2025-08-01,Paid
TXN_LOAN0230_28,LOAN0230,CUST0162,18427.4,15363.87,3063.53,2025-09-01,Paid
TXN_LOAN0230_29,LOAN0230,CUST0162,18427.4,15497.47,2929.93,2025-10-01,Paid
TXN_LOAN0230_30,LOAN0230,CUST0162,18427.4,15632.23,2795.17,2025-11-01,Paid
TXN_LOAN0230_31,LOAN0230,CUST0162,18427.4,15768.16,2659.24,2025-12-01,Paid
TXN_LOAN0230_32,LOAN0230,CUST0162,18427.4,15905.28,2522.12,2026-01-01,Paid
TXN_LOAN0230_33,LOAN0230,CUST0162,18427.4,16043.58,2383.82,2026-02-01,Missed
TXN_LOAN0230_34,LOAN0230,CUST0162,18427.4,16183.09,2244.31,2026-03-01,Paid
TXN_LOAN0230_35,LOAN0230,CUST0162,18427.4,16323.82,2103.58,2026-04-01,Paid
TXN_LOAN0230_36,LOAN0230,CUST0162,18427.4,16465.76,1961.64,2026-05-01,Paid
TXN_LOAN0230_37,LOAN0230,CUST0162,18427.4,16608.95,1818.45,2026-06-01,Paid
TXN_LOAN0230_38,LOAN0230,CUST0162,18427.4,16753.37,1674.03,2026-07-01,Paid
TXN_LOAN0230_39,LOAN0230,CUST0162,18427.4,16899.05,1528.35,2026-08-01,Paid
TXN_LOAN0230_40,LOAN0230,CUST0162,18427.4,17046.0,1381.4,2026-09-01,Paid
TXN_LOAN0230_41,LOAN0230,CUST0162,18427.4,17194.23,1233.17,2026-10-01,Paid
TXN_LOAN0230_42,LOAN0230,CUST0162,18427.4,17343.75,1083.65,2026-11-01,Paid
TXN_LOAN0230_43,LOAN0230,CUST0162,18427.4,17494.56,932.84,2026-12-01,Paid
TXN_LOAN0230_44,LOAN0230,CUST0162,18427.4,17646.69,780.71,2027-01-01,Paid
TXN_LOAN0230_45,LOAN0230,CUST0162,18427.4,17800.14,627.26,2027-02-01,Paid
TXN_LOAN0230_46,LOAN0230,CUST0162,18427.4,17954.92,472.48,2027-03-01,Paid
TXN_LOAN0230_47,LOAN0230,CUST0162,18427.4,18111.05,316.35,2027-04-01,Paid
TXN_LOAN0230_48,LOAN0230,CUST0162,18427.4,18268.73,158.67,2027-05-01,Paid
TXN_LOAN0231_1,LOAN0231,CUST0035,34537.04,24510.15,10026.89,2023-02-20,Paid
TXN_LOAN0231_2,LOAN0231,CUST0035,34537.04,24862.9,9674.14,2023-03-20,Paid
TXN_LOAN0231_3,LOAN0231,CUST0035,34537.04,25220.73,9316.31,2023-04-20,Paid
TXN_LOAN0231_4,LOAN0231,CUST0035,34537.04,25583.7,8953.34,2023-05-20,Missed
TXN_LOAN0231_5,LOAN0231,CUST0035,34537.04,25951.9,8585.14,2023-06-20,Paid
TXN_LOAN0231_6,LOAN0231,CUST0035,34537.04,26325.4,8211.64,2023-07-20,Paid
TXN_LOAN0231_7,LOAN0231,CUST0035,34537.04,26704.27,7832.77,2023-08-20,Paid
TXN_LOAN0231_8,LOAN0231,CUST0035,34537.04,27088.6,7448.44,2023-09-20,Paid
TXN_LOAN0231_9,LOAN0231,CUST0035,34537.04,27478.46,7058.58,2023-10-20,Paid
TXN_LOAN0231_10,LOAN0231,CUST0035,34537.04,27873.93,6663.11,2023-11-20,Paid
TXN_LOAN0231_11,LOAN0231,CUST0035,34537.04,28275.09,6261.95,2023-12-20,Paid
TXN_LOAN0231_12,LOAN0231,CUST0035,34537.04,28682.02,5855.02,2024-01-20,Paid
TXN_LOAN0231_13,LOAN0231,CUST0035,34537.04,29094.81,5442.23,2024-02-20,Paid
TXN_LOAN0231_14,LOAN0231,CUST0035,34537.04,29513.54,5023.5,2024-03-20,Paid
TXN_LOAN0231_15,LOAN0231,CUST0035,34537.04,29938.3,4598.74,2024-04-20,Paid
TXN_LOAN0231_16,LOAN0231,CUST0035,34537.04,30369.17,4167.87,2024-05-20,Paid
TXN_LOAN0231_17,LOAN0231,CUST0035,34537.04,30806.24,3730.8,2024-06-20,Paid
TXN_LOAN0231_18,LOAN0231,CUST0035,34537.04,31249.6,3287.44,2024-07-20,Paid
TXN_LOAN0231_19,LOAN0231,CUST0035,34537.04,31699.35,2837.69,2024-08-20,Paid
TXN_LOAN0231_20,LOAN0231,CUST0035,34537.04,32155.56,2381.48,2024-09-20,Paid
TXN_LOAN0231_21,LOAN0231,CUST0035,34537.04,32618.34,1918.7,2024-10-20,Paid
TXN_LOAN0231_22,LOAN0231,CUST0035,34537.04,33087.79,1449.25,2024-11-20,Paid
TXN_LOAN0231_23,LOAN0231,CUST0035,34537.04,33563.98,973.06,2024-12-20,Paid
TXN_LOAN0231_24,LOAN0231,CUST0035,34537.04,34047.17,489.87,2025-01-20,Paid
TXN_LOAN0232_1,LOAN0232,CUST0096,73039.09,67039.03,6000.06,2023-04-16,Paid
TXN_LOAN0232_2,LOAN0232,CUST0096,73039.09,67519.62,5519.47,2023-05-16,Paid
TXN_LOAN0232_3,LOAN0232,CUST0096,73039.09,68003.66,5035.43,2023-06-16,Paid
TXN_LOAN0232_4,LOAN0232,CUST0096,73039.09,68491.17,4547.92,2023-07-16,Missed
TXN_LOAN0232_5,LOAN0232,CUST0096,73039.09,68982.18,4056.91,2023-08-16,Paid
TXN_LOAN0232_6,LOAN0232,CUST0096,73039.09,69476.71,3562.38,2023-09-16,Paid
TXN_LOAN0232_7,LOAN0232,CUST0096,73039.09,69974.78,3064.31,2023-10-16,Paid
TXN_LOAN0232_8,LOAN0232,CUST0096,73039.09,70476.42,2562.67,2023-11-16,Paid
TXN_LOAN0232_9,LOAN0232,CUST0096,73039.09,70981.66,2057.43,2023-12-16,Paid
TXN_LOAN0232_10,LOAN0232,CUST0096,73039.09,71490.52,1548.57,2024-01-16,Paid
TXN_LOAN0232_11,LOAN0232,CUST0096,73039.09,72003.03,1036.06,2024-02-16,Missed
TXN_LOAN0232_12,LOAN0232,CUST0096,73039.09,72519.22,519.87,2024-03-16,Paid
TXN_LOAN0233_1,LOAN0233,CUST0088,11058.98,5553.53,5505.45,2023-09-30,Paid
TXN_LOAN0233_2,LOAN0233,CUST0088,11058.98,5633.8,5425.18,2023-10-31,Paid
TXN_LOAN0233_3,LOAN0233,CUST0088,11058.98,5715.23,5343.75,2023-11-30,Paid
TXN_LOAN0233_4,LOAN0233,CUST0088,11058.98,5797.84,5261.14,2023-12-31,Paid
TXN_LOAN0233_5,LOAN0233,CUST0088,11058.98,5881.64,5177.34,2024-01-31,Paid
TXN_LOAN0233_6,LOAN0233,CUST0088,11058.98,5966.65,5092.33,2024-02-29,Paid
TXN_LOAN0233_7,LOAN0233,CUST0088,11058.98,6052.89,5006.09,2024-03-31,Paid
TXN_LOAN0233_8,LOAN0233,CUST0088,11058.98,6140.37,4918.61,2024-04-30,Paid
TXN_LOAN0233_9,LOAN0233,CUST0088,11058.98,6229.12,4829.86,2024-05-31,Paid
TXN_LOAN0233_10,LOAN0233,CUST0088,11058.98,6319.16,4739.82,2024-06-30,Paid
TXN_LOAN0233_11,LOAN0233,CUST0088,11058.98,6410.49,4648.49,2024-07-31,Paid
TXN_LOAN0233_12,LOAN0233,CUST0088,11058.98,6503.15,4555.83,2024-08-31,Paid
TXN_LOAN0233_13,LOAN0233,CUST0088,11058.98,6597.14,4461.84,2024-09-30,Paid
TXN_LOAN0233_14,LOAN0233,CUST0088,11058.98,6692.49,4366.49,2024-10-31,Paid
TXN_LOAN0233_15,LOAN0233,CUST0088,11058.98,6789.22,4269.76,2024-11-30,Missed
TXN_LOAN0233_16,LOAN0233,CUST0088,11058.98,6887.35,4171.63,2024-12-31,Paid
TXN_LOAN0233_17,LOAN0233,CUST0088,11058.98,6986.9,4072.08,2025-01-31,Paid
TXN_LOAN0233_18,LOAN0233,CUST0088,11058.98,7087.89,3971.09,2025-02-28,Paid
TXN_LOAN0233_19,LOAN0233,CUST0088,11058.98,7190.33,3868.65,2025-03-31,Paid
TXN_LOAN0233_20,LOAN0233,CUST0088,11058.98,7294.26,3764.72,2025-04-30,Paid
TXN_LOAN0233_21,LOAN0233,CUST0088,11058.98,7399.69,3659.29,2025-05-31,Paid
TXN_LOAN0233_22,LOAN0233,CUST0088,11058.98,7506.64,3552.34,2025-06-30,Paid
TXN_LOAN0233_23,LOAN0233,CUST0088,11058.98,7615.14,3443.84,2025-07-31,Paid
TXN_LOAN0233_24,LOAN0233,CUST0088,11058.98,7725.2,3333.78,2025-08-31,Paid
TXN_LOAN0233_25,LOAN0233,CUST0088,11058.98,7836.86,3222.12,2025-09-30,Paid
TXN_LOAN0233_26,LOAN0233,CUST0088,11058.98,7950.13,3108.85,2025-10-31,Paid
TXN_LOAN0233_27,LOAN0233,CUST0088,11058.98,8065.04,2993.94,2025-11-30,Paid
TXN_LOAN0233_28,LOAN0233,CUST0088,11058.98,8181.61,2877.37,2025-12-31,Paid
TXN_LOAN0233_29,LOAN0233,CUST0088,11058.98,8299.86,2759.12,2026-01-31,Paid
TXN_LOAN0233_30,LOAN0233,CUST0088,11058.98,8419.83,2639.15,2026-02-28,Paid
TXN_LOAN0233_31,LOAN0233,CUST0088,11058.98,8541.52,2517.46,2026-03-31,Paid
TXN_LOAN0233_32,LOAN0233,CUST0088,11058.98,8664.98,2394.0,2026-04-30,Paid
TXN_LOAN0233_33,LOAN0233,CUST0088,11058.98,8790.22,2268.76,2026-05-31,Paid
TXN_LOAN0233_34,LOAN0233,CUST0088,11058.98,8917.27,2141.71,2026-06-30,Paid
TXN_LOAN0233_35,LOAN0233,CUST0088,11058.98,9046.16,2012.82,2026-07-31,Paid
TXN_LOAN0233_36,LOAN0233,CUST0088,11058.98,9176.91,1882.07,2026-08-31,Paid
TXN_LOAN0233_37,LOAN0233,CUST0088,11058.98,9309.55,1749.43,2026-09-30,Paid
TXN_LOAN0233_38,LOAN0233,CUST0088,11058.98,9444.11,1614.87,2026-10-31,Paid
TXN_LOAN0233_39,LOAN0233,CUST0088,11058.98,9580.61,1478.37,2026-11-30,Paid
TXN_LOAN0233_40,LOAN0233,CUST0088,11058.98,9719.08,1339.9,2026-12-31,Paid
TXN_LOAN0233_41,LOAN0233,CUST0088,11058.98,9859.56,1199.42,2027-01-31,Paid
TXN_LOAN0233_42,LOAN0233,CUST0088,11058.98,10002.06,1056.92,2027-02-28,Paid
TXN_LOAN0233_43,LOAN0233,CUST0088,11058.98,10146.63,912.35,2027-03-31,Paid
TXN_LOAN0233_44,LOAN0233,CUST0088,11058.98,10293.29,765.69,2027-04-30,Paid
TXN_LOAN0233_45,LOAN0233,CUST0088,11058.98,10442.06,616.92,2027-05-31,Paid
TXN_LOAN0233_46,LOAN0233,CUST0088,11058.98,10592.99,465.99,2027-06-30,Paid
TXN_LOAN0233_47,LOAN0233,CUST0088,11058.98,10746.09,312.89,2027-07-31,Missed
TXN_LOAN0233_48,LOAN0233,CUST0088,11058.98,10901.46,157.52,2027-08-31,Paid
TXN_LOAN0234_1,LOAN0234,CUST0078,3227.03,2288.1,938.93,2023-09-11,Paid
TXN_LOAN0234_2,LOAN0234,CUST0078,3227.03,2310.06,916.97,2023-10-11,Paid
TXN_LOAN0234_3,LOAN0234,CUST0078,3227.03,2332.23,894.8,2023-11-11,Paid
TXN_LOAN0234_4,LOAN0234,CUST0078,3227.03,2354.61,872.42,2023-12-11,Paid
TXN_LOAN0234_5,LOAN0234,CUST0078,3227.03,2377.21,849.82,2024-01-11,Paid
TXN_LOAN0234_6,LOAN0234,CUST0078,3227.03,2400.02,827.01,2024-02-11,Paid
TXN_LOAN0234_7,LOAN0234,CUST0078,3227.03,2423.06,803.97,2024-03-11,Paid
TXN_LOAN0234_8,LOAN0234,CUST0078,3227.03,2446.31,780.72,2024-04-11,Paid
TXN_LOAN0234_9,LOAN0234,CUST0078,3227.03,2469.79,757.24,2024-05-11,Paid
TXN_LOAN0234_10,LOAN0234,CUST0078,3227.03,2493.49,733.54,2024-06-11,Paid
TXN_LOAN0234_11,LOAN0234,CUST0078,3227.03,2517.42,709.61,2024-07-11,Paid
TXN_LOAN0234_12,LOAN0234,CUST0078,3227.03,2541.58,685.45,2024-08-11,Paid
TXN_LOAN0234_13,LOAN0234,CUST0078,3227.03,2565.97,661.06,2024-09-11,Paid
TXN_LOAN0234_14,LOAN0234,CUST0078,3227.03,2590.59,636.44,2024-10-11,Missed
TXN_LOAN0234_15,LOAN0234,CUST0078,3227.03,2615.46,611.57,2024-11-11,Paid
TXN_LOAN0234_16,LOAN0234,CUST0078,3227.03,2640.56,586.47,2024-12-11,Paid
TXN_LOAN0234_17,LOAN0234,CUST0078,3227.03,2665.9,561.13,2025-01-11,Missed
TXN_LOAN0234_18,LOAN0234,CUST0078,3227.03,2691.48,535.55,2025-02-11,Paid
TXN_LOAN0234_19,LOAN0234,CUST0078,3227.03,2717.31,509.72,2025-03-11,Paid
TXN_LOAN0234_20,LOAN0234,CUST0078,3227.03,2743.39,483.64,2025-04-11,Paid
TXN_LOAN0234_21,LOAN0234,CUST0078,3227.03,2769.72,457.31,2025-05-11,Paid
TXN_LOAN0234_22,LOAN0234,CUST0078,3227.03,2796.3,430.73,2025-06-11,Paid
TXN_LOAN0234_23,LOAN0234,CUST0078,3227.03,2823.13,403.9,2025-07-11,Paid
TXN_LOAN0234_24,LOAN0234,CUST0078,3227.03,2850.23,376.8,2025-08-11,Paid
TXN_LOAN0234_25,LOAN0234,CUST0078,3227.03,2877.58,349.45,2025-09-11,Paid
TXN_LOAN0234_26,LOAN0234,CUST0078,3227.03,2905.19,321.84,2025-10-11,Paid
TXN_LOAN0234_27,LOAN0234,CUST0078,3227.03,2933.08,293.95,2025-11-11,Paid
TXN_LOAN0234_28,LOAN0234,CUST0078,3227.03,2961.22,265.81,2025-12-11,Paid
TXN_LOAN0234_29,LOAN0234,CUST0078,3227.03,2989.64,237.39,2026-01-11,Paid
TXN_LOAN0234_30,LOAN0234,CUST0078,3227.03,3018.33,208.7,2026-02-11,Paid
TXN_LOAN0234_31,LOAN0234,CUST0078,3227.03,3047.3,179.73,2026-03-11,Paid
TXN_LOAN0234_32,LOAN0234,CUST0078,3227.03,3076.54,150.49,2026-04-11,Paid
TXN_LOAN0234_33,LOAN0234,CUST0078,3227.03,3106.07,120.96,2026-05-11,Paid
TXN_LOAN0234_34,LOAN0234,CUST0078,3227.03,3135.88,91.15,2026-06-11,Paid
TXN_LOAN0234_35,LOAN0234,CUST0078,3227.03,3165.97,61.06,2026-07-11,Paid
TXN_LOAN0234_36,LOAN0234,CUST0078,3227.03,3196.28,30.75,2026-08-11,Paid
TXN_LOAN0235_1,LOAN0235,CUST0032,25968.58,21699.23,4269.35,2023-04-11,Paid
TXN_LOAN0235_2,LOAN0235,CUST0032,25968.58,21862.23,4106.35,2023-05-11,Paid
TXN_LOAN0235_3,LOAN0235,CUST0032,25968.58,22026.46,3942.12,2023-06-11,Paid
TXN_LOAN0235_4,LOAN0235,CUST0032,25968.58,22191.92,3776.66,2023-07-11,Paid
TXN_LOAN0235_5,LOAN0235,CUST0032,25968.58,22358.62,3609.96,2023-08-11,Paid
TXN_LOAN0235_6,LOAN0235,CUST0032,25968.58,22526.58,3442.0,2023-09-11,Paid
TXN_LOAN0235_7,LOAN0235,CUST0032,25968.58,22695.79,3272.79,2023-10-11,Missed
TXN_LOAN0235_8,LOAN0235,CUST0032,25968.58,22866.28,3102.3,2023-11-11,Paid
TXN_LOAN0235_9,LOAN0235,CUST0032,25968.58,23038.05,2930.53,2023-12-11,Paid
TXN_LOAN0235_10,LOAN0235,CUST0032,25968.58,23211.1,2757.48,2024-01-11,Paid
TXN_LOAN0235_11,LOAN0235,CUST0032,25968.58,23385.46,2583.12,2024-02-11,Paid
TXN_LOAN0235_12,LOAN0235,CUST0032,25968.58,23561.13,2407.45,2024-03-11,Paid
TXN_LOAN0235_13,LOAN0235,CUST0032,25968.58,23738.12,2230.46,2024-04-11,Paid
TXN_LOAN0235_14,LOAN0235,CUST0032,25968.58,23916.44,2052.14,2024-05-11,Paid
TXN_LOAN0235_15,LOAN0235,CUST0032,25968.58,24096.09,1872.49,2024-06-11,Paid
TXN_LOAN0235_16,LOAN0235,CUST0032,25968.58,24277.1,1691.48,2024-07-11,Missed
TXN_LOAN0235_17,LOAN0235,CUST0032,25968.58,24459.46,1509.12,2024-08-11,Missed
TXN_LOAN0235_18,LOAN0235,CUST0032,25968.58,24643.2,1325.38,2024-09-11,Paid
TXN_LOAN0235_19,LOAN0235,CUST0032,25968.58,24828.31,1140.27,2024-10-11,Paid
TXN_LOAN0235_20,LOAN0235,CUST0032,25968.58,25014.82,953.76,2024-11-11,Paid
TXN_LOAN0235_21,LOAN0235,CUST0032,25968.58,25202.73,765.85,2024-12-11,Missed
TXN_LOAN0235_22,LOAN0235,CUST0032,25968.58,25392.05,576.53,2025-01-11,Paid
TXN_LOAN0235_23,LOAN0235,CUST0032,25968.58,25582.79,385.79,2025-02-11,Paid
TXN_LOAN0235_24,LOAN0235,CUST0032,25968.58,25775.04,193.54,2025-03-11,Missed
TXN_LOAN0236_1,LOAN0236,CUST0120,22338.12,13392.33,8945.79,2023-12-08,Paid
TXN_LOAN0236_2,LOAN0236,CUST0120,22338.12,13535.84,8802.28,2024-01-08,Paid
TXN_LOAN0236_3,LOAN0236,CUST0120,22338.12,13680.88,8657.24,2024-02-08,Paid
TXN_LOAN0236_4,LOAN0236,CUST0120,22338.12,13827.48,8510.64,2024-03-08,Missed
TXN_LOAN0236_5,LOAN0236,CUST0120,22338.12,13975.65,8362.47,2024-04-08,Paid
TXN_LOAN0236_6,LOAN0236,CUST0120,22338.12,14125.41,8212.71,2024-05-08,Paid
TXN_LOAN0236_7,LOAN0236,CUST0120,22338.12,14276.77,8061.35,2024-06-08,Paid
TXN_LOAN0236_8,LOAN0236,CUST0120,22338.12,14429.76,7908.36,2024-07-08,Paid
TXN_LOAN0236_9,LOAN0236,CUST0120,22338.12,14584.38,7753.74,2024-08-08,Paid
TXN_LOAN0236_10,LOAN0236,CUST0120,22338.12,14740.66,7597.46,2024-09-08,Paid
TXN_LOAN0236_11,LOAN0236,CUST0120,22338.12,14898.61,7439.51,2024-10-08,Missed
TXN_LOAN0236_12,LOAN0236,CUST0120,22338.12,15058.26,7279.86,2024-11-08,Paid
TXN_LOAN0236_13,LOAN0236,CUST0120,22338.12,15219.62,7118.5,2024-12-08,Paid
TXN_LOAN0236_14,LOAN0236,CUST0120,22338.12,15382.71,6955.41,2025-01-08,Paid
TXN_LOAN0236_15,LOAN0236,CUST0120,22338.12,15547.54,6790.58,2025-02-08,Paid
TXN_LOAN0236_16,LOAN0236,CUST0120,22338.12,15714.14,6623.98,2025-03-08,Paid
TXN_LOAN0236_17,LOAN0236,CUST0120,22338.12,15882.53,6455.59,2025-04-08,Paid
TXN_LOAN0236_18,LOAN0236,CUST0120,22338.12,16052.72,6285.4,2025-05-08,Paid
TXN_LOAN0236_19,LOAN0236,CUST0120,22338.12,16224.74,6113.38,2025-06-08,Paid
TXN_LOAN0236_20,LOAN0236,CUST0120,22338.12,16398.59,5939.53,2025-07-08,Paid
TXN_LOAN0236_21,LOAN0236,CUST0120,22338.12,16574.31,5763.81,2025-08-08,Paid
TXN_LOAN0236_22,LOAN0236,CUST0120,22338.12,16751.92,5586.2,2025-09-08,Missed
TXN_LOAN0236_23,LOAN0236,CUST0120,22338.12,16931.42,5406.7,2025-10-08,Paid
TXN_LOAN0236_24,LOAN0236,CUST0120,22338.12,17112.85,5225.27,2025-11-08,Paid
TXN_LOAN0236_25,LOAN0236,CUST0120,22338.12,17296.23,5041.89,2025-12-08,Paid
TXN_LOAN0236_26,LOAN0236,CUST0120,22338.12,17481.57,4856.55,2026-01-08,Paid
TXN_LOAN0236_27,LOAN0236,CUST0120,22338.12,17668.89,4669.23,2026-02-08,Paid
TXN_LOAN0236_28,LOAN0236,CUST0120,22338.12,17858.23,4479.89,2026-03-08,Paid
TXN_LOAN0236_29,LOAN0236,CUST0120,22338.12,18049.59,4288.53,2026-04-08,Paid
TXN_LOAN0236_30,LOAN0236,CUST0120,22338.12,18243.0,4095.12,2026-05-08,Paid
TXN_LOAN0236_31,LOAN0236,CUST0120,22338.12,18438.48,3899.64,2026-06-08,Paid
TXN_LOAN0236_32,LOAN0236,CUST0120,22338.12,18636.06,3702.06,2026-07-08,Paid
TXN_LOAN0236_33,LOAN0236,CUST0120,22338.12,18835.76,3502.36,2026-08-08,Paid
TXN_LOAN0236_34,LOAN0236,CUST0120,22338.12,19037.6,3300.52,2026-09-08,Paid
TXN_LOAN0236_35,LOAN0236,CUST0120,22338.12,19241.6,3096.52,2026-10-08,Paid
TXN_LOAN0236_36,LOAN0236,CUST0120,22338.12,19447.78,2890.34,2026-11-08,Paid
TXN_LOAN0236_37,LOAN0236,CUST0120,22338.12,19656.18,2681.94,2026-12-08,Paid
TXN_LOAN0236_38,LOAN0236,CUST0120,22338.12,19866.8,2471.32,2027-01-08,Paid
TXN_LOAN0236_39,LOAN0236,CUST0120,22338.12,20079.69,2258.43,2027-02-08,Paid
TXN_LOAN0236_40,LOAN0236,CUST0120,22338.12,20294.85,2043.27,2027-03-08,Missed
TXN_LOAN0236_41,LOAN0236,CUST0120,22338.12,20512.33,1825.79,2027-04-08,Paid
TXN_LOAN0236_42,LOAN0236,CUST0120,22338.12,20732.13,1605.99,2027-05-08,Paid
TXN_LOAN0236_43,LOAN0236,CUST0120,22338.12,20954.29,1383.83,2027-06-08,Paid
TXN_LOAN0236_44,LOAN0236,CUST0120,22338.12,21178.82,1159.3,2027-07-08,Paid
TXN_LOAN0236_45,LOAN0236,CUST0120,22338.12,21405.77,932.35,2027-08-08,Paid
TXN_LOAN0236_46,LOAN0236,CUST0120,22338.12,21635.14,702.98,2027-09-08,Paid
TXN_LOAN0236_47,LOAN0236,CUST0120,22338.12,21866.98,471.14,2027-10-08,Paid
TXN_LOAN0236_48,LOAN0236,CUST0120,22338.12,22101.11,237.01,2027-11-08,Paid
TXN_LOAN0237_1,LOAN0237,CUST0046,74773.96,67306.35,7467.61,2023-08-30,Missed
TXN_LOAN0237_2,LOAN0237,CUST0046,74773.96,67899.09,6874.87,2023-09-30,Paid
TXN_LOAN0237_3,LOAN0237,CUST0046,74773.96,68497.04,6276.92,2023-10-30,Paid
TXN_LOAN0237_4,LOAN0237,CUST0046,74773.96,69100.25,5673.71,2023-11-30,Paid
TXN_LOAN0237_5,LOAN0237,CUST0046,74773.96,69708.78,5065.18,2023-12-30,Paid
TXN_LOAN0237_6,LOAN0237,CUST0046,74773.96,70322.67,4451.29,2024-01-30,Paid
TXN_LOAN0237_7,LOAN0237,CUST0046,74773.96,70941.97,3831.99,2024-02-29,Paid
TXN_LOAN0237_8,LOAN0237,CUST0046,74773.96,71566.71,3207.25,2024-03-30,Paid
TXN_LOAN0237_9,LOAN0237,CUST0046,74773.96,72196.97,2576.99,2024-04-30,Paid
TXN_LOAN0237_10,LOAN0237,CUST0046,74773.96,72832.77,1941.19,2024-05-30,Paid
TXN_LOAN0237_11,LOAN0237,CUST0046,74773.96,73474.17,1299.79,2024-06-30,Paid
TXN_LOAN0237_12,LOAN0237,CUST0046,74773.96,74121.23,652.73,2024-07-30,Paid
TXN_LOAN0238_1,LOAN0238,CUST0144,19692.69,14242.75,5449.94,2023-05-11,Paid
TXN_LOAN0238_2,LOAN0238,CUST0144,19692.69,14371.51,5321.18,2023-06-11,Paid
TXN_LOAN0238_3,LOAN0238,CUST0144,19692.69,14501.44,5191.25,2023-07-11,Paid
TXN_LOAN0238_4,LOAN0238,CUST0144,19692.69,14632.54,5060.15,2023-08-11,Paid
TXN_LOAN0238_5,LOAN0238,CUST0144,19692.69,14764.83,4927.86,2023-09-11,Paid
TXN_LOAN0238_6,LOAN0238,CUST0144,19692.69,14898.31,4794.38,2023-10-11,Paid
TXN_LOAN0238_7,LOAN0238,CUST0144,19692.69,15033.0,4659.69,2023-11-11,Missed
TXN_LOAN0238_8,LOAN0238,CUST0144,19692.69,15168.91,4523.78,2023-12-11,Paid
TXN_LOAN0238_9,LOAN0238,CUST0144,19692.69,15306.05,4386.64,2024-01-11,Paid
TXN_LOAN0238_10,LOAN0238,CUST0144,19692.69,15444.42,4248.27,2024-02-11,Paid
TXN_LOAN0238_11,LOAN0238,CUST0144,19692.69,15584.05,4108.64,2024-03-11,Paid
TXN_LOAN0238_12,LOAN0238,CUST0144,19692.69,15724.94,3967.75,2024-04-11,Missed
TXN_LOAN0238_13,LOAN0238,CUST0144,19692.69,15867.1,3825.59,2024-05-11,Paid
TXN_LOAN0238_14,LOAN0238,CUST0144,19692.69,16010.55,3682.14,2024-06-11,Paid
TXN_LOAN0238_15,LOAN0238,CUST0144,19692.69,16155.29,3537.4,2024-07-11,Paid
TXN_LOAN0238_16,LOAN0238,CUST0144,19692.69,16301.35,3391.34,2024-08-11,Paid
TXN_LOAN0238_17,LOAN0238,CUST0144,19692.69,16448.72,3243.97,2024-09-11,Paid
TXN_LOAN0238_18,LOAN0238,CUST0144,19692.69,16597.43,3095.26,2024-10-11,Paid
TXN_LOAN0238_19,LOAN0238,CUST0144,19692.69,16747.48,2945.21,2024-11-11,Paid
TXN_LOAN0238_20,LOAN0238,CUST0144,19692.69,16898.89,2793.8,2024-12-11,Paid
TXN_LOAN0238_21,LOAN0238,CUST0144,19692.69,17051.66,2641.03,2025-01-11,Paid
TXN_LOAN0238_22,LOAN0238,CUST0144,19692.69,17205.82,2486.87,2025-02-11,Paid
TXN_LOAN0238_23,LOAN0238,CUST0144,19692.69,17361.37,2331.32,2025-03-11,Missed
TXN_LOAN0238_24,LOAN0238,CUST0144,19692.69,17518.33,2174.36,2025-04-11,Paid
TXN_LOAN0238_25,LOAN0238,CUST0144,19692.69,17676.7,2015.99,2025-05-11,Paid
TXN_LOAN0238_26,LOAN0238,CUST0144,19692.69,17836.51,1856.18,2025-06-11,Paid
TXN_LOAN0238_27,LOAN0238,CUST0144,19692.69,17997.77,1694.92,2025-07-11,Paid
TXN_LOAN0238_28,LOAN0238,CUST0144,19692.69,18160.48,1532.21,2025-08-11,Paid
TXN_LOAN0238_29,LOAN0238,CUST0144,19692.69,18324.66,1368.03,2025-09-11,Paid
TXN_LOAN0238_30,LOAN0238,CUST0144,19692.69,18490.32,1202.37,2025-10-11,Paid
TXN_LOAN0238_31,LOAN0238,CUST0144,19692.69,18657.49,1035.2,2025-11-11,Paid
TXN_LOAN0238_32,LOAN0238,CUST0144,19692.69,18826.16,866.53,2025-12-11,Paid
TXN_LOAN0238_33,LOAN0238,CUST0144,19692.69,18996.36,696.33,2026-01-11,Paid
TXN_LOAN0238_34,LOAN0238,CUST0144,19692.69,19168.1,524.59,2026-02-11,Paid
TXN_LOAN0238_35,LOAN0238,CUST0144,19692.69,19341.39,351.3,2026-03-11,Paid
TXN_LOAN0238_36,LOAN0238,CUST0144,19692.69,19516.32,176.37,2026-04-11,Paid
TXN_LOAN0239_1,LOAN0239,CUST0196,6020.65,4829.55,1191.1,2023-08-05,Paid
TXN_LOAN0239_2,LOAN0239,CUST0196,6020.65,4874.11,1146.54,2023-09-05,Paid
TXN_LOAN0239_3,LOAN0239,CUST0196,6020.65,4919.09,1101.56,2023-10-05,Paid
TXN_LOAN0239_4,LOAN0239,CUST0196,6020.65,4964.48,1056.17,2023-11-05,Paid
TXN_LOAN0239_5,LOAN0239,CUST0196,6020.65,5010.29,1010.36,2023-12-05,Paid
TXN_LOAN0239_6,LOAN0239,CUST0196,6020.65,5056.52,964.13,2024-01-05,Paid
TXN_LOAN0239_7,LOAN0239,CUST0196,6020.65,5103.18,917.47,2024-02-05,Paid
TXN_LOAN0239_8,LOAN0239,CUST0196,6020.65,5150.27,870.38,2024-03-05,Paid
TXN_LOAN0239_9,LOAN0239,CUST0196,6020.65,5197.79,822.86,2024-04-05,Missed
TXN_LOAN0239_10,LOAN0239,CUST0196,6020.65,5245.75,774.9,2024-05-05,Paid
TXN_LOAN0239_11,LOAN0239,CUST0196,6020.65,5294.16,726.49,2024-06-05,Paid
TXN_LOAN0239_12,LOAN0239,CUST0196,6020.65,5343.01,677.64,2024-07-05,Paid
TXN_LOAN0239_13,LOAN0239,CUST0196,6020.65,5392.31,628.34,2024-08-05,Paid
TXN_LOAN0239_14,LOAN0239,CUST0196,6020.65,5442.07,578.58,2024-09-05,Paid
TXN_LOAN0239_15,LOAN0239,CUST0196,6020.65,5492.28,528.37,2024-10-05,Paid
TXN_LOAN0239_16,LOAN0239,CUST0196,6020.65,5542.96,477.69,2024-11-05,Paid
TXN_LOAN0239_17,LOAN0239,CUST0196,6020.65,5594.11,426.54,2024-12-05,Paid
TXN_LOAN0239_18,LOAN0239,CUST0196,6020.65,5645.73,374.92,2025-01-05,Paid
TXN_LOAN0239_19,LOAN0239,CUST0196,6020.65,5697.83,322.82,2025-02-05,Paid
TXN_LOAN0239_20,LOAN0239,CUST0196,6020.65,5750.4,270.25,2025-03-05,Paid
TXN_LOAN0239_21,LOAN0239,CUST0196,6020.65,5803.46,217.19,2025-04-05,Paid
TXN_LOAN0239_22,LOAN0239,CUST0196,6020.65,5857.01,163.64,2025-05-05,Paid
TXN_LOAN0239_23,LOAN0239,CUST0196,6020.65,5911.06,109.59,2025-06-05,Paid
TXN_LOAN0239_24,LOAN0239,CUST0196,6020.65,5965.58,55.07,2025-07-05,Paid
TXN_LOAN0240_1,LOAN0240,CUST0165,29818.48,21685.54,8132.94,2023-06-12,Missed
TXN_LOAN0240_2,LOAN0240,CUST0165,29818.48,21975.23,7843.25,2023-07-12,Paid
TXN_LOAN0240_3,LOAN0240,CUST0165,29818.48,22268.79,7549.69,2023-08-12,Paid
TXN_LOAN0240_4,LOAN0240,CUST0165,29818.48,22566.26,7252.22,2023-09-12,Paid
TXN_LOAN0240_5,LOAN0240,CUST0165,29818.48,22867.72,6950.76,2023-10-12,Paid
TXN_LOAN0240_6,LOAN0240,CUST0165,29818.48,23173.2,6645.28,2023-11-12,Paid
TXN_LOAN0240_7,LOAN0240,CUST0165,29818.48,23482.76,6335.72,2023-12-12,Paid
TXN_LOAN0240_8,LOAN0240,CUST0165,29818.48,23796.45,6022.03,2024-01-12,Paid
TXN_LOAN0240_9,LOAN0240,CUST0165,29818.48,24114.34,5704.14,2024-02-12,Missed
TXN_LOAN0240_10,LOAN0240,CUST0165,29818.48,24436.47,5382.01,2024-03-12,Paid
TXN_LOAN0240_11,LOAN0240,CUST0165,29818.48,24762.91,5055.57,2024-04-12,Paid
TXN_LOAN0240_12,LOAN0240,CUST0165,29818.48,25093.7,4724.78,2024-05-12,Missed
TXN_LOAN0240_13,LOAN0240,CUST0165,29818.48,25428.92,4389.56,2024-06-12,Paid
TXN_LOAN0240_14,LOAN0240,CUST0165,29818.48,25768.61,4049.87,2024-07-12,Paid
TXN_LOAN0240_15,LOAN0240,CUST0165,29818.48,26112.84,3705.64,2024-08-12,Paid
TXN_LOAN0240_16,LOAN0240,CUST0165,29818.48,26461.67,3356.81,2024-09-12,Paid
TXN_LOAN0240_17,LOAN0240,CUST0165,29818.48,26815.16,3003.32,2024-10-12,Paid
TXN_LOAN0240_18,LOAN0240,CUST0165,29818.48,27173.37,2645.11,2024-11-12,Paid
TXN_LOAN0240_19,LOAN0240,CUST0165,29818.48,27536.37,2282.11,2024-12-12,Paid
TXN_LOAN0240_20,LOAN0240,CUST0165,29818.48,27904.22,1914.26,2025-01-12,Paid
TXN_LOAN0240_21,LOAN0240,CUST0165,29818.48,28276.98,1541.5,2025-02-12,Paid
TXN_LOAN0240_22,LOAN0240,CUST0165,29818.48,28654.72,1163.76,2025-03-12,Paid
TXN_LOAN0240_23,LOAN0240,CUST0165,29818.48,29037.5,780.98,2025-04-12,Paid
TXN_LOAN0240_24,LOAN0240,CUST0165,29818.48,29425.27,393.21,2025-05-12,Paid
TXN_LOAN0241_1,LOAN0241,CUST0182,8670.26,5089.61,3580.65,2023-05-21,Paid
TXN_LOAN0241_2,LOAN0241,CUST0182,8670.26,5146.41,3523.85,2023-06-21,Paid
TXN_LOAN0241_3,LOAN0241,CUST0182,8670.26,5203.84,3466.42,2023-07-21,Paid
TXN_LOAN0241_4,LOAN0241,CUST0182,8670.26,5261.91,3408.35,2023-08-21,Paid
TXN_LOAN0241_5,LOAN0241,CUST0182,8670.26,5320.64,3349.62,2023-09-21,Paid
TXN_LOAN0241_6,LOAN0241,CUST0182,8670.26,5380.01,3290.25,2023-10-21,Paid
TXN_LOAN0241_7,LOAN0241,CUST0182,8670.26,5440.05,3230.21,2023-11-21,Missed
TXN_LOAN0241_8,LOAN0241,CUST0182,8670.26,5500.76,3169.5,2023-12-21,Paid
TXN_LOAN0241_9,LOAN0241,CUST0182,8670.26,5562.15,3108.11,2024-01-21,Paid
TXN_LOAN0241_10,LOAN0241,CUST0182,8670.26,5624.22,3046.04,2024-02-21,Paid
TXN_LOAN0241_11,LOAN0241,CUST0182,8670.26,5686.98,2983.28,2024-03-21,Paid
TXN_LOAN0241_12,LOAN0241,CUST0182,8670.26,5750.45,2919.81,2024-04-21,Paid
TXN_LOAN0241_13,LOAN0241,CUST0182,8670.26,5814.62,2855.64,2024-05-21,Paid
TXN_LOAN0241_14,LOAN0241,CUST0182,8670.26,5879.51,2790.75,2024-06-21,Paid
TXN_LOAN0241_15,LOAN0241,CUST0182,8670.26,5945.12,2725.14,2024-07-21,Paid
TXN_LOAN0241_16,LOAN0241,CUST0182,8670.26,6011.47,2658.79,2024-08-21,Paid
TXN_LOAN0241_17,LOAN0241,CUST0182,8670.26,6078.56,2591.7,2024-09-21,Paid
TXN_LOAN0241_18,LOAN0241,CUST0182,8670.26,6146.39,2523.87,2024-10-21,Paid
TXN_LOAN0241_19,LOAN0241,CUST0182,8670.26,6214.98,2455.28,2024-11-21,Paid
TXN_LOAN0241_20,LOAN0241,CUST0182,8670.26,6284.34,2385.92,2024-12-21,Paid
TXN_LOAN0241_21,LOAN0241,CUST0182,8670.26,6354.47,2315.79,2025-01-21,Paid
TXN_LOAN0241_22,LOAN0241,CUST0182,8670.26,6425.38,2244.88,2025-02-21,Paid
TXN_LOAN0241_23,LOAN0241,CUST0182,8670.26,6497.09,2173.17,2025-03-21,Paid
TXN_LOAN0241_24,LOAN0241,CUST0182,8670.26,6569.6,2100.66,2025-04-21,Paid
TXN_LOAN0241_25,LOAN0241,CUST0182,8670.26,6642.91,2027.35,2025-05-21,Paid
TXN_LOAN0241_26,LOAN0241,CUST0182,8670.26,6717.04,1953.22,2025-06-21,Paid
TXN_LOAN0241_27,LOAN0241,CUST0182,8670.26,6792.0,1878.26,2025-07-21,Paid
TXN_LOAN0241_28,LOAN0241,CUST0182,8670.26,6867.8,1802.46,2025-08-21,Paid
TXN_LOAN0241_29,LOAN0241,CUST0182,8670.26,6944.44,1725.82,2025-09-21,Paid
TXN_LOAN0241_30,LOAN0241,CUST0182,8670.26,7021.94,1648.32,2025-10-21,Paid
TXN_LOAN0241_31,LOAN0241,CUST0182,8670.26,7100.3,1569.96,2025-11-21,Paid
TXN_LOAN0241_32,LOAN0241,CUST0182,8670.26,7179.54,1490.72,2025-12-21,Paid
TXN_LOAN0241_33,LOAN0241,CUST0182,8670.26,7259.66,1410.6,2026-01-21,Paid
TXN_LOAN0241_34,LOAN0241,CUST0182,8670.26,7340.68,1329.58,2026-02-21,Paid
TXN_LOAN0241_35,LOAN0241,CUST0182,8670.26,7422.6,1247.66,2026-03-21,Paid
TXN_LOAN0241_36,LOAN0241,CUST0182,8670.26,7505.43,1164.83,2026-04-21,Paid
TXN_LOAN0241_37,LOAN0241,CUST0182,8670.26,7589.19,1081.07,2026-05-21,Paid
TXN_LOAN0241_38,LOAN0241,CUST0182,8670.26,7673.88,996.38,2026-06-21,Paid
TXN_LOAN0241_39,LOAN0241,CUST0182,8670.26,7759.52,910.74,2026-07-21,Paid
TXN_LOAN0241_40,LOAN0241,CUST0182,8670.26,7846.11,824.15,2026-08-21,Paid
TXN_LOAN0241_41,LOAN0241,CUST0182,8670.26,7933.67,736.59,2026-09-21,Paid
TXN_LOAN0241_42,LOAN0241,CUST0182,8670.26,8022.21,648.05,2026-10-21,Paid
TXN_LOAN0241_43,LOAN0241,CUST0182,8670.26,8111.73,558.53,2026-11-21,Paid
TXN_LOAN0241_44,LOAN0241,CUST0182,8670.26,8202.26,468.0,2026-12-21,Paid
TXN_LOAN0241_45,LOAN0241,CUST0182,8670.26,8293.79,376.47,2027-01-21,Paid
TXN_LOAN0241_46,LOAN0241,CUST0182,8670.26,8386.35,283.91,2027-02-21,Paid
TXN_LOAN0241_47,LOAN0241,CUST0182,8670.26,8479.94,190.32,2027-03-21,Paid
TXN_LOAN0241_48,LOAN0241,CUST0182,8670.26,8574.45,95.81,2027-04-21,Paid
TXN_LOAN0242_1,LOAN0242,CUST0142,13649.63,9794.83,3854.8,2023-06-12,Paid
TXN_LOAN0242_2,LOAN0242,CUST0142,13649.63,9885.54,3764.09,2023-07-12,Paid
TXN_LOAN0242_3,LOAN0242,CUST0142,13649.63,9977.09,3672.54,2023-08-12,Paid
TXN_LOAN0242_4,LOAN0242,CUST0142,13649.63,10069.48,3580.15,2023-09-12,Paid
TXN_LOAN0242_5,LOAN0242,CUST0142,13649.63,10162.73,3486.9,2023-10-12,Paid
TXN_LOAN0242_6,LOAN0242,CUST0142,13649.63,10256.85,3392.78,2023-11-12,Paid
TXN_LOAN0242_7,LOAN0242,CUST0142,13649.63,10351.84,3297.79,2023-12-12,Paid
TXN_LOAN0242_8,LOAN0242,CUST0142,13649.63,10447.71,3201.92,2024-01-12,Paid
TXN_LOAN0242_9,LOAN0242,CUST0142,13649.63,10544.46,3105.17,2024-02-12,Missed
TXN_LOAN0242_10,LOAN0242,CUST0142,13649.63,10642.11,3007.52,2024-03-12,Paid
TXN_LOAN0242_11,LOAN0242,CUST0142,13649.63,10740.67,2908.96,2024-04-12,Paid
TXN_LOAN0242_12,LOAN0242,CUST0142,13649.63,10840.14,2809.49,2024-05-12,Paid
TXN_LOAN0242_13,LOAN0242,CUST0142,13649.63,10940.53,2709.1,2024-06-12,Paid
TXN_LOAN0242_14,LOAN0242,CUST0142,13649.63,11041.84,2607.79,2024-07-12,Paid
TXN_LOAN0242_15,LOAN0242,CUST0142,13649.63,11144.1,2505.53,2024-08-12,Paid
TXN_LOAN0242_16,LOAN0242,CUST0142,13649.63,11247.31,2402.32,2024-09-12,Paid
TXN_LOAN0242_17,LOAN0242,CUST0142,13649.63,11351.47,2298.16,2024-10-12,Paid
TXN_LOAN0242_18,LOAN0242,CUST0142,13649.63,11456.59,2193.04,2024-11-12,Paid
TXN_LOAN0242_19,LOAN0242,CUST0142,13649.63,11562.69,2086.94,2024-12-12,Missed
TXN_LOAN0242_20,LOAN0242,CUST0142,13649.63,11669.77,1979.86,2025-01-12,Paid
TXN_LOAN0242_21,LOAN0242,CUST0142,13649.63,11777.84,1871.79,2025-02-12,Paid
TXN_LOAN0242_22,LOAN0242,CUST0142,13649.63,11886.92,1762.71,2025-03-12,Paid
TXN_LOAN0242_23,LOAN0242,CUST0142,13649.63,11997.0,1652.63,2025-04-12,Paid
TXN_LOAN0242_24,LOAN0242,CUST0142,13649.63,12108.1,1541.53,2025-05-12,Paid
TXN_LOAN0242_25,LOAN0242,CUST0142,13649.63,12220.23,1429.4,2025-06-12,Paid
TXN_LOAN0242_26,LOAN0242,CUST0142,13649.63,12333.4,1316.23,2025-07-12,Paid
TXN_LOAN0242_27,LOAN0242,CUST0142,13649.63,12447.62,1202.01,2025-08-12,Missed
TXN_LOAN0242_28,LOAN0242,CUST0142,13649.63,12562.9,1086.73,2025-09-12,Paid
TXN_LOAN0242_29,LOAN0242,CUST0142,13649.63,12679.24,970.39,2025-10-12,Paid
TXN_LOAN0242_30,LOAN0242,CUST0142,13649.63,12796.66,852.97,2025-11-12,Missed
TXN_LOAN0242_31,LOAN0242,CUST0142,13649.63,12915.17,734.46,2025-12-12,Paid
TXN_LOAN0242_32,LOAN0242,CUST0142,13649.63,13034.78,614.85,2026-01-12,Paid
TXN_LOAN0242_33,LOAN0242,CUST0142,13649.63,13155.49,494.14,2026-02-12,Paid
TXN_LOAN0242_34,LOAN0242,CUST0142,13649.63,13277.32,372.31,2026-03-12,Paid
TXN_LOAN0242_35,LOAN0242,CUST0142,13649.63,13400.28,249.35,2026-04-12,Missed
TXN_LOAN0242_36,LOAN0242,CUST0142,13649.63,13524.3,125.33,2026-05-12,Paid
TXN_LOAN0243_1,LOAN0243,CUST0055,30869.65,20269.97,10599.68,2023-02-20,Paid
TXN_LOAN0243_2,LOAN0243,CUST0055,30869.65,20508.2,10361.45,2023-03-20,Paid
TXN_LOAN0243_3,LOAN0243,CUST0055,30869.65,20749.23,10120.42,2023-04-20,Paid
TXN_LOAN0243_4,LOAN0243,CUST0055,30869.65,20993.09,9876.56,2023-05-20,Paid
TXN_LOAN0243_5,LOAN0243,CUST0055,30869.65,21239.81,9629.84,2023-06-20,Paid
TXN_LOAN0243_6,LOAN0243,CUST0055,30869.65,21489.44,9380.21,2023-07-20,Missed
TXN_LOAN0243_7,LOAN0243,CUST0055,30869.65,21742.0,9127.65,2023-08-20,Paid
TXN_LOAN0243_8,LOAN0243,CUST0055,30869.65,21997.53,8872.12,2023-09-20,Paid
TXN_LOAN0243_9,LOAN0243,CUST0055,30869.65,22256.06,8613.59,2023-10-20,Paid
TXN_LOAN0243_10,LOAN0243,CUST0055,30869.65,22517.63,8352.02,2023-11-20,Paid
TXN_LOAN0243_11,LOAN0243,CUST0055,30869.65,22782.28,8087.37,2023-12-20,Paid
TXN_LOAN0243_12,LOAN0243,CUST0055,30869.65,23050.03,7819.62,2024-01-20,Paid
TXN_LOAN0243_13,LOAN0243,CUST0055,30869.65,23320.94,7548.71,2024-02-20,Paid
TXN_LOAN0243_14,LOAN0243,CUST0055,30869.65,23595.02,7274.63,2024-03-20,Paid
TXN_LOAN0243_15,LOAN0243,CUST0055,30869.65,23872.33,6997.32,2024-04-20,Paid
TXN_LOAN0243_16,LOAN0243,CUST0055,30869.65,24152.89,6716.76,2024-05-20,Paid
TXN_LOAN0243_17,LOAN0243,CUST0055,30869.65,24436.76,6432.89,2024-06-20,Paid
TXN_LOAN0243_18,LOAN0243,CUST0055,30869.65,24723.96,6145.69,2024-07-20,Paid
TXN_LOAN0243_19,LOAN0243,CUST0055,30869.65,25014.53,5855.12,2024-08-20,Paid
TXN_LOAN0243_20,LOAN0243,CUST0055,30869.65,25308.52,5561.13,2024-09-20,Paid
TXN_LOAN0243_21,LOAN0243,CUST0055,30869.65,25605.97,5263.68,2024-10-20,Paid
TXN_LOAN0243_22,LOAN0243,CUST0055,30869.65,25906.91,4962.74,2024-11-20,Paid
TXN_LOAN0243_23,LOAN0243,CUST0055,30869.65,26211.39,4658.26,2024-12-20,Paid
TXN_LOAN0243_24,LOAN0243,CUST0055,30869.65,26519.45,4350.2,2025-01-20,Paid
TXN_LOAN0243_25,LOAN0243,CUST0055,30869.65,26831.12,4038.53,2025-02-20,Paid
TXN_LOAN0243_26,LOAN0243,CUST0055,30869.65,27146.46,3723.19,2025-03-20,Paid
TXN_LOAN0243_27,LOAN0243,CUST0055,30869.65,27465.51,3404.14,2025-04-20,Paid
TXN_LOAN0243_28,LOAN0243,CUST0055,30869.65,27788.31,3081.34,2025-05-20,Paid
TXN_LOAN0243_29,LOAN0243,CUST0055,30869.65,28114.9,2754.75,2025-06-20,Missed
TXN_LOAN0243_30,LOAN0243,CUST0055,30869.65,28445.32,2424.33,2025-07-20,Paid
TXN_LOAN0243_31,LOAN0243,CUST0055,30869.65,28779.64,2090.01,2025-08-20,Paid
TXN_LOAN0243_32,LOAN0243,CUST0055,30869.65,29117.88,1751.77,2025-09-20,Paid
TXN_LOAN0243_33,LOAN0243,CUST0055,30869.65,29460.09,1409.56,2025-10-20,Missed
TXN_LOAN0243_34,LOAN0243,CUST0055,30869.65,29806.33,1063.32,2025-11-20,Paid
TXN_LOAN0243_35,LOAN0243,CUST0055,30869.65,30156.64,713.01,2025-12-20,Paid
TXN_LOAN0243_36,LOAN0243,CUST0055,30869.65,30510.86,358.79,2026-01-20,Paid
TXN_LOAN0244_1,LOAN0244,CUST0176,22550.27,14350.02,8200.25,2023-02-24,Paid
TXN_LOAN0244_2,LOAN0244,CUST0176,22550.27,14531.32,8018.95,2023-03-24,Missed
TXN_LOAN0244_3,LOAN0244,CUST0176,22550.27,14714.92,7835.35,2023-04-24,Paid
TXN_LOAN0244_4,LOAN0244,CUST0176,22550.27,14900.84,7649.43,2023-05-24,Paid
TXN_LOAN0244_5,LOAN0244,CUST0176,22550.27,15089.1,7461.17,2023-06-24,Missed
TXN_LOAN0244_6,LOAN0244,CUST0176,22550.27,15279.75,7270.52,2023-07-24,Paid
TXN_LOAN0244_7,LOAN0244,CUST0176,22550.27,15472.8,7077.47,2023-08-24,Paid
TXN_LOAN0244_8,LOAN0244,CUST0176,22550.27,15668.29,6881.98,2023-09-24,Missed
TXN_LOAN0244_9,LOAN0244,CUST0176,22550.27,15866.26,6684.01,2023-10-24,Paid
TXN_LOAN0244_10,LOAN0244,CUST0176,22550.27,16066.72,6483.55,2023-11-24,Paid
TXN_LOAN0244_11,LOAN0244,CUST0176,22550.27,16269.72,6280.55,2023-12-24,Missed
TXN_LOAN0244_12,LOAN0244,CUST0176,22550.27,16475.28,6074.99,2024-01-24,Paid
TXN_LOAN0244_13,LOAN0244,CUST0176,22550.27,16683.44,5866.83,2024-02-24,Paid
TXN_LOAN0244_14,LOAN0244,CUST0176,22550.27,16894.23,5656.04,2024-03-24,Paid
TXN_LOAN0244_15,LOAN0244,CUST0176,22550.27,17107.68,5442.59,2024-04-24,Paid
TXN_LOAN0244_16,LOAN0244,CUST0176,22550.27,17323.83,5226.44,2024-05-24,Paid
TXN_LOAN0244_17,LOAN0244,CUST0176,22550.27,17542.7,5007.57,2024-06-24,Paid
TXN_LOAN0244_18,LOAN0244,CUST0176,22550.27,17764.35,4785.92,2024-07-24,Paid
TXN_LOAN0244_19,LOAN0244,CUST0176,22550.27,17988.79,4561.48,2024-08-24,Paid
TXN_LOAN0244_20,LOAN0244,CUST0176,22550.27,18216.08,4334.19,2024-09-24,Paid
TXN_LOAN0244_21,LOAN0244,CUST0176,22550.27,18446.23,4104.04,2024-10-24,Paid
TXN_LOAN0244_22,LOAN0244,CUST0176,22550.27,18679.29,3870.98,2024-11-24,Paid
TXN_LOAN0244_23,LOAN0244,CUST0176,22550.27,18915.29,3634.98,2024-12-24,Paid
TXN_LOAN0244_24,LOAN0244,CUST0176,22550.27,19154.28,3395.99,2025-01-24,Paid
TXN_LOAN0244_25,LOAN0244,CUST0176,22550.27,19396.29,3153.98,2025-02-24,Paid
TXN_LOAN0244_26,LOAN0244,CUST0176,22550.27,19641.35,2908.92,2025-03-24,Paid
TXN_LOAN0244_27,LOAN0244,CUST0176,22550.27,19889.51,2660.76,2025-04-24,Paid
TXN_LOAN0244_28,LOAN0244,CUST0176,22550.27,20140.81,2409.46,2025-05-24,Paid
TXN_LOAN0244_29,LOAN0244,CUST0176,22550.27,20395.28,2154.99,2025-06-24,Paid
TXN_LOAN0244_30,LOAN0244,CUST0176,22550.27,20652.96,1897.31,2025-07-24,Paid
TXN_LOAN0244_31,LOAN0244,CUST0176,22550.27,20913.91,1636.36,2025-08-24,Paid
TXN_LOAN0244_32,LOAN0244,CUST0176,22550.27,21178.15,1372.12,2025-09-24,Paid
TXN_LOAN0244_33,LOAN0244,CUST0176,22550.27,21445.72,1104.55,2025-10-24,Paid
TXN_LOAN0244_34,LOAN0244,CUST0176,22550.27,21716.68,833.59,2025-11-24,Paid
TXN_LOAN0244_35,LOAN0244,CUST0176,22550.27,21991.06,559.21,2025-12-24,Paid
TXN_LOAN0244_36,LOAN0244,CUST0176,22550.27,22269.07,281.2,2026-01-24,Paid
TXN_LOAN0245_1,LOAN0245,CUST0007,26972.62,19579.14,7393.48,2023-09-15,Paid
TXN_LOAN0245_2,LOAN0245,CUST0007,26972.62,19754.15,7218.47,2023-10-15,Paid
TXN_LOAN0245_3,LOAN0245,CUST0007,26972.62,19930.72,7041.9,2023-11-15,Paid
TXN_LOAN0245_4,LOAN0245,CUST0007,26972.62,20108.87,6863.75,2023-12-15,Paid
TXN_LOAN0245_5,LOAN0245,CUST0007,26972.62,20288.62,6684.0,2024-01-15,Paid
TXN_LOAN0245_6,LOAN0245,CUST0007,26972.62,20469.97,6502.65,2024-02-15,Paid
TXN_LOAN0245_7,LOAN0245,CUST0007,26972.62,20652.94,6319.68,2024-03-15,Paid
TXN_LOAN0245_8,LOAN0245,CUST0007,26972.62,20837.55,6135.07,2024-04-15,Paid
TXN_LOAN0245_9,LOAN0245,CUST0007,26972.62,21023.8,5948.82,2024-05-15,Paid
TXN_LOAN0245_10,LOAN0245,CUST0007,26972.62,21211.72,5760.9,2024-06-15,Paid
TXN_LOAN0245_11,LOAN0245,CUST0007,26972.62,21401.33,5571.29,2024-07-15,Paid
TXN_LOAN0245_12,LOAN0245,CUST0007,26972.62,21592.62,5380.0,2024-08-15,Paid
TXN_LOAN0245_13,LOAN0245,CUST0007,26972.62,21785.63,5186.99,2024-09-15,Paid
TXN_LOAN0245_14,LOAN0245,CUST0007,26972.62,21980.36,4992.26,2024-10-15,Paid
TXN_LOAN0245_15,LOAN0245,CUST0007,26972.62,22176.83,4795.79,2024-11-15,Paid
TXN_LOAN0245_16,LOAN0245,CUST0007,26972.62,22375.06,4597.56,2024-12-15,Paid
TXN_LOAN0245_17,LOAN0245,CUST0007,26972.62,22575.06,4397.56,2025-01-15,Paid
TXN_LOAN0245_18,LOAN0245,CUST0007,26972.62,22776.85,4195.77,2025-02-15,Paid
TXN_LOAN0245_19,LOAN0245,CUST0007,26972.62,22980.44,3992.18,2025-03-15,Paid
TXN_LOAN0245_20,LOAN0245,CUST0007,26972.62,23185.85,3786.77,2025-04-15,Paid
TXN_LOAN0245_21,LOAN0245,CUST0007,26972.62,23393.1,3579.52,2025-05-15,Missed
TXN_LOAN0245_22,LOAN0245,CUST0007,26972.62,23602.2,3370.42,2025-06-15,Paid
TXN_LOAN0245_23,LOAN0245,CUST0007,26972.62,23813.17,3159.45,2025-07-15,Paid
TXN_LOAN0245_24,LOAN0245,CUST0007,26972.62,24026.02,2946.6,2025-08-15,Paid
TXN_LOAN0245_25,LOAN0245,CUST0007,26972.62,24240.78,2731.84,2025-09-15,Missed
TXN_LOAN0245_26,LOAN0245,CUST0007,26972.62,24457.46,2515.16,2025-10-15,Paid
TXN_LOAN0245_27,LOAN0245,CUST0007,26972.62,24676.07,2296.55,2025-11-15,Paid
TXN_LOAN0245_28,LOAN0245,CUST0007,26972.62,24896.64,2075.98,2025-12-15,Paid
TXN_LOAN0245_29,LOAN0245,CUST0007,26972.62,25119.18,1853.44,2026-01-15,Paid
TXN_LOAN0245_30,LOAN0245,CUST0007,26972.62,25343.71,1628.91,2026-02-15,Paid
TXN_LOAN0245_31,LOAN0245,CUST0007,26972.62,25570.24,1402.38,2026-03-15,Paid
TXN_LOAN0245_32,LOAN0245,CUST0007,26972.62,25798.8,1173.82,2026-04-15,Paid
TXN_LOAN0245_33,LOAN0245,CUST0007,26972.62,26029.41,943.21,2026-05-15,Paid
TXN_LOAN0245_34,LOAN0245,CUST0007,26972.62,26262.07,710.55,2026-06-15,Paid
TXN_LOAN0245_35,LOAN0245,CUST0007,26972.62,26496.82,475.8,2026-07-15,Paid
TXN_LOAN0245_36,LOAN0245,CUST0007,26972.62,26733.82,238.8,2026-08-15,Paid
TXN_LOAN0246_1,LOAN0246,CUST0074,62597.47,55477.61,7119.86,2023-07-03,Paid
TXN_LOAN0246_2,LOAN0246,CUST0074,62597.47,56038.65,6558.82,2023-08-03,Paid
TXN_LOAN0246_3,LOAN0246,CUST0074,62597.47,56605.36,5992.11,2023-09-03,Paid
TXN_LOAN0246_4,LOAN0246,CUST0074,62597.47,57177.81,5419.66,2023-10-03,Paid
TXN_LOAN0246_5,LOAN0246,CUST0074,62597.47,57756.04,4841.43,2023-11-03,Paid
TXN_LOAN0246_6,LOAN0246,CUST0074,62597.47,58340.12,4257.35,2023-12-03,Paid
TXN_LOAN0246_7,LOAN0246,CUST0074,62597.47,58930.11,3667.36,2024-01-03,Paid
TXN_LOAN0246_8,LOAN0246,CUST0074,62597.47,59526.07,3071.4,2024-02-03,Paid
TXN_LOAN0246_9,LOAN0246,CUST0074,62597.47,60128.05,2469.42,2024-03-03,Paid
TXN_LOAN0246_10,LOAN0246,CUST0074,62597.47,60736.12,1861.35,2024-04-03,Paid
TXN_LOAN0246_11,LOAN0246,CUST0074,62597.47,61350.34,1247.13,2024-05-03,Paid
TXN_LOAN0246_12,LOAN0246,CUST0074,62597.47,61970.72,626.75,2024-06-03,Paid
TXN_LOAN0247_1,LOAN0247,CUST0007,26846.58,20381.54,6465.04,2023-11-20,Paid
TXN_LOAN0247_2,LOAN0247,CUST0007,26846.58,20538.12,6308.46,2023-12-20,Paid
TXN_LOAN0247_3,LOAN0247,CUST0007,26846.58,20695.9,6150.68,2024-01-20,Paid
TXN_LOAN0247_4,LOAN0247,CUST0007,26846.58,20854.89,5991.69,2024-02-20,Paid
TXN_LOAN0247_5,LOAN0247,CUST0007,26846.58,21015.11,5831.47,2024-03-20,Paid
TXN_LOAN0247_6,LOAN0247,CUST0007,26846.58,21176.55,5670.03,2024-04-20,Paid
TXN_LOAN0247_7,LOAN0247,CUST0007,26846.58,21339.24,5507.34,2024-05-20,Paid
TXN_LOAN0247_8,LOAN0247,CUST0007,26846.58,21503.18,5343.4,2024-06-20,Paid
TXN_LOAN0247_9,LOAN0247,CUST0007,26846.58,21668.37,5178.21,2024-07-20,Paid
TXN_LOAN0247_10,LOAN0247,CUST0007,26846.58,21834.84,5011.74,2024-08-20,Paid
TXN_LOAN0247_11,LOAN0247,CUST0007,26846.58,22002.58,4844.0,2024-09-20,Paid
TXN_LOAN0247_12,LOAN0247,CUST0007,26846.58,22171.61,4674.97,2024-10-20,Paid
TXN_LOAN0247_13,LOAN0247,CUST0007,26846.58,22341.94,4504.64,2024-11-20,Paid
TXN_LOAN0247_14,LOAN0247,CUST0007,26846.58,22513.58,4333.0,2024-12-20,Paid
TXN_LOAN0247_15,LOAN0247,CUST0007,26846.58,22686.54,4160.04,2025-01-20,Paid
TXN_LOAN0247_16,LOAN0247,CUST0007,26846.58,22860.83,3985.75,2025-02-20,Paid
TXN_LOAN0247_17,LOAN0247,CUST0007,26846.58,23036.45,3810.13,2025-03-20,Paid
TXN_LOAN0247_18,LOAN0247,CUST0007,26846.58,23213.43,3633.15,2025-04-20,Paid
TXN_LOAN0247_19,LOAN0247,CUST0007,26846.58,23391.76,3454.82,2025-05-20,Missed
TXN_LOAN0247_20,LOAN0247,CUST0007,26846.58,23571.47,3275.11,2025-06-20,Paid
TXN_LOAN0247_21,LOAN0247,CUST0007,26846.58,23752.55,3094.03,2025-07-20,Missed
TXN_LOAN0247_22,LOAN0247,CUST0007,26846.58,23935.03,2911.55,2025-08-20,Paid
TXN_LOAN0247_23,LOAN0247,CUST0007,26846.58,24118.91,2727.67,2025-09-20,Paid
TXN_LOAN0247_24,LOAN0247,CUST0007,26846.58,24304.2,2542.38,2025-10-20,Paid
TXN_LOAN0247_25,LOAN0247,CUST0007,26846.58,24490.91,2355.67,2025-11-20,Paid
TXN_LOAN0247_26,LOAN0247,CUST0007,26846.58,24679.06,2167.52,2025-12-20,Missed
TXN_LOAN0247_27,LOAN0247,CUST0007,26846.58,24868.65,1977.93,2026-01-20,Paid
TXN_LOAN0247_28,LOAN0247,CUST0007,26846.58,25059.71,1786.87,2026-02-20,Paid
TXN_LOAN0247_29,LOAN0247,CUST0007,26846.58,25252.22,1594.36,2026-03-20,Missed
TXN_LOAN0247_30,LOAN0247,CUST0007,26846.58,25446.22,1400.36,2026-04-20,Paid
TXN_LOAN0247_31,LOAN0247,CUST0007,26846.58,25641.71,1204.87,2026-05-20,Paid
TXN_LOAN0247_32,LOAN0247,CUST0007,26846.58,25838.7,1007.88,2026-06-20,Paid
TXN_LOAN0247_33,LOAN0247,CUST0007,26846.58,26037.2,809.38,2026-07-20,Paid
TXN_LOAN0247_34,LOAN0247,CUST0007,26846.58,26237.23,609.35,2026-08-20,Paid
TXN_LOAN0247_35,LOAN0247,CUST0007,26846.58,26438.79,407.79,2026-09-20,Paid
TXN_LOAN0247_36,LOAN0247,CUST0007,26846.58,26641.98,204.6,2026-10-20,Paid
TXN_LOAN0248_1,LOAN0248,CUST0161,40793.54,33551.84,7241.7,2023-09-18,Paid
TXN_LOAN0248_2,LOAN0248,CUST0161,40793.54,33826.17,6967.37,2023-10-18,Paid
TXN_LOAN0248_3,LOAN0248,CUST0161,40793.54,34102.74,6690.8,2023-11-18,Missed
TXN_LOAN0248_4,LOAN0248,CUST0161,40793.54,34381.57,6411.97,2023-12-18,Paid
TXN_LOAN0248_5,LOAN0248,CUST0161,40793.54,34662.68,6130.86,2024-01-18,Paid
TXN_LOAN0248_6,LOAN0248,CUST0161,40793.54,34946.09,5847.45,2024-02-18,Paid
TXN_LOAN0248_7,LOAN0248,CUST0161,40793.54,35231.82,5561.72,2024-03-18,Paid
TXN_LOAN0248_8,LOAN0248,CUST0161,40793.54,35519.89,5273.65,2024-04-18,Paid
TXN_LOAN0248_9,LOAN0248,CUST0161,40793.54,35810.31,4983.23,2024-05-18,Paid
TXN_LOAN0248_10,LOAN0248,CUST0161,40793.54,36103.1,4690.44,2024-06-18,Paid
TXN_LOAN0248_11,LOAN0248,CUST0161,40793.54,36398.29,4395.25,2024-07-18,Paid
TXN_LOAN0248_12,LOAN0248,CUST0161,40793.54,36695.89,4097.65,2024-08-18,Paid
TXN_LOAN0248_13,LOAN0248,CUST0161,40793.54,36995.92,3797.62,2024-09-18,Paid
TXN_LOAN0248_14,LOAN0248,CUST0161,40793.54,37298.41,3495.13,2024-10-18,Paid
TXN_LOAN0248_15,LOAN0248,CUST0161,40793.54,37603.37,3190.17,2024-11-18,Paid
TXN_LOAN0248_16,LOAN0248,CUST0161,40793.54,37910.83,2882.71,2024-12-18,Paid
TXN_LOAN0248_17,LOAN0248,CUST0161,40793.54,38220.79,2572.75,2025-01-18,Paid
TXN_LOAN0248_18,LOAN0248,CUST0161,40793.54,38533.3,2260.24,2025-02-18,Missed
TXN_LOAN0248_19,LOAN0248,CUST0161,40793.54,38848.35,1945.19,2025-03-18,Paid
TXN_LOAN0248_20,LOAN0248,CUST0161,40793.54,39165.99,1627.55,2025-04-18,Paid
TXN_LOAN0248_21,LOAN0248,CUST0161,40793.54,39486.22,1307.32,2025-05-18,Paid
TXN_LOAN0248_22,LOAN0248,CUST0161,40793.54,39809.07,984.47,2025-06-18,Paid
TXN_LOAN0248_23,LOAN0248,CUST0161,40793.54,40134.56,658.98,2025-07-18,Paid
TXN_LOAN0248_24,LOAN0248,CUST0161,40793.54,40462.8,330.74,2025-08-18,Paid
TXN_LOAN0249_1,LOAN0249,CUST0151,39012.66,29063.29,9949.37,2023-12-06,Paid
TXN_LOAN0249_2,LOAN0249,CUST0151,39012.66,29422.01,9590.65,2024-01-06,Paid
TXN_LOAN0249_3,LOAN0249,CUST0151,39012.66,29785.15,9227.51,2024-02-06,Paid
TXN_LOAN0249_4,LOAN0249,CUST0151,39012.66,30152.78,8859.88,2024-03-06,Paid
TXN_LOAN0249_5,LOAN0249,CUST0151,39012.66,30524.94,8487.72,2024-04-06,Paid
TXN_LOAN0249_6,LOAN0249,CUST0151,39012.66,30901.7,8110.96,2024-05-06,Paid
TXN_LOAN0249_7,LOAN0249,CUST0151,39012.66,31283.11,7729.55,2024-06-06,Paid
TXN_LOAN0249_8,LOAN0249,CUST0151,39012.66,31669.23,7343.43,2024-07-06,Paid
TXN_LOAN0249_9,LOAN0249,CUST0151,39012.66,32060.11,6952.55,2024-08-06,Paid
TXN_LOAN0249_10,LOAN0249,CUST0151,39012.66,32455.82,6556.84,2024-09-06,Paid
TXN_LOAN0249_11,LOAN0249,CUST0151,39012.66,32856.41,6156.25,2024-10-06,Paid
TXN_LOAN0249_12,LOAN0249,CUST0151,39012.66,33261.94,5750.72,2024-11-06,Paid
TXN_LOAN0249_13,LOAN0249,CUST0151,39012.66,33672.48,5340.18,2024-12-06,Paid
TXN_LOAN0249_14,LOAN0249,CUST0151,39012.66,34088.09,4924.57,2025-01-06,Paid
TXN_LOAN0249_15,LOAN0249,CUST0151,39012.66,34508.83,4503.83,2025-02-06,Paid
TXN_LOAN0249_16,LOAN0249,CUST0151,39012.66,34934.76,4077.9,2025-03-06,Paid
TXN_LOAN0249_17,LOAN0249,CUST0151,39012.66,35365.95,3646.71,2025-04-06,Paid
TXN_LOAN0249_18,LOAN0249,CUST0151,39012.66,35802.46,3210.2,2025-05-06,Paid
TXN_LOAN0249_19,LOAN0249,CUST0151,39012.66,36244.35,2768.31,2025-06-06,Paid
TXN_LOAN0249_20,LOAN0249,CUST0151,39012.66,36691.7,2320.96,2025-07-06,Paid
TXN_LOAN0249_21,LOAN0249,CUST0151,39012.66,37144.58,1868.08,2025-08-06,Paid
TXN_LOAN0249_22,LOAN0249,CUST0151,39012.66,37603.04,1409.62,2025-09-06,Paid
TXN_LOAN0249_23,LOAN0249,CUST0151,39012.66,38067.16,945.5,2025-10-06,Paid
TXN_LOAN0249_24,LOAN0249,CUST0151,39012.66,38537.11,475.55,2025-11-06,Paid
TXN_LOAN0250_1,LOAN0250,CUST0085,78260.29,70972.73,7287.56,2024-01-25,Paid
TXN_LOAN0250_2,LOAN0250,CUST0085,78260.29,71553.19,6707.1,2024-02-25,Paid
TXN_LOAN0250_3,LOAN0250,CUST0085,78260.29,72138.4,6121.89,2024-03-25,Paid
TXN_LOAN0250_4,LOAN0250,CUST0085,78260.29,72728.39,5531.9,2024-04-25,Paid
TXN_LOAN0250_5,LOAN0250,CUST0085,78260.29,73323.21,4937.08,2024-05-25,Paid
TXN_LOAN0250_6,LOAN0250,CUST0085,78260.29,73922.9,4337.39,2024-06-25,Paid
TXN_LOAN0250_7,LOAN0250,CUST0085,78260.29,74527.49,3732.8,2024-07-25,Paid
TXN_LOAN0250_8,LOAN0250,CUST0085,78260.29,75137.02,3123.27,2024-08-25,Paid
TXN_LOAN0250_9,LOAN0250,CUST0085,78260.29,75751.54,2508.75,2024-09-25,Paid
TXN_LOAN0250_10,LOAN0250,CUST0085,78260.29,76371.09,1889.2,2024-10-25,Paid
TXN_LOAN0250_11,LOAN0250,CUST0085,78260.29,76995.7,1264.59,2024-11-25,Paid
TXN_LOAN0250_12,LOAN0250,CUST0085,78260.29,77625.34,634.95,2024-12-25,Paid
TXN_LOAN0251_1,LOAN0251,CUST0147,31302.73,24049.77,7252.96,2023-08-21,Missed
TXN_LOAN0251_2,LOAN0251,CUST0147,31302.73,24315.35,6987.38,2023-09-21,Missed
TXN_LOAN0251_3,LOAN0251,CUST0147,31302.73,24583.87,6718.86,2023-10-21,Paid
TXN_LOAN0251_4,LOAN0251,CUST0147,31302.73,24855.35,6447.38,2023-11-21,Missed
TXN_LOAN0251_5,LOAN0251,CUST0147,31302.73,25129.82,6172.91,2023-12-21,Paid
TXN_LOAN0251_6,LOAN0251,CUST0147,31302.73,25407.33,5895.4,2024-01-21,Paid
TXN_LOAN0251_7,LOAN0251,CUST0147,31302.73,25687.91,5614.82,2024-02-21,Paid
TXN_LOAN0251_8,LOAN0251,CUST0147,31302.73,25971.58,5331.15,2024-03-21,Paid
TXN_LOAN0251_9,LOAN0251,CUST0147,31302.73,26258.38,5044.35,2024-04-21,Paid
TXN_LOAN0251_10,LOAN0251,CUST0147,31302.73,26548.36,4754.37,2024-05-21,Missed
TXN_LOAN0251_11,LOAN0251,CUST0147,31302.73,26841.53,4461.2,2024-06-21,Paid
TXN_LOAN0251_12,LOAN0251,CUST0147,31302.73,27137.94,4164.79,2024-07-21,Paid
TXN_LOAN0251_13,LOAN0251,CUST0147,31302.73,27437.63,3865.1,2024-08-21,Paid
TXN_LOAN0251_14,LOAN0251,CUST0147,31302.73,27740.62,3562.11,2024-09-21,Paid
TXN_LOAN0251_15,LOAN0251,CUST0147,31302.73,28046.96,3255.77,2024-10-21,Paid
TXN_LOAN0251_16,LOAN0251,CUST0147,31302.73,28356.69,2946.04,2024-11-21,Paid
TXN_LOAN0251_17,LOAN0251,CUST0147,31302.73,28669.83,2632.9,2024-12-21,Paid
TXN_LOAN0251_18,LOAN0251,CUST0147,31302.73,28986.43,2316.3,2025-01-21,Paid
TXN_LOAN0251_19,LOAN0251,CUST0147,31302.73,29306.53,1996.2,2025-02-21,Paid
TXN_LOAN0251_20,LOAN0251,CUST0147,31302.73,29630.16,1672.57,2025-03-21,Paid
TXN_LOAN0251_21,LOAN0251,CUST0147,31302.73,29957.37,1345.36,2025-04-21,Missed
TXN_LOAN0251_22,LOAN0251,CUST0147,31302.73,30288.19,1014.54,2025-05-21,Paid
TXN_LOAN0251_23,LOAN0251,CUST0147,31302.73,30622.66,680.07,2025-06-21,Paid
TXN_LOAN0251_24,LOAN0251,CUST0147,31302.73,30960.74,341.99,2025-07-21,Paid
TXN_LOAN0252_1,LOAN0252,CUST0112,14769.8,10942.53,3827.27,2023-03-07,Paid
TXN_LOAN0252_2,LOAN0252,CUST0112,14769.8,11080.14,3689.66,2023-04-07,Missed
TXN_LOAN0252_3,LOAN0252,CUST0112,14769.8,11219.48,3550.32,2023-05-07,Paid
TXN_LOAN0252_4,LOAN0252,CUST0112,14769.8,11360.56,3409.24,2023-06-07,Paid
TXN_LOAN0252_5,LOAN0252,CUST0112,14769.8,11503.43,3266.37,2023-07-07,Paid
TXN_LOAN0252_6,LOAN0252,CUST0112,14769.8,11648.09,3121.71,2023-08-07,Missed
TXN_LOAN0252_7,LOAN0252,CUST0112,14769.8,11794.57,2975.23,2023-09-07,Paid
TXN_LOAN0252_8,LOAN0252,CUST0112,14769.8,11942.89,2826.91,2023-10-07,Paid
TXN_LOAN0252_9,LOAN0252,CUST0112,14769.8,12093.07,2676.73,2023-11-07,Paid
TXN_LOAN0252_10,LOAN0252,CUST0112,14769.8,12245.15,2524.65,2023-12-07,Paid
TXN_LOAN0252_11,LOAN0252,CUST0112,14769.8,12399.14,2370.66,2024-01-07,Paid
TXN_LOAN0252_12,LOAN0252,CUST0112,14769.8,12555.06,2214.74,2024-02-07,Paid
TXN_LOAN0252_13,LOAN0252,CUST0112,14769.8,12712.95,2056.85,2024-03-07,Paid
TXN_LOAN0252_14,LOAN0252,CUST0112,14769.8,12872.82,1896.98,2024-04-07,Paid
TXN_LOAN0252_15,LOAN0252,CUST0112,14769.8,13034.7,1735.1,2024-05-07,Paid
TXN_LOAN0252_16,LOAN0252,CUST0112,14769.8,13198.61,1571.19,2024-06-07,Paid
TXN_LOAN0252_17,LOAN0252,CUST0112,14769.8,13364.59,1405.21,2024-07-07,Paid
TXN_LOAN0252_18,LOAN0252,CUST0112,14769.8,13532.66,1237.14,2024-08-07,Paid
TXN_LOAN0252_19,LOAN0252,CUST0112,14769.8,13702.83,1066.97,2024-09-07,Paid
TXN_LOAN0252_20,LOAN0252,CUST0112,14769.8,13875.15,894.65,2024-10-07,Paid
TXN_LOAN0252_21,LOAN0252,CUST0112,14769.8,14049.64,720.16,2024-11-07,Paid
TXN_LOAN0252_22,LOAN0252,CUST0112,14769.8,14226.32,543.48,2024-12-07,Paid
TXN_LOAN0252_23,LOAN0252,CUST0112,14769.8,14405.22,364.58,2025-01-07,Paid
TXN_LOAN0252_24,LOAN0252,CUST0112,14769.8,14586.4,183.4,2025-02-07,Paid
TXN_LOAN0253_1,LOAN0253,CUST0125,31744.62,24208.0,7536.62,2023-10-17,Paid
TXN_LOAN0253_2,LOAN0253,CUST0125,31744.62,24390.94,7353.68,2023-11-17,Paid
TXN_LOAN0253_3,LOAN0253,CUST0125,31744.62,24575.27,7169.35,2023-12-17,Paid
TXN_LOAN0253_4,LOAN0253,CUST0125,31744.62,24761.0,6983.62,2024-01-17,Paid
TXN_LOAN0253_5,LOAN0253,CUST0125,31744.62,24948.12,6796.5,2024-02-17,Missed
TXN_LOAN0253_6,LOAN0253,CUST0125,31744.62,25136.66,6607.96,2024-03-17,Paid
TXN_LOAN0253_7,LOAN0253,CUST0125,31744.62,25326.63,6417.99,2024-04-17,Paid
TXN_LOAN0253_8,LOAN0253,CUST0125,31744.62,25518.03,6226.59,2024-05-17,Paid
TXN_LOAN0253_9,LOAN0253,CUST0125,31744.62,25710.88,6033.74,2024-06-17,Paid
TXN_LOAN0253_10,LOAN0253,CUST0125,31744.62,25905.18,5839.44,2024-07-17,Paid
TXN_LOAN0253_11,LOAN0253,CUST0125,31744.62,26100.96,5643.66,2024-08-17,Paid
TXN_LOAN0253_12,LOAN0253,CUST0125,31744.62,26298.21,5446.41,2024-09-17,Paid
TXN_LOAN0253_13,LOAN0253,CUST0125,31744.62,26496.95,5247.67,2024-10-17,Paid
TXN_LOAN0253_14,LOAN0253,CUST0125,31744.62,26697.2,5047.42,2024-11-17,Paid
TXN_LOAN0253_15,LOAN0253,CUST0125,31744.62,26898.96,4845.66,2024-12-17,Paid
TXN_LOAN0253_16,LOAN0253,CUST0125,31744.62,27102.24,4642.38,2025-01-17,Paid
TXN_LOAN0253_17,LOAN0253,CUST0125,31744.62,27307.06,4437.56,2025-02-17,Paid
TXN_LOAN0253_18,LOAN0253,CUST0125,31744.62,27513.43,4231.19,2025-03-17,Paid
TXN_LOAN0253_19,LOAN0253,CUST0125,31744.62,27721.36,4023.26,2025-04-17,Paid
TXN_LOAN0253_20,LOAN0253,CUST0125,31744.62,27930.86,3813.76,2025-05-17,Paid
TXN_LOAN0253_21,LOAN0253,CUST0125,31744.62,28141.94,3602.68,2025-06-17,Paid
TXN_LOAN0253_22,LOAN0253,CUST0125,31744.62,28354.61,3390.01,2025-07-17,Paid
TXN_LOAN0253_23,LOAN0253,CUST0125,31744.62,28568.9,3175.72,2025-08-17,Paid
TXN_LOAN0253_24,LOAN0253,CUST0125,31744.62,28784.8,2959.82,2025-09-17,Paid
TXN_LOAN0253_25,LOAN0253,CUST0125,31744.62,29002.34,2742.28,2025-10-17,Paid
TXN_LOAN0253_26,LOAN0253,CUST0125,31744.62,29221.52,2523.1,2025-11-17,Paid
TXN_LOAN0253_27,LOAN0253,CUST0125,31744.62,29442.35,2302.27,2025-12-17,Paid
TXN_LOAN0253_28,LOAN0253,CUST0125,31744.62,29664.86,2079.76,2026-01-17,Paid
TXN_LOAN0253_29,LOAN0253,CUST0125,31744.62,29889.05,1855.57,2026-02-17,Paid
TXN_LOAN0253_30,LOAN0253,CUST0125,31744.62,30114.93,1629.69,2026-03-17,Paid
TXN_LOAN0253_31,LOAN0253,CUST0125,31744.62,30342.51,1402.11,2026-04-17,Missed
TXN_LOAN0253_32,LOAN0253,CUST0125,31744.62,30571.82,1172.8,2026-05-17,Paid
TXN_LOAN0253_33,LOAN0253,CUST0125,31744.62,30802.86,941.76,2026-06-17,Paid
TXN_LOAN0253_34,LOAN0253,CUST0125,31744.62,31035.65,708.97,2026-07-17,Paid
TXN_LOAN0253_35,LOAN0253,CUST0125,31744.62,31270.2,474.42,2026-08-17,Paid
TXN_LOAN0253_36,LOAN0253,CUST0125,31744.62,31506.72,237.9,2026-09-17,Paid
TXN_LOAN0254_1,LOAN0254,CUST0147,31586.49,24066.32,7520.17,2023-08-07,Paid
TXN_LOAN0254_2,LOAN0254,CUST0147,31586.49,24340.54,7245.95,2023-09-07,Paid
TXN_LOAN0254_3,LOAN0254,CUST0147,31586.49,24617.88,6968.61,2023-10-07,Paid
TXN_LOAN0254_4,LOAN0254,CUST0147,31586.49,24898.38,6688.11,2023-11-07,Paid
TXN_LOAN0254_5,LOAN0254,CUST0147,31586.49,25182.08,6404.41,2023-12-07,Paid
TXN_LOAN0254_6,LOAN0254,CUST0147,31586.49,25469.01,6117.48,2024-01-07,Paid
TXN_LOAN0254_7,LOAN0254,CUST0147,31586.49,25759.21,5827.28,2024-02-07,Paid
TXN_LOAN0254_8,LOAN0254,CUST0147,31586.49,26052.72,5533.77,2024-03-07,Paid
TXN_LOAN0254_9,LOAN0254,CUST0147,31586.49,26349.57,5236.92,2024-04-07,Paid
TXN_LOAN0254_10,LOAN0254,CUST0147,31586.49,26649.81,4936.68,2024-05-07,Paid
TXN_LOAN0254_11,LOAN0254,CUST0147,31586.49,26953.46,4633.03,2024-06-07,Missed
TXN_LOAN0254_12,LOAN0254,CUST0147,31586.49,27260.58,4325.91,2024-07-07,Paid
TXN_LOAN0254_13,LOAN0254,CUST0147,31586.49,27571.19,4015.3,2024-08-07,Paid
TXN_LOAN0254_14,LOAN0254,CUST0147,31586.49,27885.34,3701.15,2024-09-07,Paid
TXN_LOAN0254_15,LOAN0254,CUST0147,31586.49,28203.08,3383.41,2024-10-07,Missed
TXN_LOAN0254_16,LOAN0254,CUST0147,31586.49,28524.43,3062.06,2024-11-07,Paid
TXN_LOAN0254_17,LOAN0254,CUST0147,31586.49,28849.45,2737.04,2024-12-07,Paid
TXN_LOAN0254_18,LOAN0254,CUST0147,31586.49,29178.16,2408.33,2025-01-07,Paid
TXN_LOAN0254_19,LOAN0254,CUST0147,31586.49,29510.63,2075.86,2025-02-07,Paid
TXN_LOAN0254_20,LOAN0254,CUST0147,31586.49,29846.88,1739.61,2025-03-07,Paid
TXN_LOAN0254_21,LOAN0254,CUST0147,31586.49,30186.96,1399.53,2025-04-07,Paid
TXN_LOAN0254_22,LOAN0254,CUST0147,31586.49,30530.92,1055.57,2025-05-07,Paid
TXN_LOAN0254_23,LOAN0254,CUST0147,31586.49,30878.8,707.69,2025-06-07,Paid
TXN_LOAN0254_24,LOAN0254,CUST0147,31586.49,31230.6,355.89,2025-07-07,Paid
TXN_LOAN0255_1,LOAN0255,CUST0036,67498.69,60758.95,6739.74,2023-03-26,Paid
TXN_LOAN0255_2,LOAN0255,CUST0036,67498.69,61293.91,6204.78,2023-04-26,Paid
TXN_LOAN0255_3,LOAN0255,CUST0036,67498.69,61833.58,5665.11,2023-05-26,Paid
TXN_LOAN0255_4,LOAN0255,CUST0036,67498.69,62378.01,5120.68,2023-06-26,Paid
TXN_LOAN0255_5,LOAN0255,CUST0036,67498.69,62927.23,4571.46,2023-07-26,Missed
TXN_LOAN0255_6,LOAN0255,CUST0036,67498.69,63481.28,4017.41,2023-08-26,Paid
TXN_LOAN0255_7,LOAN0255,CUST0036,67498.69,64040.22,3458.47,2023-09-26,Paid
TXN_LOAN0255_8,LOAN0255,CUST0036,67498.69,64604.07,2894.62,2023-10-26,Paid
TXN_LOAN0255_9,LOAN0255,CUST0036,67498.69,65172.89,2325.8,2023-11-26,Paid
TXN_LOAN0255_10,LOAN0255,CUST0036,67498.69,65746.72,1751.97,2023-12-26,Missed
TXN_LOAN0255_11,LOAN0255,CUST0036,67498.69,66325.6,1173.09,2024-01-26,Paid
TXN_LOAN0255_12,LOAN0255,CUST0036,67498.69,66909.54,589.15,2024-02-26,Paid
TXN_LOAN0256_1,LOAN0256,CUST0029,24340.78,14398.47,9942.31,2023-02-20,Paid
TXN_LOAN0256_2,LOAN0256,CUST0029,24340.78,14610.0,9730.78,2023-03-20,Missed
TXN_LOAN0256_3,LOAN0256,CUST0029,24340.78,14824.64,9516.14,2023-04-20,Paid
TXN_LOAN0256_4,LOAN0256,CUST0029,24340.78,15042.43,9298.35,2023-05-20,Paid
TXN_LOAN0256_5,LOAN0256,CUST0029,24340.78,15263.42,9077.36,2023-06-20,Paid
TXN_LOAN0256_6,LOAN0256,CUST0029,24340.78,15487.65,8853.13,2023-07-20,Paid
TXN_LOAN0256_7,LOAN0256,CUST0029,24340.78,15715.18,8625.6,2023-08-20,Paid
TXN_LOAN0256_8,LOAN0256,CUST0029,24340.78,15946.06,8394.72,2023-09-20,Missed
TXN_LOAN0256_9,LOAN0256,CUST0029,24340.78,16180.32,8160.46,2023-10-20,Missed
TXN_LOAN0256_10,LOAN0256,CUST0029,24340.78,16418.03,7922.75,2023-11-20,Paid
TXN_LOAN0256_11,LOAN0256,CUST0029,24340.78,16659.23,7681.55,2023-12-20,Paid
TXN_LOAN0256_12,LOAN0256,CUST0029,24340.78,16903.97,7436.81,2024-01-20,Paid
TXN_LOAN0256_13,LOAN0256,CUST0029,24340.78,17152.3,7188.48,2024-02-20,Missed
TXN_LOAN0256_14,LOAN0256,CUST0029,24340.78,17404.29,6936.49,2024-03-20,Paid
TXN_LOAN0256_15,LOAN0256,CUST0029,24340.78,17659.98,6680.8,2024-04-20,Paid
TXN_LOAN0256_16,LOAN0256,CUST0029,24340.78,17919.42,6421.36,2024-05-20,Missed
TXN_LOAN0256_17,LOAN0256,CUST0029,24340.78,18182.68,6158.1,2024-06-20,Paid
TXN_LOAN0256_18,LOAN0256,CUST0029,24340.78,18449.8,5890.98,2024-07-20,Paid
TXN_LOAN0256_19,LOAN0256,CUST0029,24340.78,18720.85,5619.93,2024-08-20,Paid
TXN_LOAN0256_20,LOAN0256,CUST0029,24340.78,18995.88,5344.9,2024-09-20,Paid
TXN_LOAN0256_21,LOAN0256,CUST0029,24340.78,19274.94,5065.84,2024-10-20,Paid
TXN_LOAN0256_22,LOAN0256,CUST0029,24340.78,19558.11,4782.67,2024-11-20,Paid
TXN_LOAN0256_23,LOAN0256,CUST0029,24340.78,19845.44,4495.34,2024-12-20,Paid
TXN_LOAN0256_24,LOAN0256,CUST0029,24340.78,20136.99,4203.79,2025-01-20,Paid
TXN_LOAN0256_25,LOAN0256,CUST0029,24340.78,20432.83,3907.95,2025-02-20,Paid
TXN_LOAN0256_26,LOAN0256,CUST0029,24340.78,20733.01,3607.77,2025-03-20,Paid
TXN_LOAN0256_27,LOAN0256,CUST0029,24340.78,21037.6,3303.18,2025-04-20,Missed
TXN_LOAN0256_28,LOAN0256,CUST0029,24340.78,21346.66,2994.12,2025-05-20,Paid
TXN_LOAN0256_29,LOAN0256,CUST0029,24340.78,21660.27,2680.51,2025-06-20,Paid
TXN_LOAN0256_30,LOAN0256,CUST0029,24340.78,21978.48,2362.3,2025-07-20,Paid
TXN_LOAN0256_31,LOAN0256,CUST0029,24340.78,22301.37,2039.41,2025-08-20,Missed
TXN_LOAN0256_32,LOAN0256,CUST0029,24340.78,22629.0,1711.78,2025-09-20,Paid
TXN_LOAN0256_33,LOAN0256,CUST0029,24340.78,22961.44,1379.34,2025-10-20,Paid
TXN_LOAN0256_34,LOAN0256,CUST0029,24340.78,23298.77,1042.01,2025-11-20,Missed
TXN_LOAN0256_35,LOAN0256,CUST0029,24340.78,23641.05,699.73,2025-12-20,Paid
TXN_LOAN0256_36,LOAN0256,CUST0029,24340.78,23988.44,352.34,2026-01-20,Missed
TXN_LOAN0257_1,LOAN0257,CUST0188,22159.33,13297.38,8861.95,2023-10-30,Missed
TXN_LOAN0257_2,LOAN0257,CUST0188,22159.33,13439.61,8719.72,2023-11-30,Missed
TXN_LOAN0257_3,LOAN0257,CUST0188,22159.33,13583.36,8575.97,2023-12-30,Paid
TXN_LOAN0257_4,LOAN0257,CUST0188,22159.33,13728.65,8430.68,2024-01-30,Paid
TXN_LOAN0257_5,LOAN0257,CUST0188,22159.33,13875.5,8283.83,2024-02-29,Paid
TXN_LOAN0257_6,LOAN0257,CUST0188,22159.33,14023.91,8135.42,2024-03-30,Paid
TXN_LOAN0257_7,LOAN0257,CUST0188,22159.33,14173.92,7985.41,2024-04-30,Paid
TXN_LOAN0257_8,LOAN0257,CUST0188,22159.33,14325.52,7833.81,2024-05-30,Paid
TXN_LOAN0257_9,LOAN0257,CUST0188,22159.33,14478.75,7680.58,2024-06-30,Paid
TXN_LOAN0257_10,LOAN0257,CUST0188,22159.33,14633.62,7525.71,2024-07-30,Paid
TXN_LOAN0257_11,LOAN0257,CUST0188,22159.33,14790.14,7369.19,2024-08-30,Paid
TXN_LOAN0257_12,LOAN0257,CUST0188,22159.33,14948.34,7210.99,2024-09-30,Paid
TXN_LOAN0257_13,LOAN0257,CUST0188,22159.33,15108.23,7051.1,2024-10-30,Paid
TXN_LOAN0257_14,LOAN0257,CUST0188,22159.33,15269.83,6889.5,2024-11-30,Paid
TXN_LOAN0257_15,LOAN0257,CUST0188,22159.33,15433.16,6726.17,2024-12-30,Paid
TXN_LOAN0257_16,LOAN0257,CUST0188,22159.33,15598.24,6561.09,2025-01-30,Paid
TXN_LOAN0257_17,LOAN0257,CUST0188,22159.33,15765.08,6394.25,2025-02-28,Paid
TXN_LOAN0257_18,LOAN0257,CUST0188,22159.33,15933.71,6225.62,2025-03-30,Paid
TXN_LOAN0257_19,LOAN0257,CUST0188,22159.33,16104.14,6055.19,2025-04-30,Paid
TXN_LOAN0257_20,LOAN0257,CUST0188,22159.33,16276.39,5882.94,2025-05-30,Paid
TXN_LOAN0257_21,LOAN0257,CUST0188,22159.33,16450.49,5708.84,2025-06-30,Paid
TXN_LOAN0257_22,LOAN0257,CUST0188,22159.33,16626.45,5532.88,2025-07-30,Paid
TXN_LOAN0257_23,LOAN0257,CUST0188,22159.33,16804.29,5355.04,2025-08-30,Paid
TXN_LOAN0257_24,LOAN0257,CUST0188,22159.33,16984.03,5175.3,2025-09-30,Paid
TXN_LOAN0257_25,LOAN0257,CUST0188,22159.33,17165.69,4993.64,2025-10-30,Paid
TXN_LOAN0257_26,LOAN0257,CUST0188,22159.33,17349.3,4810.03,2025-11-30,Missed
TXN_LOAN0257_27,LOAN0257,CUST0188,22159.33,17534.87,4624.46,2025-12-30,Paid
TXN_LOAN0257_28,LOAN0257,CUST0188,22159.33,17722.43,4436.9,2026-01-30,Missed
TXN_LOAN0257_29,LOAN0257,CUST0188,22159.33,17911.99,4247.34,2026-02-28,Paid
TXN_LOAN0257_30,LOAN0257,CUST0188,22159.33,18103.58,4055.75,2026-03-30,Paid
TXN_LOAN0257_31,LOAN0257,CUST0188,22159.33,18297.22,3862.11,2026-04-30,Paid
TXN_LOAN0257_32,LOAN0257,CUST0188,22159.33,18492.93,3666.4,2026-05-30,Paid
TXN_LOAN0257_33,LOAN0257,CUST0188,22159.33,18690.74,3468.59,2026-06-30,Paid
TXN_LOAN0257_34,LOAN0257,CUST0188,22159.33,18890.66,3268.67,2026-07-30,Paid
TXN_LOAN0257_35,LOAN0257,CUST0188,22159.33,19092.72,3066.61,2026-08-30,Paid
TXN_LOAN0257_36,LOAN0257,CUST0188,22159.33,19296.94,2862.39,2026-09-30,Paid
TXN_LOAN0257_37,LOAN0257,CUST0188,22159.33,19503.34,2655.99,2026-10-30,Paid
TXN_LOAN0257_38,LOAN0257,CUST0188,22159.33,19711.95,2447.38,2026-11-30,Paid
TXN_LOAN0257_39,LOAN0257,CUST0188,22159.33,19922.8,2236.53,2026-12-30,Missed
TXN_LOAN0257_40,LOAN0257,CUST0188,22159.33,20135.89,2023.44,2027-01-30,Paid
TXN_LOAN0257_41,LOAN0257,CUST0188,22159.33,20351.27,1808.06,2027-02-28,Paid
TXN_LOAN0257_42,LOAN0257,CUST0188,22159.33,20568.95,1590.38,2027-03-30,Paid
TXN_LOAN0257_43,LOAN0257,CUST0188,22159.33,20788.96,1370.37,2027-04-30,Paid
TXN_LOAN0257_44,LOAN0257,CUST0188,22159.33,21011.33,1148.0,2027-05-30,Paid
TXN_LOAN0257_45,LOAN0257,CUST0188,22159.33,21236.07,923.26,2027-06-30,Paid
TXN_LOAN0257_46,LOAN0257,CUST0188,22159.33,21463.21,696.12,2027-07-30,Paid
TXN_LOAN0257_47,LOAN0257,CUST0188,22159.33,21692.79,466.54,2027-08-30,Missed
TXN_LOAN0257_48,LOAN0257,CUST0188,22159.33,21924.63,234.7,2027-09-30,Paid
TXN_LOAN0258_1,LOAN0258,CUST0082,7306.89,4527.71,2779.18,2023-05-29,Missed
TXN_LOAN0258_2,LOAN0258,CUST0082,7306.89,4588.3,2718.59,2023-06-29,Missed
TXN_LOAN0258_3,LOAN0258,CUST0082,7306.89,4649.71,2657.18,2023-07-29,Paid
TXN_LOAN0258_4,LOAN0258,CUST0082,7306.89,4711.94,2594.95,2023-08-29,Paid
TXN_LOAN0258_5,LOAN0258,CUST0082,7306.89,4775.0,2531.89,2023-09-29,Paid
TXN_LOAN0258_6,LOAN0258,CUST0082,7306.89,4838.9,2467.99,2023-10-29,Paid
TXN_LOAN0258_7,LOAN0258,CUST0082,7306.89,4903.66,2403.23,2023-11-29,Paid
TXN_LOAN0258_8,LOAN0258,CUST0082,7306.89,4969.29,2337.6,2023-12-29,Paid
TXN_LOAN0258_9,LOAN0258,CUST0082,7306.89,5035.8,2271.09,2024-01-29,Paid
TXN_LOAN0258_10,LOAN0258,CUST0082,7306.89,5103.19,2203.7,2024-02-29,Paid
TXN_LOAN0258_11,LOAN0258,CUST0082,7306.89,5171.49,2135.4,2024-03-29,Paid
TXN_LOAN0258_12,LOAN0258,CUST0082,7306.89,5240.7,2066.19,2024-04-29,Paid
TXN_LOAN0258_13,LOAN0258,CUST0082,7306.89,5310.84,1996.05,2024-05-29,Paid
TXN_LOAN0258_14,LOAN0258,CUST0082,7306.89,5381.91,1924.98,2024-06-29,Paid
TXN_LOAN0258_15,LOAN0258,CUST0082,7306.89,5453.94,1852.95,2024-07-29,Paid
TXN_LOAN0258_16,LOAN0258,CUST0082,7306.89,5526.93,1779.96,2024-08-29,Paid
TXN_LOAN0258_17,LOAN0258,CUST0082,7306.89,5600.9,1705.99,2024-09-29,Paid
TXN_LOAN0258_18,LOAN0258,CUST0082,7306.89,5675.86,1631.03,2024-10-29,Paid
TXN_LOAN0258_19,LOAN0258,CUST0082,7306.89,5751.82,1555.07,2024-11-29,Paid
TXN_LOAN0258_20,LOAN0258,CUST0082,7306.89,5828.8,1478.09,2024-12-29,Paid
TXN_LOAN0258_21,LOAN0258,CUST0082,7306.89,5906.81,1400.08,2025-01-29,Paid
TXN_LOAN0258_22,LOAN0258,CUST0082,7306.89,5985.86,1321.03,2025-02-28,Paid
TXN_LOAN0258_23,LOAN0258,CUST0082,7306.89,6065.97,1240.92,2025-03-29,Paid
TXN_LOAN0258_24,LOAN0258,CUST0082,7306.89,6147.15,1159.74,2025-04-29,Paid
TXN_LOAN0258_25,LOAN0258,CUST0082,7306.89,6229.42,1077.47,2025-05-29,Paid
TXN_LOAN0258_26,LOAN0258,CUST0082,7306.89,6312.79,994.1,2025-06-29,Paid
TXN_LOAN0258_27,LOAN0258,CUST0082,7306.89,6397.28,909.61,2025-07-29,Paid
TXN_LOAN0258_28,LOAN0258,CUST0082,7306.89,6482.89,824.0,2025-08-29,Paid
TXN_LOAN0258_29,LOAN0258,CUST0082,7306.89,6569.66,737.23,2025-09-29,Paid
TXN_LOAN0258_30,LOAN0258,CUST0082,7306.89,6657.58,649.31,2025-10-29,Paid
TXN_LOAN0258_31,LOAN0258,CUST0082,7306.89,6746.68,560.21,2025-11-29,Paid
TXN_LOAN0258_32,LOAN0258,CUST0082,7306.89,6836.97,469.92,2025-12-29,Paid
TXN_LOAN0258_33,LOAN0258,CUST0082,7306.89,6928.47,378.42,2026-01-29,Paid
TXN_LOAN0258_34,LOAN0258,CUST0082,7306.89,7021.2,285.69,2026-02-28,Paid
TXN_LOAN0258_35,LOAN0258,CUST0082,7306.89,7115.17,191.72,2026-03-29,Paid
TXN_LOAN0258_36,LOAN0258,CUST0082,7306.89,7210.41,96.48,2026-04-29,Paid
TXN_LOAN0259_1,LOAN0259,CUST0002,65855.1,57580.74,8274.36,2023-04-12,Paid
TXN_LOAN0259_2,LOAN0259,CUST0002,65855.1,58228.64,7626.46,2023-05-12,Paid
TXN_LOAN0259_3,LOAN0259,CUST0002,65855.1,58883.82,6971.28,2023-06-12,Paid
TXN_LOAN0259_4,LOAN0259,CUST0002,65855.1,59546.37,6308.73,2023-07-12,Paid
TXN_LOAN0259_5,LOAN0259,CUST0002,65855.1,60216.38,5638.72,2023-08-12,Paid
TXN_LOAN0259_6,LOAN0259,CUST0002,65855.1,60893.93,4961.17,2023-09-12,Paid
TXN_LOAN0259_7,LOAN0259,CUST0002,65855.1,61579.1,4276.0,2023-10-12,Paid
TXN_LOAN0259_8,LOAN0259,CUST0002,65855.1,62271.98,3583.12,2023-11-12,Missed
TXN_LOAN0259_9,LOAN0259,CUST0002,65855.1,62972.66,2882.44,2023-12-12,Paid
TXN_LOAN0259_10,LOAN0259,CUST0002,65855.1,63681.22,2173.88,2024-01-12,Paid
TXN_LOAN0259_11,LOAN0259,CUST0002,65855.1,64397.75,1457.35,2024-02-12,Paid
TXN_LOAN0259_12,LOAN0259,CUST0002,65855.1,65122.41,732.69,2024-03-12,Paid
TXN_LOAN0260_1,LOAN0260,CUST0129,6625.33,5148.79,1476.54,2023-02-04,Paid
TXN_LOAN0260_2,LOAN0260,CUST0129,6625.33,5184.98,1440.35,2023-03-04,Missed
TXN_LOAN0260_3,LOAN0260,CUST0129,6625.33,5221.42,1403.91,2023-04-04,Paid
TXN_LOAN0260_4,LOAN0260,CUST0129,6625.33,5258.12,1367.21,2023-05-04,Paid
TXN_LOAN0260_5,LOAN0260,CUST0129,6625.33,5295.07,1330.26,2023-06-04,Paid
TXN_LOAN0260_6,LOAN0260,CUST0129,6625.33,5332.29,1293.04,2023-07-04,Paid
TXN_LOAN0260_7,LOAN0260,CUST0129,6625.33,5369.77,1255.56,2023-08-04,Missed
TXN_LOAN0260_8,LOAN0260,CUST0129,6625.33,5407.51,1217.82,2023-09-04,Paid
TXN_LOAN0260_9,LOAN0260,CUST0129,6625.33,5445.51,1179.82,2023-10-04,Paid
TXN_LOAN0260_10,LOAN0260,CUST0129,6625.33,5483.79,1141.54,2023-11-04,Paid
TXN_LOAN0260_11,LOAN0260,CUST0129,6625.33,5522.33,1103.0,2023-12-04,Paid
TXN_LOAN0260_12,LOAN0260,CUST0129,6625.33,5561.14,1064.19,2024-01-04,Paid
TXN_LOAN0260_13,LOAN0260,CUST0129,6625.33,5600.23,1025.1,2024-02-04,Paid
TXN_LOAN0260_14,LOAN0260,CUST0129,6625.33,5639.59,985.74,2024-03-04,Paid
TXN_LOAN0260_15,LOAN0260,CUST0129,6625.33,5679.23,946.1,2024-04-04,Paid
TXN_LOAN0260_16,LOAN0260,CUST0129,6625.33,5719.14,906.19,2024-05-04,Paid
TXN_LOAN0260_17,LOAN0260,CUST0129,6625.33,5759.34,865.99,2024-06-04,Paid
TXN_LOAN0260_18,LOAN0260,CUST0129,6625.33,5799.82,825.51,2024-07-04,Paid
TXN_LOAN0260_19,LOAN0260,CUST0129,6625.33,5840.58,784.75,2024-08-04,Paid
TXN_LOAN0260_20,LOAN0260,CUST0129,6625.33,5881.63,743.7,2024-09-04,Paid
TXN_LOAN0260_21,LOAN0260,CUST0129,6625.33,5922.97,702.36,2024-10-04,Paid
TXN_LOAN0260_22,LOAN0260,CUST0129,6625.33,5964.6,660.73,2024-11-04,Paid
TXN_LOAN0260_23,LOAN0260,CUST0129,6625.33,6006.52,618.81,2024-12-04,Paid
TXN_LOAN0260_24,LOAN0260,CUST0129,6625.33,6048.74,576.59,2025-01-04,Paid
TXN_LOAN0260_25,LOAN0260,CUST0129,6625.33,6091.25,534.08,2025-02-04,Paid
TXN_LOAN0260_26,LOAN0260,CUST0129,6625.33,6134.07,491.26,2025-03-04,Paid
TXN_LOAN0260_27,LOAN0260,CUST0129,6625.33,6177.18,448.15,2025-04-04,Paid
TXN_LOAN0260_28,LOAN0260,CUST0129,6625.33,6220.59,404.74,2025-05-04,Missed
TXN_LOAN0260_29,LOAN0260,CUST0129,6625.33,6264.32,361.01,2025-06-04,Paid
TXN_LOAN0260_30,LOAN0260,CUST0129,6625.33,6308.34,316.99,2025-07-04,Paid
TXN_LOAN0260_31,LOAN0260,CUST0129,6625.33,6352.68,272.65,2025-08-04,Paid
TXN_LOAN0260_32,LOAN0260,CUST0129,6625.33,6397.33,228.0,2025-09-04,Paid
TXN_LOAN0260_33,LOAN0260,CUST0129,6625.33,6442.29,183.04,2025-10-04,Paid
TXN_LOAN0260_34,LOAN0260,CUST0129,6625.33,6487.57,137.76,2025-11-04,Paid
TXN_LOAN0260_35,LOAN0260,CUST0129,6625.33,6533.17,92.16,2025-12-04,Paid
TXN_LOAN0260_36,LOAN0260,CUST0129,6625.33,6579.1,46.23,2026-01-04,Paid
TXN_LOAN0261_1,LOAN0261,CUST0047,31582.86,20598.46,10984.4,2023-09-09,Paid
TXN_LOAN0261_2,LOAN0261,CUST0047,31582.86,20844.47,10738.39,2023-10-09,Paid
TXN_LOAN0261_3,LOAN0261,CUST0047,31582.86,21093.41,10489.45,2023-11-09,Paid
TXN_LOAN0261_4,LOAN0261,CUST0047,31582.86,21345.33,10237.53,2023-12-09,Paid
TXN_LOAN0261_5,LOAN0261,CUST0047,31582.86,21600.25,9982.61,2024-01-09,Paid
TXN_LOAN0261_6,LOAN0261,CUST0047,31582.86,21858.22,9724.64,2024-02-09,Paid
TXN_LOAN0261_7,LOAN0261,CUST0047,31582.86,22119.27,9463.59,2024-03-09,Paid
TXN_LOAN0261_8,LOAN0261,CUST0047,31582.86,22383.44,9199.42,2024-04-09,Missed
TXN_LOAN0261_9,LOAN0261,CUST0047,31582.86,22650.77,8932.09,2024-05-09,Paid
TXN_LOAN0261_10,LOAN0261,CUST0047,31582.86,22921.28,8661.58,2024-06-09,Paid
TXN_LOAN0261_11,LOAN0261,CUST0047,31582.86,23195.03,8387.83,2024-07-09,Paid
TXN_LOAN0261_12,LOAN0261,CUST0047,31582.86,23472.05,8110.81,2024-08-09,Paid
TXN_LOAN0261_13,LOAN0261,CUST0047,31582.86,23752.37,7830.49,2024-09-09,Missed
TXN_LOAN0261_14,LOAN0261,CUST0047,31582.86,24036.04,7546.82,2024-10-09,Paid
TXN_LOAN0261_15,LOAN0261,CUST0047,31582.86,24323.1,7259.76,2024-11-09,Paid
TXN_LOAN0261_16,LOAN0261,CUST0047,31582.86,24613.59,6969.27,2024-12-09,Paid
TXN_LOAN0261_17,LOAN0261,CUST0047,31582.86,24907.55,6675.31,2025-01-09,Paid
TXN_LOAN0261_18,LOAN0261,CUST0047,31582.86,25205.02,6377.84,2025-02-09,Paid
TXN_LOAN0261_19,LOAN0261,CUST0047,31582.86,25506.04,6076.82,2025-03-09,Paid
TXN_LOAN0261_20,LOAN0261,CUST0047,31582.86,25810.66,5772.2,2025-04-09,Paid
TXN_LOAN0261_21,LOAN0261,CUST0047,31582.86,26118.91,5463.95,2025-05-09,Paid
TXN_LOAN0261_22,LOAN0261,CUST0047,31582.86,26430.85,5152.01,2025-06-09,Paid
TXN_LOAN0261_23,LOAN0261,CUST0047,31582.86,26746.51,4836.35,2025-07-09,Paid
TXN_LOAN0261_24,LOAN0261,CUST0047,31582.86,27065.94,4516.92,2025-08-09,Paid
TXN_LOAN0261_25,LOAN0261,CUST0047,31582.86,27389.19,4193.67,2025-09-09,Paid
TXN_LOAN0261_26,LOAN0261,CUST0047,31582.86,27716.3,3866.56,2025-10-09,Paid
TXN_LOAN0261_27,LOAN0261,CUST0047,31582.86,28047.31,3535.55,2025-11-09,Paid
TXN_LOAN0261_28,LOAN0261,CUST0047,31582.86,28382.28,3200.58,2025-12-09,Paid
TXN_LOAN0261_29,LOAN0261,CUST0047,31582.86,28721.25,2861.61,2026-01-09,Paid
TXN_LOAN0261_30,LOAN0261,CUST0047,31582.86,29064.26,2518.6,2026-02-09,Paid
TXN_LOAN0261_31,LOAN0261,CUST0047,31582.86,29411.37,2171.49,2026-03-09,Paid
TXN_LOAN0261_32,LOAN0261,CUST0047,31582.86,29762.63,1820.23,2026-04-09,Paid
TXN_LOAN0261_33,LOAN0261,CUST0047,31582.86,30118.09,1464.77,2026-05-09,Paid
TXN_LOAN0261_34,LOAN0261,CUST0047,31582.86,30477.78,1105.08,2026-06-09,Paid
TXN_LOAN0261_35,LOAN0261,CUST0047,31582.86,30841.78,741.08,2026-07-09,Missed
TXN_LOAN0261_36,LOAN0261,CUST0047,31582.86,31210.2,372.66,2026-08-09,Missed
TXN_LOAN0262_1,LOAN0262,CUST0197,40108.56,33707.33,6401.23,2023-02-14,Paid
TXN_LOAN0262_2,LOAN0262,CUST0197,40108.56,34199.29,5909.27,2023-03-14,Paid
TXN_LOAN0262_3,LOAN0262,CUST0197,40108.56,34698.43,5410.13,2023-04-14,Paid
TXN_LOAN0262_4,LOAN0262,CUST0197,40108.56,35204.85,4903.71,2023-05-14,Paid
TXN_LOAN0262_5,LOAN0262,CUST0197,40108.56,35718.67,4389.89,2023-06-14,Paid
TXN_LOAN0262_6,LOAN0262,CUST0197,40108.56,36239.98,3868.58,2023-07-14,Paid
TXN_LOAN0262_7,LOAN0262,CUST0197,40108.56,36768.9,3339.66,2023-08-14,Paid
TXN_LOAN0262_8,LOAN0262,CUST0197,40108.56,37305.55,2803.01,2023-09-14,Paid
TXN_LOAN0262_9,LOAN0262,CUST0197,40108.56,37850.02,2258.54,2023-10-14,Missed
TXN_LOAN0262_10,LOAN0262,CUST0197,40108.56,38402.45,1706.11,2023-11-14,Paid
TXN_LOAN0262_11,LOAN0262,CUST0197,40108.56,38962.93,1145.63,2023-12-14,Paid
TXN_LOAN0262_12,LOAN0262,CUST0197,40108.56,39531.6,576.96,2024-01-14,Paid
TXN_LOAN0263_1,LOAN0263,CUST0148,26234.13,17270.75,8963.38,2023-02-03,Paid
TXN_LOAN0263_2,LOAN0263,CUST0148,26234.13,17472.48,8761.65,2023-03-03,Paid
TXN_LOAN0263_3,LOAN0263,CUST0148,26234.13,17676.56,8557.57,2023-04-03,Missed
TXN_LOAN0263_4,LOAN0263,CUST0148,26234.13,17883.02,8351.11,2023-05-03,Paid
TXN_LOAN0263_5,LOAN0263,CUST0148,26234.13,18091.9,8142.23,2023-06-03,Paid
TXN_LOAN0263_6,LOAN0263,CUST0148,26234.13,18303.21,7930.92,2023-07-03,Paid
TXN_LOAN0263_7,LOAN0263,CUST0148,26234.13,18516.99,7717.14,2023-08-03,Paid
TXN_LOAN0263_8,LOAN0263,CUST0148,26234.13,18733.27,7500.86,2023-09-03,Paid
TXN_LOAN0263_9,LOAN0263,CUST0148,26234.13,18952.08,7282.05,2023-10-03,Paid
TXN_LOAN0263_10,LOAN0263,CUST0148,26234.13,19173.44,7060.69,2023-11-03,Paid
TXN_LOAN0263_11,LOAN0263,CUST0148,26234.13,19397.39,6836.74,2023-12-03,Paid
TXN_LOAN0263_12,LOAN0263,CUST0148,26234.13,19623.95,6610.18,2024-01-03,Paid
TXN_LOAN0263_13,LOAN0263,CUST0148,26234.13,19853.16,6380.97,2024-02-03,Paid
TXN_LOAN0263_14,LOAN0263,CUST0148,26234.13,20085.05,6149.08,2024-03-03,Missed
TXN_LOAN0263_15,LOAN0263,CUST0148,26234.13,20319.65,5914.48,2024-04-03,Paid
TXN_LOAN0263_16,LOAN0263,CUST0148,26234.13,20556.98,5677.15,2024-05-03,Paid
TXN_LOAN0263_17,LOAN0263,CUST0148,26234.13,20797.09,5437.04,2024-06-03,Paid
TXN_LOAN0263_18,LOAN0263,CUST0148,26234.13,21040.0,5194.13,2024-07-03,Missed
TXN_LOAN0263_19,LOAN0263,CUST0148,26234.13,21285.75,4948.38,2024-08-03,Paid
TXN_LOAN0263_20,LOAN0263,CUST0148,26234.13,21534.37,4699.76,2024-09-03,Paid
TXN_LOAN0263_21,LOAN0263,CUST0148,26234.13,21785.89,4448.24,2024-10-03,Paid
TXN_LOAN0263_22,LOAN0263,CUST0148,26234.13,22040.36,4193.77,2024-11-03,Paid
TXN_LOAN0263_23,LOAN0263,CUST0148,26234.13,22297.79,3936.34,2024-12-03,Paid
TXN_LOAN0263_24,LOAN0263,CUST0148,26234.13,22558.23,3675.9,2025-01-03,Paid
TXN_LOAN0263_25,LOAN0263,CUST0148,26234.13,22821.71,3412.42,2025-02-03,Paid
TXN_LOAN0263_26,LOAN0263,CUST0148,26234.13,23088.27,3145.86,2025-03-03,Paid
TXN_LOAN0263_27,LOAN0263,CUST0148,26234.13,23357.94,2876.19,2025-04-03,Missed
TXN_LOAN0263_28,LOAN0263,CUST0148,26234.13,23630.77,2603.36,2025-05-03,Paid
TXN_LOAN0263_29,LOAN0263,CUST0148,26234.13,23906.78,2327.35,2025-06-03,Paid
TXN_LOAN0263_30,LOAN0263,CUST0148,26234.13,24186.01,2048.12,2025-07-03,Paid
TXN_LOAN0263_31,LOAN0263,CUST0148,26234.13,24468.51,1765.62,2025-08-03,Paid
TXN_LOAN0263_32,LOAN0263,CUST0148,26234.13,24754.3,1479.83,2025-09-03,Paid
TXN_LOAN0263_33,LOAN0263,CUST0148,26234.13,25043.43,1190.7,2025-10-03,Paid
TXN_LOAN0263_34,LOAN0263,CUST0148,26234.13,25335.94,898.19,2025-11-03,Paid
TXN_LOAN0263_35,LOAN0263,CUST0148,26234.13,25631.87,602.26,2025-12-03,Paid
TXN_LOAN0263_36,LOAN0263,CUST0148,26234.13,25931.11,303.02,2026-01-03,Paid
TXN_LOAN0264_1,LOAN0264,CUST0011,85653.3,72927.92,12725.38,2023-09-04,Paid
TXN_LOAN0264_2,LOAN0264,CUST0011,85653.3,73911.95,11741.35,2023-10-04,Paid
TXN_LOAN0264_3,LOAN0264,CUST0011,85653.3,74909.27,10744.03,2023-11-04,Paid
TXN_LOAN0264_4,LOAN0264,CUST0011,85653.3,75920.03,9733.27,2023-12-04,Paid
TXN_LOAN0264_5,LOAN0264,CUST0011,85653.3,76944.44,8708.86,2024-01-04,Paid
TXN_LOAN0264_6,LOAN0264,CUST0011,85653.3,77982.67,7670.63,2024-02-04,Paid
TXN_LOAN0264_7,LOAN0264,CUST0011,85653.3,79034.91,6618.39,2024-03-04,Paid
TXN_LOAN0264_8,LOAN0264,CUST0011,85653.3,80101.35,5551.95,2024-04-04,Paid
TXN_LOAN0264_9,LOAN0264,CUST0011,85653.3,81182.17,4471.13,2024-05-04,Paid
TXN_LOAN0264_10,LOAN0264,CUST0011,85653.3,82277.58,3375.72,2024-06-04,Missed
TXN_LOAN0264_11,LOAN0264,CUST0011,85653.3,83387.78,2265.52,2024-07-04,Paid
TXN_LOAN0264_12,LOAN0264,CUST0011,85653.3,84512.93,1140.37,2024-08-04,Paid
TXN_LOAN0265_1,LOAN0265,CUST0130,66661.74,56395.06,10266.68,2023-09-17,Paid
TXN_LOAN0265_2,LOAN0265,CUST0130,66661.74,57186.56,9475.18,2023-10-17,Paid
TXN_LOAN0265_3,LOAN0265,CUST0130,66661.74,57989.18,8672.56,2023-11-17,Paid
TXN_LOAN0265_4,LOAN0265,CUST0130,66661.74,58803.06,7858.68,2023-12-17,Paid
TXN_LOAN0265_5,LOAN0265,CUST0130,66661.74,59628.37,7033.37,2024-01-17,Paid
TXN_LOAN0265_6,LOAN0265,CUST0130,66661.74,60465.25,6196.49,2024-02-17,Paid
TXN_LOAN0265_7,LOAN0265,CUST0130,66661.74,61313.89,5347.85,2024-03-17,Missed
TXN_LOAN0265_8,LOAN0265,CUST0130,66661.74,62174.43,4487.31,2024-04-17,Paid
TXN_LOAN0265_9,LOAN0265,CUST0130,66661.74,63047.05,3614.69,2024-05-17,Paid
TXN_LOAN0265_10,LOAN0265,CUST0130,66661.74,63931.92,2729.82,2024-06-17,Paid
TXN_LOAN0265_11,LOAN0265,CUST0130,66661.74,64829.21,1832.53,2024-07-17,Missed
TXN_LOAN0265_12,LOAN0265,CUST0130,66661.74,65739.02,922.72,2024-08-17,Paid
TXN_LOAN0266_1,LOAN0266,CUST0195,1431.79,950.7,481.09,2024-01-02,Paid
TXN_LOAN0266_2,LOAN0266,CUST0195,1431.79,958.85,472.94,2024-02-02,Paid
TXN_LOAN0266_3,LOAN0266,CUST0195,1431.79,967.06,464.73,2024-03-02,Paid
TXN_LOAN0266_4,LOAN0266,CUST0195,1431.79,975.34,456.45,2024-04-02,Paid
TXN_LOAN0266_5,LOAN0266,CUST0195,1431.79,983.7,448.09,2024-05-02,Paid
TXN_LOAN0266_6,LOAN0266,CUST0195,1431.79,992.13,439.66,2024-06-02,Paid
TXN_LOAN0266_7,LOAN0266,CUST0195,1431.79,1000.63,431.16,2024-07-02,Missed
TXN_LOAN0266_8,LOAN0266,CUST0195,1431.79,1009.2,422.59,2024-08-02,Paid
TXN_LOAN0266_9,LOAN0266,CUST0195,1431.79,1017.85,413.94,2024-09-02,Missed
TXN_LOAN0266_10,LOAN0266,CUST0195,1431.79,1026.57,405.22,2024-10-02,Missed
TXN_LOAN0266_11,LOAN0266,CUST0195,1431.79,1035.36,396.43,2024-11-02,Paid
TXN_LOAN0266_12,LOAN0266,CUST0195,1431.79,1044.23,387.56,2024-12-02,Paid
TXN_LOAN0266_13,LOAN0266,CUST0195,1431.79,1053.18,378.61,2025-01-02,Paid
TXN_LOAN0266_14,LOAN0266,CUST0195,1431.79,1062.2,369.59,2025-02-02,Paid
TXN_LOAN0266_15,LOAN0266,CUST0195,1431.79,1071.3,360.49,2025-03-02,Paid
TXN_LOAN0266_16,LOAN0266,CUST0195,1431.79,1080.48,351.31,2025-04-02,Paid
TXN_LOAN0266_17,LOAN0266,CUST0195,1431.79,1089.74,342.05,2025-05-02,Paid
TXN_LOAN0266_18,LOAN0266,CUST0195,1431.79,1099.07,332.72,2025-06-02,Paid
TXN_LOAN0266_19,LOAN0266,CUST0195,1431.79,1108.49,323.3,2025-07-02,Paid
TXN_LOAN0266_20,LOAN0266,CUST0195,1431.79,1117.99,313.8,2025-08-02,Missed
TXN_LOAN0266_21,LOAN0266,CUST0195,1431.79,1127.56,304.23,2025-09-02,Paid
TXN_LOAN0266_22,LOAN0266,CUST0195,1431.79,1137.22,294.57,2025-10-02,Missed
TXN_LOAN0266_23,LOAN0266,CUST0195,1431.79,1146.97,284.82,2025-11-02,Paid
TXN_LOAN0266_24,LOAN0266,CUST0195,1431.79,1156.79,275.0,2025-12-02,Paid
TXN_LOAN0266_25,LOAN0266,CUST0195,1431.79,1166.7,265.09,2026-01-02,Paid
TXN_LOAN0266_26,LOAN0266,CUST0195,1431.79,1176.7,255.09,2026-02-02,Paid
TXN_LOAN0266_27,LOAN0266,CUST0195,1431.79,1186.78,245.01,2026-03-02,Paid
TXN_LOAN0266_28,LOAN0266,CUST0195,1431.79,1196.95,234.84,2026-04-02,Paid
TXN_LOAN0266_29,LOAN0266,CUST0195,1431.79,1207.2,224.59,2026-05-02,Paid
TXN_LOAN0266_30,LOAN0266,CUST0195,1431.79,1217.55,214.24,2026-06-02,Paid
TXN_LOAN0266_31,LOAN0266,CUST0195,1431.79,1227.98,203.81,2026-07-02,Paid
TXN_LOAN0266_32,LOAN0266,CUST0195,1431.79,1238.5,193.29,2026-08-02,Paid
TXN_LOAN0266_33,LOAN0266,CUST0195,1431.79,1249.11,182.68,2026-09-02,Paid
TXN_LOAN0266_34,LOAN0266,CUST0195,1431.79,1259.81,171.98,2026-10-02,Paid
TXN_LOAN0266_35,LOAN0266,CUST0195,1431.79,1270.6,161.19,2026-11-02,Missed
TXN_LOAN0266_36,LOAN0266,CUST0195,1431.79,1281.49,150.3,2026-12-02,Paid
TXN_LOAN0266_37,LOAN0266,CUST0195,1431.79,1292.47,139.32,2027-01-02,Missed
TXN_LOAN0266_38,LOAN0266,CUST0195,1431.79,1303.54,128.25,2027-02-02,Paid
TXN_LOAN0266_39,LOAN0266,CUST0195,1431.79,1314.71,117.08,2027-03-02,Paid
TXN_LOAN0266_40,LOAN0266,CUST0195,1431.79,1325.97,105.82,2027-04-02,Paid
TXN_LOAN0266_41,LOAN0266,CUST0195,1431.79,1337.33,94.46,2027-05-02,Paid
TXN_LOAN0266_42,LOAN0266,CUST0195,1431.79,1348.79,83.0,2027-06-02,Paid
TXN_LOAN0266_43,LOAN0266,CUST0195,1431.79,1360.35,71.44,2027-07-02,Paid
TXN_LOAN0266_44,LOAN0266,CUST0195,1431.79,1372.0,59.79,2027-08-02,Paid
TXN_LOAN0266_45,LOAN0266,CUST0195,1431.79,1383.75,48.04,2027-09-02,Paid
TXN_LOAN0266_46,LOAN0266,CUST0195,1431.79,1395.61,36.18,2027-10-02,Paid
TXN_LOAN0266_47,LOAN0266,CUST0195,1431.79,1407.57,24.22,2027-11-02,Paid
TXN_LOAN0266_48,LOAN0266,CUST0195,1431.79,1419.93,11.86,2027-12-02,Paid
TXN_LOAN0267_1,LOAN0267,CUST0119,33595.37,27462.68,6132.69,2023-08-05,Paid
TXN_LOAN0267_2,LOAN0267,CUST0119,33595.37,27694.29,5901.08,2023-09-05,Paid
TXN_LOAN0267_3,LOAN0267,CUST0119,33595.37,27927.86,5667.51,2023-10-05,Missed
TXN_LOAN0267_4,LOAN0267,CUST0119,33595.37,28163.39,5431.98,2023-11-05,Paid
TXN_LOAN0267_5,LOAN0267,CUST0119,33595.37,28400.92,5194.45,2023-12-05,Paid
TXN_LOAN0267_6,LOAN0267,CUST0119,33595.37,28640.44,4954.93,2024-01-05,Missed
TXN_LOAN0267_7,LOAN0267,CUST0119,33595.37,28881.99,4713.38,2024-02-05,Paid
TXN_LOAN0267_8,LOAN0267,CUST0119,33595.37,29125.57,4469.8,2024-03-05,Paid
TXN_LOAN0267_9,LOAN0267,CUST0119,33595.37,29371.21,4224.16,2024-04-05,Paid
TXN_LOAN0267_10,LOAN0267,CUST0119,33595.37,29618.91,3976.46,2024-05-05,Paid
TXN_LOAN0267_11,LOAN0267,CUST0119,33595.37,29868.71,3726.66,2024-06-05,Paid
TXN_LOAN0267_12,LOAN0267,CUST0119,33595.37,30120.61,3474.76,2024-07-05,Paid
TXN_LOAN0267_13,LOAN0267,CUST0119,33595.37,30374.64,3220.73,2024-08-05,Paid
TXN_LOAN0267_14,LOAN0267,CUST0119,33595.37,30630.81,2964.56,2024-09-05,Paid
TXN_LOAN0267_15,LOAN0267,CUST0119,33595.37,30889.15,2706.22,2024-10-05,Missed
TXN_LOAN0267_16,LOAN0267,CUST0119,33595.37,31149.66,2445.71,2024-11-05,Paid
TXN_LOAN0267_17,LOAN0267,CUST0119,33595.37,31412.36,2183.01,2024-12-05,Paid
TXN_LOAN0267_18,LOAN0267,CUST0119,33595.37,31677.29,1918.08,2025-01-05,Paid
TXN_LOAN0267_19,LOAN0267,CUST0119,33595.37,31944.44,1650.93,2025-02-05,Paid
TXN_LOAN0267_20,LOAN0267,CUST0119,33595.37,32213.85,1381.52,2025-03-05,Paid
TXN_LOAN0267_21,LOAN0267,CUST0119,33595.37,32485.53,1109.84,2025-04-05,Paid
TXN_LOAN0267_22,LOAN0267,CUST0119,33595.37,32759.51,835.86,2025-05-05,Paid
TXN_LOAN0267_23,LOAN0267,CUST0119,33595.37,33035.79,559.58,2025-06-05,Paid
TXN_LOAN0267_24,LOAN0267,CUST0119,33595.37,33314.39,280.98,2025-07-05,Paid
TXN_LOAN0268_1,LOAN0268,CUST0140,5493.23,4149.41,1343.82,2023-03-24,Paid
TXN_LOAN0268_2,LOAN0268,CUST0140,5493.23,4198.2,1295.03,2023-04-24,Paid
TXN_LOAN0268_3,LOAN0268,CUST0140,5493.23,4247.56,1245.67,2023-05-24,Paid
TXN_LOAN0268_4,LOAN0268,CUST0140,5493.23,4297.51,1195.72,2023-06-24,Missed
TXN_LOAN0268_5,LOAN0268,CUST0140,5493.23,4348.04,1145.19,2023-07-24,Paid
TXN_LOAN0268_6,LOAN0268,CUST0140,5493.23,4399.16,1094.07,2023-08-24,Paid
TXN_LOAN0268_7,LOAN0268,CUST0140,5493.23,4450.89,1042.34,2023-09-24,Paid
TXN_LOAN0268_8,LOAN0268,CUST0140,5493.23,4503.22,990.01,2023-10-24,Paid
TXN_LOAN0268_9,LOAN0268,CUST0140,5493.23,4556.17,937.06,2023-11-24,Paid
TXN_LOAN0268_10,LOAN0268,CUST0140,5493.23,4609.75,883.48,2023-12-24,Paid
TXN_LOAN0268_11,LOAN0268,CUST0140,5493.23,4663.95,829.28,2024-01-24,Paid
TXN_LOAN0268_12,LOAN0268,CUST0140,5493.23,4718.79,774.44,2024-02-24,Paid
TXN_LOAN0268_13,LOAN0268,CUST0140,5493.23,4774.27,718.96,2024-03-24,Paid
TXN_LOAN0268_14,LOAN0268,CUST0140,5493.23,4830.41,662.82,2024-04-24,Paid
TXN_LOAN0268_15,LOAN0268,CUST0140,5493.23,4887.21,606.02,2024-05-24,Missed
TXN_LOAN0268_16,LOAN0268,CUST0140,5493.23,4944.67,548.56,2024-06-24,Paid
TXN_LOAN0268_17,LOAN0268,CUST0140,5493.23,5002.81,490.42,2024-07-24,Paid
TXN_LOAN0268_18,LOAN0268,CUST0140,5493.23,5061.63,431.6,2024-08-24,Paid
TXN_LOAN0268_19,LOAN0268,CUST0140,5493.23,5121.15,372.08,2024-09-24,Paid
TXN_LOAN0268_20,LOAN0268,CUST0140,5493.23,5181.37,311.86,2024-10-24,Paid
TXN_LOAN0268_21,LOAN0268,CUST0140,5493.23,5242.29,250.94,2024-11-24,Paid
TXN_LOAN0268_22,LOAN0268,CUST0140,5493.23,5303.93,189.3,2024-12-24,Paid
TXN_LOAN0268_23,LOAN0268,CUST0140,5493.23,5366.29,126.94,2025-01-24,Missed
TXN_LOAN0268_24,LOAN0268,CUST0140,5493.23,5429.32,63.91,2025-02-24,Paid
TXN_LOAN0269_1,LOAN0269,CUST0020,3366.45,2345.2,1021.25,2023-10-11,Missed
TXN_LOAN0269_2,LOAN0269,CUST0020,3366.45,2368.87,997.58,2023-11-11,Paid
TXN_LOAN0269_3,LOAN0269,CUST0020,3366.45,2392.77,973.68,2023-12-11,Paid
TXN_LOAN0269_4,LOAN0269,CUST0020,3366.45,2416.92,949.53,2024-01-11,Paid
TXN_LOAN0269_5,LOAN0269,CUST0020,3366.45,2441.31,925.14,2024-02-11,Paid
TXN_LOAN0269_6,LOAN0269,CUST0020,3366.45,2465.95,900.5,2024-03-11,Paid
TXN_LOAN0269_7,LOAN0269,CUST0020,3366.45,2490.84,875.61,2024-04-11,Paid
TXN_LOAN0269_8,LOAN0269,CUST0020,3366.45,2515.97,850.48,2024-05-11,Paid
TXN_LOAN0269_9,LOAN0269,CUST0020,3366.45,2541.36,825.09,2024-06-11,Paid
TXN_LOAN0269_10,LOAN0269,CUST0020,3366.45,2567.01,799.44,2024-07-11,Missed
TXN_LOAN0269_11,LOAN0269,CUST0020,3366.45,2592.92,773.53,2024-08-11,Paid
TXN_LOAN0269_12,LOAN0269,CUST0020,3366.45,2619.09,747.36,2024-09-11,Missed
TXN_LOAN0269_13,LOAN0269,CUST0020,3366.45,2645.52,720.93,2024-10-11,Paid
TXN_LOAN0269_14,LOAN0269,CUST0020,3366.45,2672.22,694.23,2024-11-11,Missed
TXN_LOAN0269_15,LOAN0269,CUST0020,3366.45,2699.18,667.27,2024-12-11,Paid
TXN_LOAN0269_16,LOAN0269,CUST0020,3366.45,2726.42,640.03,2025-01-11,Paid
TXN_LOAN0269_17,LOAN0269,CUST0020,3366.45,2753.94,612.51,2025-02-11,Paid
TXN_LOAN0269_18,LOAN0269,CUST0020,3366.45,2781.73,584.72,2025-03-11,Paid
TXN_LOAN0269_19,LOAN0269,CUST0020,3366.45,2809.8,556.65,2025-04-11,Paid
TXN_LOAN0269_20,LOAN0269,CUST0020,3366.45,2838.16,528.29,2025-05-11,Paid
TXN_LOAN0269_21,LOAN0269,CUST0020,3366.45,2866.8,499.65,2025-06-11,Paid
TXN_LOAN0269_22,LOAN0269,CUST0020,3366.45,2895.73,470.72,2025-07-11,Paid
TXN_LOAN0269_23,LOAN0269,CUST0020,3366.45,2924.96,441.49,2025-08-11,Paid
TXN_LOAN0269_24,LOAN0269,CUST0020,3366.45,2954.47,411.98,2025-09-11,Paid
TXN_LOAN0269_25,LOAN0269,CUST0020,3366.45,2984.29,382.16,2025-10-11,Paid
TXN_LOAN0269_26,LOAN0269,CUST0020,3366.45,3014.41,352.04,2025-11-11,Missed
TXN_LOAN0269_27,LOAN0269,CUST0020,3366.45,3044.83,321.62,2025-12-11,Paid
TXN_LOAN0269_28,LOAN0269,CUST0020,3366.45,3075.56,290.89,2026-01-11,Paid
TXN_LOAN0269_29,LOAN0269,CUST0020,3366.45,3106.6,259.85,2026-02-11,Missed
TXN_LOAN0269_30,LOAN0269,CUST0020,3366.45,3137.95,228.5,2026-03-11,Paid
TXN_LOAN0269_31,LOAN0269,CUST0020,3366.45,3169.62,196.83,2026-04-11,Paid
TXN_LOAN0269_32,LOAN0269,CUST0020,3366.45,3201.6,164.85,2026-05-11,Paid
TXN_LOAN0269_33,LOAN0269,CUST0020,3366.45,3233.91,132.54,2026-06-11,Paid
TXN_LOAN0269_34,LOAN0269,CUST0020,3366.45,3266.55,99.9,2026-07-11,Paid
TXN_LOAN0269_35,LOAN0269,CUST0020,3366.45,3299.52,66.93,2026-08-11,Paid
TXN_LOAN0269_36,LOAN0269,CUST0020,3366.45,3333.02,33.43,2026-09-11,Paid
TXN_LOAN0270_1,LOAN0270,CUST0005,11763.21,7216.35,4546.86,2023-02-24,Paid
TXN_LOAN0270_2,LOAN0270,CUST0005,11763.21,7314.97,4448.24,2023-03-24,Paid
TXN_LOAN0270_3,LOAN0270,CUST0005,11763.21,7414.93,4348.28,2023-04-24,Missed
TXN_LOAN0270_4,LOAN0270,CUST0005,11763.21,7516.26,4246.95,2023-05-24,Paid
TXN_LOAN0270_5,LOAN0270,CUST0005,11763.21,7618.97,4144.24,2023-06-24,Missed
TXN_LOAN0270_6,LOAN0270,CUST0005,11763.21,7723.09,4040.12,2023-07-24,Missed
TXN_LOAN0270_7,LOAN0270,CUST0005,11763.21,7828.63,3934.58,2023-08-24,Paid
TXN_LOAN0270_8,LOAN0270,CUST0005,11763.21,7935.61,3827.6,2023-09-24,Paid
TXN_LOAN0270_9,LOAN0270,CUST0005,11763.21,8044.06,3719.15,2023-10-24,Paid
TXN_LOAN0270_10,LOAN0270,CUST0005,11763.21,8153.98,3609.23,2023-11-24,Paid
TXN_LOAN0270_11,LOAN0270,CUST0005,11763.21,8265.41,3497.8,2023-12-24,Paid
TXN_LOAN0270_12,LOAN0270,CUST0005,11763.21,8378.36,3384.85,2024-01-24,Missed
TXN_LOAN0270_13,LOAN0270,CUST0005,11763.21,8492.86,3270.35,2024-02-24,Paid
TXN_LOAN0270_14,LOAN0270,CUST0005,11763.21,8608.92,3154.29,2024-03-24,Paid
TXN_LOAN0270_15,LOAN0270,CUST0005,11763.21,8726.56,3036.65,2024-04-24,Paid
TXN_LOAN0270_16,LOAN0270,CUST0005,11763.21,8845.81,2917.4,2024-05-24,Paid
TXN_LOAN0270_17,LOAN0270,CUST0005,11763.21,8966.7,2796.51,2024-06-24,Paid
TXN_LOAN0270_18,LOAN0270,CUST0005,11763.21,9089.23,2673.98,2024-07-24,Paid
TXN_LOAN0270_19,LOAN0270,CUST0005,11763.21,9213.44,2549.77,2024-08-24,Paid
TXN_LOAN0270_20,LOAN0270,CUST0005,11763.21,9339.35,2423.86,2024-09-24,Paid
TXN_LOAN0270_21,LOAN0270,CUST0005,11763.21,9466.97,2296.24,2024-10-24,Paid
TXN_LOAN0270_22,LOAN0270,CUST0005,11763.21,9596.34,2166.87,2024-11-24,Paid
TXN_LOAN0270_23,LOAN0270,CUST0005,11763.21,9727.48,2035.73,2024-12-24,Paid
TXN_LOAN0270_24,LOAN0270,CUST0005,11763.21,9860.41,1902.8,2025-01-24,Paid
TXN_LOAN0270_25,LOAN0270,CUST0005,11763.21,9995.16,1768.05,2025-02-24,Paid
TXN_LOAN0270_26,LOAN0270,CUST0005,11763.21,10131.75,1631.46,2025-03-24,Paid
TXN_LOAN0270_27,LOAN0270,CUST0005,11763.21,10270.21,1493.0,2025-04-24,Paid
TXN_LOAN0270_28,LOAN0270,CUST0005,11763.21,10410.55,1352.66,2025-05-24,Paid
TXN_LOAN0270_29,LOAN0270,CUST0005,11763.21,10552.82,1210.39,2025-06-24,Paid
TXN_LOAN0270_30,LOAN0270,CUST0005,11763.21,10697.03,1066.18,2025-07-24,Missed
TXN_LOAN0270_31,LOAN0270,CUST0005,11763.21,10843.21,920.0,2025-08-24,Paid
TXN_LOAN0270_32,LOAN0270,CUST0005,11763.21,10991.39,771.82,2025-09-24,Paid
TXN_LOAN0270_33,LOAN0270,CUST0005,11763.21,11141.59,621.62,2025-10-24,Paid
TXN_LOAN0270_34,LOAN0270,CUST0005,11763.21,11293.85,469.36,2025-11-24,Paid
TXN_LOAN0270_35,LOAN0270,CUST0005,11763.21,11448.18,315.03,2025-12-24,Paid
TXN_LOAN0270_36,LOAN0270,CUST0005,11763.21,11604.57,158.64,2026-01-24,Paid
TXN_LOAN0271_1,LOAN0271,CUST0037,14308.24,7283.4,7024.84,2023-07-11,Paid
TXN_LOAN0271_2,LOAN0271,CUST0037,14308.24,7386.59,6921.65,2023-08-11,Paid
TXN_LOAN0271_3,LOAN0271,CUST0037,14308.24,7491.23,6817.01,2023-09-11,Paid
TXN_LOAN0271_4,LOAN0271,CUST0037,14308.24,7597.36,6710.88,2023-10-11,Paid
TXN_LOAN0271_5,LOAN0271,CUST0037,14308.24,7704.99,6603.25,2023-11-11,Paid
TXN_LOAN0271_6,LOAN0271,CUST0037,14308.24,7814.15,6494.09,2023-12-11,Missed
TXN_LOAN0271_7,LOAN0271,CUST0037,14308.24,7924.85,6383.39,2024-01-11,Paid
TXN_LOAN0271_8,LOAN0271,CUST0037,14308.24,8037.12,6271.12,2024-02-11,Paid
TXN_LOAN0271_9,LOAN0271,CUST0037,14308.24,8150.98,6157.26,2024-03-11,Paid
TXN_LOAN0271_10,LOAN0271,CUST0037,14308.24,8266.45,6041.79,2024-04-11,Paid
TXN_LOAN0271_11,LOAN0271,CUST0037,14308.24,8383.56,5924.68,2024-05-11,Paid
TXN_LOAN0271_12,LOAN0271,CUST0037,14308.24,8502.33,5805.91,2024-06-11,Paid
TXN_LOAN0271_13,LOAN0271,CUST0037,14308.24,8622.78,5685.46,2024-07-11,Paid
TXN_LOAN0271_14,LOAN0271,CUST0037,14308.24,8744.94,5563.3,2024-08-11,Paid
TXN_LOAN0271_15,LOAN0271,CUST0037,14308.24,8868.83,5439.41,2024-09-11,Missed
TXN_LOAN0271_16,LOAN0271,CUST0037,14308.24,8994.47,5313.77,2024-10-11,Paid
TXN_LOAN0271_17,LOAN0271,CUST0037,14308.24,9121.89,5186.35,2024-11-11,Paid
TXN_LOAN0271_18,LOAN0271,CUST0037,14308.24,9251.12,5057.12,2024-12-11,Paid
TXN_LOAN0271_19,LOAN0271,CUST0037,14308.24,9382.18,4926.06,2025-01-11,Paid
TXN_LOAN0271_20,LOAN0271,CUST0037,14308.24,9515.1,4793.14,2025-02-11,Paid
TXN_LOAN0271_21,LOAN0271,CUST0037,14308.24,9649.9,4658.34,2025-03-11,Paid
TXN_LOAN0271_22,LOAN0271,CUST0037,14308.24,9786.61,4521.63,2025-04-11,Paid
TXN_LOAN0271_23,LOAN0271,CUST0037,14308.24,9925.25,4382.99,2025-05-11,Paid
TXN_LOAN0271_24,LOAN0271,CUST0037,14308.24,10065.86,4242.38,2025-06-11,Paid
TXN_LOAN0271_25,LOAN0271,CUST0037,14308.24,10208.46,4099.78,2025-07-11,Paid
TXN_LOAN0271_26,LOAN0271,CUST0037,14308.24,10353.09,3955.15,2025-08-11,Paid
TXN_LOAN0271_27,LOAN0271,CUST0037,14308.24,10499.76,3808.48,2025-09-11,Paid
TXN_LOAN0271_28,LOAN0271,CUST0037,14308.24,10648.5,3659.74,2025-10-11,Paid
TXN_LOAN0271_29,LOAN0271,CUST0037,14308.24,10799.36,3508.88,2025-11-11,Missed
TXN_LOAN0271_30,LOAN0271,CUST0037,14308.24,10952.35,3355.89,2025-12-11,Missed
TXN_LOAN0271_31,LOAN0271,CUST0037,14308.24,11107.51,3200.73,2026-01-11,Paid
TXN_LOAN0271_32,LOAN0271,CUST0037,14308.24,11264.87,3043.37,2026-02-11,Paid
TXN_LOAN0271_33,LOAN0271,CUST0037,14308.24,11424.46,2883.78,2026-03-11,Paid
TXN_LOAN0271_34,LOAN0271,CUST0037,14308.24,11586.31,2721.93,2026-04-11,Paid
TXN_LOAN0271_35,LOAN0271,CUST0037,14308.24,11750.45,2557.79,2026-05-11,Paid
TXN_LOAN0271_36,LOAN0271,CUST0037,14308.24,11916.92,2391.32,2026-06-11,Paid
TXN_LOAN0271_37,LOAN0271,CUST0037,14308.24,12085.74,2222.5,2026-07-11,Paid
TXN_LOAN0271_38,LOAN0271,CUST0037,14308.24,12256.96,2051.28,2026-08-11,Paid
TXN_LOAN0271_39,LOAN0271,CUST0037,14308.24,12430.6,1877.64,2026-09-11,Paid
TXN_LOAN0271_40,LOAN0271,CUST0037,14308.24,12606.7,1701.54,2026-10-11,Paid
TXN_LOAN0271_41,LOAN0271,CUST0037,14308.24,12785.3,1522.94,2026-11-11,Paid
TXN_LOAN0271_42,LOAN0271,CUST0037,14308.24,12966.43,1341.81,2026-12-11,Paid
TXN_LOAN0271_43,LOAN0271,CUST0037,14308.24,13150.12,1158.12,2027-01-11,Paid
TXN_LOAN0271_44,LOAN0271,CUST0037,14308.24,13336.42,971.82,2027-02-11,Paid
TXN_LOAN0271_45,LOAN0271,CUST0037,14308.24,13525.35,782.89,2027-03-11,Paid
TXN_LOAN0271_46,LOAN0271,CUST0037,14308.24,13716.97,591.27,2027-04-11,Paid
TXN_LOAN0271_47,LOAN0271,CUST0037,14308.24,13911.29,396.95,2027-05-11,Paid
TXN_LOAN0271_48,LOAN0271,CUST0037,14308.24,14108.14,200.1,2027-06-11,Paid
TXN_LOAN0272_1,LOAN0272,CUST0166,8934.19,5644.72,3289.47,2023-07-07,Paid
TXN_LOAN0272_2,LOAN0272,CUST0166,8934.19,5698.97,3235.22,2023-08-07,Paid
TXN_LOAN0272_3,LOAN0272,CUST0166,8934.19,5753.75,3180.44,2023-09-07,Paid
TXN_LOAN0272_4,LOAN0272,CUST0166,8934.19,5809.06,3125.13,2023-10-07,Paid
TXN_LOAN0272_5,LOAN0272,CUST0166,8934.19,5864.89,3069.3,2023-11-07,Missed
TXN_LOAN0272_6,LOAN0272,CUST0166,8934.19,5921.26,3012.93,2023-12-07,Missed
TXN_LOAN0272_7,LOAN0272,CUST0166,8934.19,5978.18,2956.01,2024-01-07,Paid
TXN_LOAN0272_8,LOAN0272,CUST0166,8934.19,6035.64,2898.55,2024-02-07,Missed
TXN_LOAN0272_9,LOAN0272,CUST0166,8934.19,6093.65,2840.54,2024-03-07,Paid
TXN_LOAN0272_10,LOAN0272,CUST0166,8934.19,6152.23,2781.96,2024-04-07,Paid
TXN_LOAN0272_11,LOAN0272,CUST0166,8934.19,6211.36,2722.83,2024-05-07,Paid
TXN_LOAN0272_12,LOAN0272,CUST0166,8934.19,6271.06,2663.13,2024-06-07,Paid
TXN_LOAN0272_13,LOAN0272,CUST0166,8934.19,6331.34,2602.85,2024-07-07,Paid
TXN_LOAN0272_14,LOAN0272,CUST0166,8934.19,6392.19,2542.0,2024-08-07,Paid
TXN_LOAN0272_15,LOAN0272,CUST0166,8934.19,6453.64,2480.55,2024-09-07,Paid
TXN_LOAN0272_16,LOAN0272,CUST0166,8934.19,6515.67,2418.52,2024-10-07,Paid
TXN_LOAN0272_17,LOAN0272,CUST0166,8934.19,6578.29,2355.9,2024-11-07,Paid
TXN_LOAN0272_18,LOAN0272,CUST0166,8934.19,6641.52,2292.67,2024-12-07,Paid
TXN_LOAN0272_19,LOAN0272,CUST0166,8934.19,6705.36,2228.83,2025-01-07,Paid
TXN_LOAN0272_20,LOAN0272,CUST0166,8934.19,6769.81,2164.38,2025-02-07,Paid
TXN_LOAN0272_21,LOAN0272,CUST0166,8934.19,6834.88,2099.31,2025-03-07,Paid
TXN_LOAN0272_22,LOAN0272,CUST0166,8934.19,6900.58,2033.61,2025-04-07,Paid
TXN_LOAN0272_23,LOAN0272,CUST0166,8934.19,6966.91,1967.28,2025-05-07,Paid
TXN_LOAN0272_24,LOAN0272,CUST0166,8934.19,7033.87,1900.32,2025-06-07,Paid
TXN_LOAN0272_25,LOAN0272,CUST0166,8934.19,7101.48,1832.71,2025-07-07,Paid
TXN_LOAN0272_26,LOAN0272,CUST0166,8934.19,7169.74,1764.45,2025-08-07,Paid
TXN_LOAN0272_27,LOAN0272,CUST0166,8934.19,7238.65,1695.54,2025-09-07,Paid
TXN_LOAN0272_28,LOAN0272,CUST0166,8934.19,7308.23,1625.96,2025-10-07,Paid
TXN_LOAN0272_29,LOAN0272,CUST0166,8934.19,7378.47,1555.72,2025-11-07,Missed
TXN_LOAN0272_30,LOAN0272,CUST0166,8934.19,7449.39,1484.8,2025-12-07,Paid
TXN_LOAN0272_31,LOAN0272,CUST0166,8934.19,7521.0,1413.19,2026-01-07,Paid
TXN_LOAN0272_32,LOAN0272,CUST0166,8934.19,7593.29,1340.9,2026-02-07,Paid
TXN_LOAN0272_33,LOAN0272,CUST0166,8934.19,7666.27,1267.92,2026-03-07,Paid
TXN_LOAN0272_34,LOAN0272,CUST0166,8934.19,7739.96,1194.23,2026-04-07,Paid
TXN_LOAN0272_35,LOAN0272,CUST0166,8934.19,7814.36,1119.83,2026-05-07,Paid
TXN_LOAN0272_36,LOAN0272,CUST0166,8934.19,7889.47,1044.72,2026-06-07,Paid
TXN_LOAN0272_37,LOAN0272,CUST0166,8934.19,7965.3,968.89,2026-07-07,Paid
TXN_LOAN0272_38,LOAN0272,CUST0166,8934.19,8041.86,892.33,2026-08-07,Paid
TXN_LOAN0272_39,LOAN0272,CUST0166,8934.19,8119.16,815.03,2026-09-07,Paid
TXN_LOAN0272_40,LOAN0272,CUST0166,8934.19,8197.2,736.99,2026-10-07,Paid
TXN_LOAN0272_41,LOAN0272,CUST0166,8934.19,8275.99,658.2,2026-11-07,Paid
TXN_LOAN0272_42,LOAN0272,CUST0166,8934.19,8355.53,578.66,2026-12-07,Paid
TXN_LOAN0272_43,LOAN0272,CUST0166,8934.19,8435.85,498.34,2027-01-07,Paid
TXN_LOAN0272_44,LOAN0272,CUST0166,8934.19,8516.93,417.26,2027-02-07,Paid
TXN_LOAN0272_45,LOAN0272,CUST0166,8934.19,8598.79,335.4,2027-03-07,Paid
TXN_LOAN0272_46,LOAN0272,CUST0166,8934.19,8681.44,252.75,2027-04-07,Paid
TXN_LOAN0272_47,LOAN0272,CUST0166,8934.19,8764.89,169.3,2027-05-07,Paid
TXN_LOAN0272_48,LOAN0272,CUST0166,8934.19,8848.92,85.27,2027-06-07,Paid
TXN_LOAN0273_1,LOAN0273,CUST0137,19290.12,12763.97,6526.15,2023-04-23,Paid
TXN_LOAN0273_2,LOAN0273,CUST0137,19290.12,12874.26,6415.86,2023-05-23,Paid
TXN_LOAN0273_3,LOAN0273,CUST0137,19290.12,12985.5,6304.62,2023-06-23,Paid
TXN_LOAN0273_4,LOAN0273,CUST0137,19290.12,13097.7,6192.42,2023-07-23,Paid
TXN_LOAN0273_5,LOAN0273,CUST0137,19290.12,13210.87,6079.25,2023-08-23,Paid
TXN_LOAN0273_6,LOAN0273,CUST0137,19290.12,13325.02,5965.1,2023-09-23,Paid
TXN_LOAN0273_7,LOAN0273,CUST0137,19290.12,13440.16,5849.96,2023-10-23,Paid
TXN_LOAN0273_8,LOAN0273,CUST0137,19290.12,13556.29,5733.83,2023-11-23,Paid
TXN_LOAN0273_9,LOAN0273,CUST0137,19290.12,13673.42,5616.7,2023-12-23,Paid
TXN_LOAN0273_10,LOAN0273,CUST0137,19290.12,13791.57,5498.55,2024-01-23,Paid
TXN_LOAN0273_11,LOAN0273,CUST0137,19290.12,13910.74,5379.38,2024-02-23,Paid
TXN_LOAN0273_12,LOAN0273,CUST0137,19290.12,14030.94,5259.18,2024-03-23,Paid
TXN_LOAN0273_13,LOAN0273,CUST0137,19290.12,14152.17,5137.95,2024-04-23,Paid
TXN_LOAN0273_14,LOAN0273,CUST0137,19290.12,14274.45,5015.67,2024-05-23,Paid
TXN_LOAN0273_15,LOAN0273,CUST0137,19290.12,14397.79,4892.33,2024-06-23,Paid
TXN_LOAN0273_16,LOAN0273,CUST0137,19290.12,14522.2,4767.92,2024-07-23,Paid
TXN_LOAN0273_17,LOAN0273,CUST0137,19290.12,14647.68,4642.44,2024-08-23,Paid
TXN_LOAN0273_18,LOAN0273,CUST0137,19290.12,14774.24,4515.88,2024-09-23,Paid
TXN_LOAN0273_19,LOAN0273,CUST0137,19290.12,14901.9,4388.22,2024-10-23,Paid
TXN_LOAN0273_20,LOAN0273,CUST0137,19290.12,15030.66,4259.46,2024-11-23,Paid
TXN_LOAN0273_21,LOAN0273,CUST0137,19290.12,15160.54,4129.58,2024-12-23,Paid
TXN_LOAN0273_22,LOAN0273,CUST0137,19290.12,15291.53,3998.59,2025-01-23,Paid
TXN_LOAN0273_23,LOAN0273,CUST0137,19290.12,15423.66,3866.46,2025-02-23,Paid
TXN_LOAN0273_24,LOAN0273,CUST0137,19290.12,15556.93,3733.19,2025-03-23,Paid
TXN_LOAN0273_25,LOAN0273,CUST0137,19290.12,15691.35,3598.77,2025-04-23,Paid
TXN_LOAN0273_26,LOAN0273,CUST0137,19290.12,15826.93,3463.19,2025-05-23,Paid
TXN_LOAN0273_27,LOAN0273,CUST0137,19290.12,15963.69,3326.43,2025-06-23,Paid
TXN_LOAN0273_28,LOAN0273,CUST0137,19290.12,16101.62,3188.5,2025-07-23,Paid
TXN_LOAN0273_29,LOAN0273,CUST0137,19290.12,16240.75,3049.37,2025-08-23,Paid
TXN_LOAN0273_30,LOAN0273,CUST0137,19290.12,16381.08,2909.04,2025-09-23,Paid
TXN_LOAN0273_31,LOAN0273,CUST0137,19290.12,16522.62,2767.5,2025-10-23,Paid
TXN_LOAN0273_32,LOAN0273,CUST0137,19290.12,16665.39,2624.73,2025-11-23,Paid
TXN_LOAN0273_33,LOAN0273,CUST0137,19290.12,16809.39,2480.73,2025-12-23,Paid
TXN_LOAN0273_34,LOAN0273,CUST0137,19290.12,16954.63,2335.49,2026-01-23,Paid
TXN_LOAN0273_35,LOAN0273,CUST0137,19290.12,17101.13,2188.99,2026-02-23,Paid
TXN_LOAN0273_36,LOAN0273,CUST0137,19290.12,17248.89,2041.23,2026-03-23,Missed
TXN_LOAN0273_37,LOAN0273,CUST0137,19290.12,17397.93,1892.19,2026-04-23,Paid
TXN_LOAN0273_38,LOAN0273,CUST0137,19290.12,17548.26,1741.86,2026-05-23,Paid
TXN_LOAN0273_39,LOAN0273,CUST0137,19290.12,17699.89,1590.23,2026-06-23,Paid
TXN_LOAN0273_40,LOAN0273,CUST0137,19290.12,17852.83,1437.29,2026-07-23,Paid
TXN_LOAN0273_41,LOAN0273,CUST0137,19290.12,18007.08,1283.04,2026-08-23,Paid
TXN_LOAN0273_42,LOAN0273,CUST0137,19290.12,18162.68,1127.44,2026-09-23,Paid
TXN_LOAN0273_43,LOAN0273,CUST0137,19290.12,18319.61,970.51,2026-10-23,Paid
TXN_LOAN0273_44,LOAN0273,CUST0137,19290.12,18477.9,812.22,2026-11-23,Missed
TXN_LOAN0273_45,LOAN0273,CUST0137,19290.12,18637.56,652.56,2026-12-23,Paid
TXN_LOAN0273_46,LOAN0273,CUST0137,19290.12,18798.6,491.52,2027-01-23,Paid
TXN_LOAN0273_47,LOAN0273,CUST0137,19290.12,18961.03,329.09,2027-02-23,Paid
TXN_LOAN0273_48,LOAN0273,CUST0137,19290.12,19124.97,165.15,2027-03-23,Paid
TXN_LOAN0274_1,LOAN0274,CUST0053,19401.49,16582.19,2819.3,2023-07-08,Paid
TXN_LOAN0274_2,LOAN0274,CUST0053,19401.49,16800.59,2600.9,2023-08-08,Paid
TXN_LOAN0274_3,LOAN0274,CUST0053,19401.49,17021.87,2379.62,2023-09-08,Paid
TXN_LOAN0274_4,LOAN0274,CUST0053,19401.49,17246.07,2155.42,2023-10-08,Paid
TXN_LOAN0274_5,LOAN0274,CUST0053,19401.49,17473.22,1928.27,2023-11-08,Paid
TXN_LOAN0274_6,LOAN0274,CUST0053,19401.49,17703.36,1698.13,2023-12-08,Missed
TXN_LOAN0274_7,LOAN0274,CUST0053,19401.49,17936.53,1464.96,2024-01-08,Paid
TXN_LOAN0274_8,LOAN0274,CUST0053,19401.49,18172.77,1228.72,2024-02-08,Paid
TXN_LOAN0274_9,LOAN0274,CUST0053,19401.49,18412.13,989.36,2024-03-08,Paid
TXN_LOAN0274_10,LOAN0274,CUST0053,19401.49,18654.64,746.85,2024-04-08,Paid
TXN_LOAN0274_11,LOAN0274,CUST0053,19401.49,18900.34,501.15,2024-05-08,Paid
TXN_LOAN0274_12,LOAN0274,CUST0053,19401.49,19149.29,252.2,2024-06-08,Paid
TXN_LOAN0275_1,LOAN0275,CUST0172,16555.18,10790.76,5764.42,2023-08-07,Paid
TXN_LOAN0275_2,LOAN0275,CUST0172,16555.18,10887.41,5667.77,2023-09-07,Paid
TXN_LOAN0275_3,LOAN0275,CUST0172,16555.18,10984.93,5570.25,2023-10-07,Paid
TXN_LOAN0275_4,LOAN0275,CUST0172,16555.18,11083.32,5471.86,2023-11-07,Paid
TXN_LOAN0275_5,LOAN0275,CUST0172,16555.18,11182.59,5372.59,2023-12-07,Paid
TXN_LOAN0275_6,LOAN0275,CUST0172,16555.18,11282.75,5272.43,2024-01-07,Paid
TXN_LOAN0275_7,LOAN0275,CUST0172,16555.18,11383.8,5171.38,2024-02-07,Paid
TXN_LOAN0275_8,LOAN0275,CUST0172,16555.18,11485.76,5069.42,2024-03-07,Paid
TXN_LOAN0275_9,LOAN0275,CUST0172,16555.18,11588.64,4966.54,2024-04-07,Paid
TXN_LOAN0275_10,LOAN0275,CUST0172,16555.18,11692.43,4862.75,2024-05-07,Paid
TXN_LOAN0275_11,LOAN0275,CUST0172,16555.18,11797.16,4758.02,2024-06-07,Paid
TXN_LOAN0275_12,LOAN0275,CUST0172,16555.18,11902.82,4652.36,2024-07-07,Paid
TXN_LOAN0275_13,LOAN0275,CUST0172,16555.18,12009.43,4545.75,2024-08-07,Paid
TXN_LOAN0275_14,LOAN0275,CUST0172,16555.18,12117.0,4438.18,2024-09-07,Missed
TXN_LOAN0275_15,LOAN0275,CUST0172,16555.18,12225.53,4329.65,2024-10-07,Paid
TXN_LOAN0275_16,LOAN0275,CUST0172,16555.18,12335.03,4220.15,2024-11-07,Paid
TXN_LOAN0275_17,LOAN0275,CUST0172,16555.18,12445.51,4109.67,2024-12-07,Paid
TXN_LOAN0275_18,LOAN0275,CUST0172,16555.18,12556.98,3998.2,2025-01-07,Paid
TXN_LOAN0275_19,LOAN0275,CUST0172,16555.18,12669.45,3885.73,2025-02-07,Paid
TXN_LOAN0275_20,LOAN0275,CUST0172,16555.18,12782.93,3772.25,2025-03-07,Paid
TXN_LOAN0275_21,LOAN0275,CUST0172,16555.18,12897.42,3657.76,2025-04-07,Paid
TXN_LOAN0275_22,LOAN0275,CUST0172,16555.18,13012.94,3542.24,2025-05-07,Paid
TXN_LOAN0275_23,LOAN0275,CUST0172,16555.18,13129.49,3425.69,2025-06-07,Paid
TXN_LOAN0275_24,LOAN0275,CUST0172,16555.18,13247.09,3308.09,2025-07-07,Paid
TXN_LOAN0275_25,LOAN0275,CUST0172,16555.18,13365.74,3189.44,2025-08-07,Paid
TXN_LOAN0275_26,LOAN0275,CUST0172,16555.18,13485.45,3069.73,2025-09-07,Paid
TXN_LOAN0275_27,LOAN0275,CUST0172,16555.18,13606.24,2948.94,2025-10-07,Paid
TXN_LOAN0275_28,LOAN0275,CUST0172,16555.18,13728.11,2827.07,2025-11-07,Paid
TXN_LOAN0275_29,LOAN0275,CUST0172,16555.18,13851.06,2704.12,2025-12-07,Missed
TXN_LOAN0275_30,LOAN0275,CUST0172,16555.18,13975.12,2580.06,2026-01-07,Paid
TXN_LOAN0275_31,LOAN0275,CUST0172,16555.18,14100.3,2454.88,2026-02-07,Missed
TXN_LOAN0275_32,LOAN0275,CUST0172,16555.18,14226.59,2328.59,2026-03-07,Paid
TXN_LOAN0275_33,LOAN0275,CUST0172,16555.18,14354.01,2201.17,2026-04-07,Missed
TXN_LOAN0275_34,LOAN0275,CUST0172,16555.18,14482.58,2072.6,2026-05-07,Paid
TXN_LOAN0275_35,LOAN0275,CUST0172,16555.18,14612.29,1942.89,2026-06-07,Paid
TXN_LOAN0275_36,LOAN0275,CUST0172,16555.18,14743.17,1812.01,2026-07-07,Paid
TXN_LOAN0275_37,LOAN0275,CUST0172,16555.18,14875.22,1679.96,2026-08-07,Paid
TXN_LOAN0275_38,LOAN0275,CUST0172,16555.18,15008.45,1546.73,2026-09-07,Paid
TXN_LOAN0275_39,LOAN0275,CUST0172,16555.18,15142.88,1412.3,2026-10-07,Paid
TXN_LOAN0275_40,LOAN0275,CUST0172,16555.18,15278.51,1276.67,2026-11-07,Paid
TXN_LOAN0275_41,LOAN0275,CUST0172,16555.18,15415.36,1139.82,2026-12-07,Paid
TXN_LOAN0275_42,LOAN0275,CUST0172,16555.18,15553.43,1001.75,2027-01-07,Paid
TXN_LOAN0275_43,LOAN0275,CUST0172,16555.18,15692.73,862.45,2027-02-07,Missed
TXN_LOAN0275_44,LOAN0275,CUST0172,16555.18,15833.29,721.89,2027-03-07,Paid
TXN_LOAN0275_45,LOAN0275,CUST0172,16555.18,15975.1,580.08,2027-04-07,Missed
TXN_LOAN0275_46,LOAN0275,CUST0172,16555.18,16118.19,436.99,2027-05-07,Missed
TXN_LOAN0275_47,LOAN0275,CUST0172,16555.18,16262.56,292.62,2027-06-07,Paid
TXN_LOAN0275_48,LOAN0275,CUST0172,16555.18,16408.45,146.73,2027-07-07,Paid
TXN_LOAN0276_1,LOAN0276,CUST0099,25115.44,13181.13,11934.31,2023-04-01,Paid
TXN_LOAN0276_2,LOAN0276,CUST0099,25115.44,13359.36,11756.08,2023-05-01,Paid
TXN_LOAN0276_3,LOAN0276,CUST0099,25115.44,13540.0,11575.44,2023-06-01,Paid
TXN_LOAN0276_4,LOAN0276,CUST0099,25115.44,13723.09,11392.35,2023-07-01,Paid
TXN_LOAN0276_5,LOAN0276,CUST0099,25115.44,13908.65,11206.79,2023-08-01,Paid
TXN_LOAN0276_6,LOAN0276,CUST0099,25115.44,14096.72,11018.72,2023-09-01,Paid
TXN_LOAN0276_7,LOAN0276,CUST0099,25115.44,14287.33,10828.11,2023-10-01,Paid
TXN_LOAN0276_8,LOAN0276,CUST0099,25115.44,14480.52,10634.92,2023-11-01,Paid
TXN_LOAN0276_9,LOAN0276,CUST0099,25115.44,14676.32,10439.12,2023-12-01,Paid
TXN_LOAN0276_10,LOAN0276,CUST0099,25115.44,14874.77,10240.67,2024-01-01,Paid
TXN_LOAN0276_11,LOAN0276,CUST0099,25115.44,15075.9,10039.54,2024-02-01,Paid
TXN_LOAN0276_12,LOAN0276,CUST0099,25115.44,15279.76,9835.68,2024-03-01,Missed
TXN_LOAN0276_13,LOAN0276,CUST0099,25115.44,15486.37,9629.07,2024-04-01,Paid
TXN_LOAN0276_14,LOAN0276,CUST0099,25115.44,15695.77,9419.67,2024-05-01,Paid
TXN_LOAN0276_15,LOAN0276,CUST0099,25115.44,15908.01,9207.43,2024-06-01,Paid
TXN_LOAN0276_16,LOAN0276,CUST0099,25115.44,16123.11,8992.33,2024-07-01,Missed
TXN_LOAN0276_17,LOAN0276,CUST0099,25115.44,16341.12,8774.32,2024-08-01,Paid
TXN_LOAN0276_18,LOAN0276,CUST0099,25115.44,16562.08,8553.36,2024-09-01,Paid
TXN_LOAN0276_19,LOAN0276,CUST0099,25115.44,16786.03,8329.41,2024-10-01,Missed
TXN_LOAN0276_20,LOAN0276,CUST0099,25115.44,17013.01,8102.43,2024-11-01,Paid
TXN_LOAN0276_21,LOAN0276,CUST0099,25115.44,17243.06,7872.38,2024-12-01,Paid
TXN_LOAN0276_22,LOAN0276,CUST0099,25115.44,17476.21,7639.23,2025-01-01,Paid
TXN_LOAN0276_23,LOAN0276,CUST0099,25115.44,17712.52,7402.92,2025-02-01,Paid
TXN_LOAN0276_24,LOAN0276,CUST0099,25115.44,17952.03,7163.41,2025-03-01,Paid
TXN_LOAN0276_25,LOAN0276,CUST0099,25115.44,18194.77,6920.67,2025-04-01,Paid
TXN_LOAN0276_26,LOAN0276,CUST0099,25115.44,18440.8,6674.64,2025-05-01,Paid
TXN_LOAN0276_27,LOAN0276,CUST0099,25115.44,18690.15,6425.29,2025-06-01,Paid
TXN_LOAN0276_28,LOAN0276,CUST0099,25115.44,18942.87,6172.57,2025-07-01,Paid
TXN_LOAN0276_29,LOAN0276,CUST0099,25115.44,19199.02,5916.42,2025-08-01,Paid
TXN_LOAN0276_30,LOAN0276,CUST0099,25115.44,19458.62,5656.82,2025-09-01,Paid
TXN_LOAN0276_31,LOAN0276,CUST0099,25115.44,19721.74,5393.7,2025-10-01,Paid
TXN_LOAN0276_32,LOAN0276,CUST0099,25115.44,19988.41,5127.03,2025-11-01,Paid
TXN_LOAN0276_33,LOAN0276,CUST0099,25115.44,20258.69,4856.75,2025-12-01,Paid
TXN_LOAN0276_34,LOAN0276,CUST0099,25115.44,20532.62,4582.82,2026-01-01,Paid
TXN_LOAN0276_35,LOAN0276,CUST0099,25115.44,20810.26,4305.18,2026-02-01,Paid
TXN_LOAN0276_36,LOAN0276,CUST0099,25115.44,21091.65,4023.79,2026-03-01,Paid
TXN_LOAN0276_37,LOAN0276,CUST0099,25115.44,21376.85,3738.59,2026-04-01,Paid
TXN_LOAN0276_38,LOAN0276,CUST0099,25115.44,21665.9,3449.54,2026-05-01,Paid
TXN_LOAN0276_39,LOAN0276,CUST0099,25115.44,21958.86,3156.58,2026-06-01,Paid
TXN_LOAN0276_40,LOAN0276,CUST0099,25115.44,22255.79,2859.65,2026-07-01,Paid
TXN_LOAN0276_41,LOAN0276,CUST0099,25115.44,22556.72,2558.72,2026-08-01,Paid
TXN_LOAN0276_42,LOAN0276,CUST0099,25115.44,22861.73,2253.71,2026-09-01,Paid
TXN_LOAN0276_43,LOAN0276,CUST0099,25115.44,23170.86,1944.58,2026-10-01,Missed
TXN_LOAN0276_44,LOAN0276,CUST0099,25115.44,23484.17,1631.27,2026-11-01,Paid
TXN_LOAN0276_45,LOAN0276,CUST0099,25115.44,23801.72,1313.72,2026-12-01,Paid
TXN_LOAN0276_46,LOAN0276,CUST0099,25115.44,24123.56,991.88,2027-01-01,Missed
TXN_LOAN0276_47,LOAN0276,CUST0099,25115.44,24449.76,665.68,2027-02-01,Paid
TXN_LOAN0276_48,LOAN0276,CUST0099,25115.44,24780.61,334.83,2027-03-01,Paid
TXN_LOAN0277_1,LOAN0277,CUST0086,26017.82,18056.75,7961.07,2023-12-01,Paid
TXN_LOAN0277_2,LOAN0277,CUST0086,26017.82,18240.89,7776.93,2024-01-01,Paid
TXN_LOAN0277_3,LOAN0277,CUST0086,26017.82,18426.91,7590.91,2024-02-01,Paid
TXN_LOAN0277_4,LOAN0277,CUST0086,26017.82,18614.82,7403.0,2024-03-01,Paid
TXN_LOAN0277_5,LOAN0277,CUST0086,26017.82,18804.65,7213.17,2024-04-01,Paid
TXN_LOAN0277_6,LOAN0277,CUST0086,26017.82,18996.42,7021.4,2024-05-01,Paid
TXN_LOAN0277_7,LOAN0277,CUST0086,26017.82,19190.14,6827.68,2024-06-01,Paid
TXN_LOAN0277_8,LOAN0277,CUST0086,26017.82,19385.84,6631.98,2024-07-01,Missed
TXN_LOAN0277_9,LOAN0277,CUST0086,26017.82,19583.53,6434.29,2024-08-01,Paid
TXN_LOAN0277_10,LOAN0277,CUST0086,26017.82,19783.24,6234.58,2024-09-01,Paid
TXN_LOAN0277_11,LOAN0277,CUST0086,26017.82,19984.99,6032.83,2024-10-01,Paid
TXN_LOAN0277_12,LOAN0277,CUST0086,26017.82,20188.79,5829.03,2024-11-01,Paid
TXN_LOAN0277_13,LOAN0277,CUST0086,26017.82,20394.67,5623.15,2024-12-01,Paid
TXN_LOAN0277_14,LOAN0277,CUST0086,26017.82,20602.65,5415.17,2025-01-01,Paid
TXN_LOAN0277_15,LOAN0277,CUST0086,26017.82,20812.75,5205.07,2025-02-01,Paid
TXN_LOAN0277_16,LOAN0277,CUST0086,26017.82,21025.0,4992.82,2025-03-01,Paid
TXN_LOAN0277_17,LOAN0277,CUST0086,26017.82,21239.41,4778.41,2025-04-01,Paid
TXN_LOAN0277_18,LOAN0277,CUST0086,26017.82,21456.0,4561.82,2025-05-01,Paid
TXN_LOAN0277_19,LOAN0277,CUST0086,26017.82,21674.81,4343.01,2025-06-01,Missed
TXN_LOAN0277_20,LOAN0277,CUST0086,26017.82,21895.84,4121.98,2025-07-01,Missed
TXN_LOAN0277_21,LOAN0277,CUST0086,26017.82,22119.13,3898.69,2025-08-01,Paid
TXN_LOAN0277_22,LOAN0277,CUST0086,26017.82,22344.7,3673.12,2025-09-01,Paid
TXN_LOAN0277_23,LOAN0277,CUST0086,26017.82,22572.57,3445.25,2025-10-01,Paid
TXN_LOAN0277_24,LOAN0277,CUST0086,26017.82,22802.76,3215.06,2025-11-01,Paid
TXN_LOAN0277_25,LOAN0277,CUST0086,26017.82,23035.3,2982.52,2025-12-01,Missed
TXN_LOAN0277_26,LOAN0277,CUST0086,26017.82,23270.21,2747.61,2026-01-01,Paid
TXN_LOAN0277_27,LOAN0277,CUST0086,26017.82,23507.51,2510.31,2026-02-01,Paid
TXN_LOAN0277_28,LOAN0277,CUST0086,26017.82,23747.24,2270.58,2026-03-01,Missed
TXN_LOAN0277_29,LOAN0277,CUST0086,26017.82,23989.41,2028.41,2026-04-01,Paid
TXN_LOAN0277_30,LOAN0277,CUST0086,26017.82,24234.05,1783.77,2026-05-01,Paid
TXN_LOAN0277_31,LOAN0277,CUST0086,26017.82,24481.18,1536.64,2026-06-01,Paid
TXN_LOAN0277_32,LOAN0277,CUST0086,26017.82,24730.84,1286.98,2026-07-01,Paid
TXN_LOAN0277_33,LOAN0277,CUST0086,26017.82,24983.04,1034.78,2026-08-01,Paid
TXN_LOAN0277_34,LOAN0277,CUST0086,26017.82,25237.81,780.01,2026-09-01,Paid
TXN_LOAN0277_35,LOAN0277,CUST0086,26017.82,25495.18,522.64,2026-10-01,Paid
TXN_LOAN0277_36,LOAN0277,CUST0086,26017.82,25754.97,262.85,2026-11-01,Paid
TXN_LOAN0278_1,LOAN0278,CUST0108,13463.2,7511.99,5951.21,2023-12-15,Paid
TXN_LOAN0278_2,LOAN0278,CUST0108,13463.2,7603.86,5859.34,2024-01-15,Paid
TXN_LOAN0278_3,LOAN0278,CUST0108,13463.2,7696.85,5766.35,2024-02-15,Paid
TXN_LOAN0278_4,LOAN0278,CUST0108,13463.2,7790.98,5672.22,2024-03-15,Paid
TXN_LOAN0278_5,LOAN0278,CUST0108,13463.2,7886.26,5576.94,2024-04-15,Paid
TXN_LOAN0278_6,LOAN0278,CUST0108,13463.2,7982.71,5480.49,2024-05-15,Paid
TXN_LOAN0278_7,LOAN0278,CUST0108,13463.2,8080.33,5382.87,2024-06-15,Paid
TXN_LOAN0278_8,LOAN0278,CUST0108,13463.2,8179.15,5284.05,2024-07-15,Paid
TXN_LOAN0278_9,LOAN0278,CUST0108,13463.2,8279.18,5184.02,2024-08-15,Paid
TXN_LOAN0278_10,LOAN0278,CUST0108,13463.2,8380.43,5082.77,2024-09-15,Paid
TXN_LOAN0278_11,LOAN0278,CUST0108,13463.2,8482.92,4980.28,2024-10-15,Paid
TXN_LOAN0278_12,LOAN0278,CUST0108,13463.2,8586.66,4876.54,2024-11-15,Paid
TXN_LOAN0278_13,LOAN0278,CUST0108,13463.2,8691.67,4771.53,2024-12-15,Paid
TXN_LOAN0278_14,LOAN0278,CUST0108,13463.2,8797.97,4665.23,2025-01-15,Paid
TXN_LOAN0278_15,LOAN0278,CUST0108,13463.2,8905.56,4557.64,2025-02-15,Paid
TXN_LOAN0278_16,LOAN0278,CUST0108,13463.2,9014.48,4448.72,2025-03-15,Paid
TXN_LOAN0278_17,LOAN0278,CUST0108,13463.2,9124.72,4338.48,2025-04-15,Paid
TXN_LOAN0278_18,LOAN0278,CUST0108,13463.2,9236.31,4226.89,2025-05-15,Missed
TXN_LOAN0278_19,LOAN0278,CUST0108,13463.2,9349.27,4113.93,2025-06-15,Paid
TXN_LOAN0278_20,LOAN0278,CUST0108,13463.2,9463.6,3999.6,2025-07-15,Paid
TXN_LOAN0278_21,LOAN0278,CUST0108,13463.2,9579.34,3883.86,2025-08-15,Paid
TXN_LOAN0278_22,LOAN0278,CUST0108,13463.2,9696.49,3766.71,2025-09-15,Paid
TXN_LOAN0278_23,LOAN0278,CUST0108,13463.2,9815.08,3648.12,2025-10-15,Paid
TXN_LOAN0278_24,LOAN0278,CUST0108,13463.2,9935.11,3528.09,2025-11-15,Paid
TXN_LOAN0278_25,LOAN0278,CUST0108,13463.2,10056.61,3406.59,2025-12-15,Paid
TXN_LOAN0278_26,LOAN0278,CUST0108,13463.2,10179.6,3283.6,2026-01-15,Paid
TXN_LOAN0278_27,LOAN0278,CUST0108,13463.2,10304.09,3159.11,2026-02-15,Paid
TXN_LOAN0278_28,LOAN0278,CUST0108,13463.2,10430.11,3033.09,2026-03-15,Paid
TXN_LOAN0278_29,LOAN0278,CUST0108,13463.2,10557.66,2905.54,2026-04-15,Paid
TXN_LOAN0278_30,LOAN0278,CUST0108,13463.2,10686.78,2776.42,2026-05-15,Paid
TXN_LOAN0278_31,LOAN0278,CUST0108,13463.2,10817.47,2645.73,2026-06-15,Paid
TXN_LOAN0278_32,LOAN0278,CUST0108,13463.2,10949.77,2513.43,2026-07-15,Paid
TXN_LOAN0278_33,LOAN0278,CUST0108,13463.2,11083.68,2379.52,2026-08-15,Paid
TXN_LOAN0278_34,LOAN0278,CUST0108,13463.2,11219.23,2243.97,2026-09-15,Paid
TXN_LOAN0278_35,LOAN0278,CUST0108,13463.2,11356.43,2106.77,2026-10-15,Paid
TXN_LOAN0278_36,LOAN0278,CUST0108,13463.2,11495.32,1967.88,2026-11-15,Paid
TXN_LOAN0278_37,LOAN0278,CUST0108,13463.2,11635.9,1827.3,2026-12-15,Paid
TXN_LOAN0278_38,LOAN0278,CUST0108,13463.2,11778.2,1685.0,2027-01-15,Paid
TXN_LOAN0278_39,LOAN0278,CUST0108,13463.2,11922.25,1540.95,2027-02-15,Paid
TXN_LOAN0278_40,LOAN0278,CUST0108,13463.2,12068.05,1395.15,2027-03-15,Paid
TXN_LOAN0278_41,LOAN0278,CUST0108,13463.2,12215.64,1247.56,2027-04-15,Missed
TXN_LOAN0278_42,LOAN0278,CUST0108,13463.2,12365.03,1098.17,2027-05-15,Paid
TXN_LOAN0278_43,LOAN0278,CUST0108,13463.2,12516.25,946.95,2027-06-15,Paid
TXN_LOAN0278_44,LOAN0278,CUST0108,13463.2,12669.32,793.88,2027-07-15,Paid
TXN_LOAN0278_45,LOAN0278,CUST0108,13463.2,12824.26,638.94,2027-08-15,Paid
TXN_LOAN0278_46,LOAN0278,CUST0108,13463.2,12981.09,482.11,2027-09-15,Paid
TXN_LOAN0278_47,LOAN0278,CUST0108,13463.2,13139.85,323.35,2027-10-15,Paid
TXN_LOAN0278_48,LOAN0278,CUST0108,13463.2,13300.49,162.71,2027-11-15,Missed
TXN_LOAN0279_1,LOAN0279,CUST0024,7824.97,7157.06,667.91,2023-08-30,Paid
TXN_LOAN0279_2,LOAN0279,CUST0024,7824.97,7210.47,614.5,2023-09-30,Paid
TXN_LOAN0279_3,LOAN0279,CUST0024,7824.97,7264.28,560.69,2023-10-30,Paid
TXN_LOAN0279_4,LOAN0279,CUST0024,7824.97,7318.49,506.48,2023-11-30,Paid
TXN_LOAN0279_5,LOAN0279,CUST0024,7824.97,7373.11,451.86,2023-12-30,Paid
TXN_LOAN0279_6,LOAN0279,CUST0024,7824.97,7428.13,396.84,2024-01-30,Paid
TXN_LOAN0279_7,LOAN0279,CUST0024,7824.97,7483.57,341.4,2024-02-29,Paid
TXN_LOAN0279_8,LOAN0279,CUST0024,7824.97,7539.41,285.56,2024-03-30,Paid
TXN_LOAN0279_9,LOAN0279,CUST0024,7824.97,7595.68,229.29,2024-04-30,Paid
TXN_LOAN0279_10,LOAN0279,CUST0024,7824.97,7652.36,172.61,2024-05-30,Paid
TXN_LOAN0279_11,LOAN0279,CUST0024,7824.97,7709.47,115.5,2024-06-30,Missed
TXN_LOAN0279_12,LOAN0279,CUST0024,7824.97,7766.97,58.0,2024-07-30,Paid
TXN_LOAN0280_1,LOAN0280,CUST0081,39372.35,34175.74,5196.61,2023-07-01,Paid
TXN_LOAN0280_2,LOAN0280,CUST0081,39372.35,34581.25,4791.1,2023-08-01,Paid
TXN_LOAN0280_3,LOAN0280,CUST0081,39372.35,34991.57,4380.78,2023-09-01,Paid
TXN_LOAN0280_4,LOAN0280,CUST0081,39372.35,35406.77,3965.58,2023-10-01,Paid
TXN_LOAN0280_5,LOAN0280,CUST0081,39372.35,35826.88,3545.47,2023-11-01,Paid
TXN_LOAN0280_6,LOAN0280,CUST0081,39372.35,36251.99,3120.36,2023-12-01,Paid
TXN_LOAN0280_7,LOAN0280,CUST0081,39372.35,36682.14,2690.21,2024-01-01,Paid
TXN_LOAN0280_8,LOAN0280,CUST0081,39372.35,37117.39,2254.96,2024-02-01,Paid
TXN_LOAN0280_9,LOAN0280,CUST0081,39372.35,37557.8,1814.55,2024-03-01,Paid
TXN_LOAN0280_10,LOAN0280,CUST0081,39372.35,38003.45,1368.9,2024-04-01,Paid
TXN_LOAN0280_11,LOAN0280,CUST0081,39372.35,38454.38,917.97,2024-05-01,Paid
TXN_LOAN0280_12,LOAN0280,CUST0081,39372.35,38910.64,461.71,2024-06-01,Paid
TXN_LOAN0281_1,LOAN0281,CUST0158,16579.97,11411.37,5168.6,2023-05-19,Paid
TXN_LOAN0281_2,LOAN0281,CUST0158,16579.97,11530.41,5049.56,2023-06-19,Paid
TXN_LOAN0281_3,LOAN0281,CUST0158,16579.97,11650.68,4929.29,2023-07-19,Paid
TXN_LOAN0281_4,LOAN0281,CUST0158,16579.97,11772.22,4807.75,2023-08-19,Paid
TXN_LOAN0281_5,LOAN0281,CUST0158,16579.97,11895.02,4684.95,2023-09-19,Paid
TXN_LOAN0281_6,LOAN0281,CUST0158,16579.97,12019.1,4560.87,2023-10-19,Paid
TXN_LOAN0281_7,LOAN0281,CUST0158,16579.97,12144.48,4435.49,2023-11-19,Missed
TXN_LOAN0281_8,LOAN0281,CUST0158,16579.97,12271.16,4308.81,2023-12-19,Paid
TXN_LOAN0281_9,LOAN0281,CUST0158,16579.97,12399.16,4180.81,2024-01-19,Missed
TXN_LOAN0281_10,LOAN0281,CUST0158,16579.97,12528.5,4051.47,2024-02-19,Paid
TXN_LOAN0281_11,LOAN0281,CUST0158,16579.97,12659.19,3920.78,2024-03-19,Paid
TXN_LOAN0281_12,LOAN0281,CUST0158,16579.97,12791.25,3788.72,2024-04-19,Paid
TXN_LOAN0281_13,LOAN0281,CUST0158,16579.97,12924.68,3655.29,2024-05-19,Paid
TXN_LOAN0281_14,LOAN0281,CUST0158,16579.97,13059.5,3520.47,2024-06-19,Paid
TXN_LOAN0281_15,LOAN0281,CUST0158,16579.97,13195.73,3384.24,2024-07-19,Paid
TXN_LOAN0281_16,LOAN0281,CUST0158,16579.97,13333.38,3246.59,2024-08-19,Missed
TXN_LOAN0281_17,LOAN0281,CUST0158,16579.97,13472.47,3107.5,2024-09-19,Paid
TXN_LOAN0281_18,LOAN0281,CUST0158,16579.97,13613.0,2966.97,2024-10-19,Paid
TXN_LOAN0281_19,LOAN0281,CUST0158,16579.97,13755.0,2824.97,2024-11-19,Paid
TXN_LOAN0281_20,LOAN0281,CUST0158,16579.97,13898.49,2681.48,2024-12-19,Paid
TXN_LOAN0281_21,LOAN0281,CUST0158,16579.97,14043.47,2536.5,2025-01-19,Paid
TXN_LOAN0281_22,LOAN0281,CUST0158,16579.97,14189.96,2390.01,2025-02-19,Paid
TXN_LOAN0281_23,LOAN0281,CUST0158,16579.97,14337.98,2241.99,2025-03-19,Missed
TXN_LOAN0281_24,LOAN0281,CUST0158,16579.97,14487.55,2092.42,2025-04-19,Paid
TXN_LOAN0281_25,LOAN0281,CUST0158,16579.97,14638.67,1941.3,2025-05-19,Paid
TXN_LOAN0281_26,LOAN0281,CUST0158,16579.97,14791.38,1788.59,2025-06-19,Paid
TXN_LOAN0281_27,LOAN0281,CUST0158,16579.97,14945.67,1634.3,2025-07-19,Paid
TXN_LOAN0281_28,LOAN0281,CUST0158,16579.97,15101.57,1478.4,2025-08-19,Paid
TXN_LOAN0281_29,LOAN0281,CUST0158,16579.97,15259.11,1320.86,2025-09-19,Paid
TXN_LOAN0281_30,LOAN0281,CUST0158,16579.97,15418.28,1161.69,2025-10-19,Paid
TXN_LOAN0281_31,LOAN0281,CUST0158,16579.97,15579.11,1000.86,2025-11-19,Paid
TXN_LOAN0281_32,LOAN0281,CUST0158,16579.97,15741.63,838.34,2025-12-19,Paid
TXN_LOAN0281_33,LOAN0281,CUST0158,16579.97,15905.83,674.14,2026-01-19,Paid
TXN_LOAN0281_34,LOAN0281,CUST0158,16579.97,16071.75,508.22,2026-02-19,Paid
TXN_LOAN0281_35,LOAN0281,CUST0158,16579.97,16239.4,340.57,2026-03-19,Paid
TXN_LOAN0281_36,LOAN0281,CUST0158,16579.97,16408.85,171.12,2026-04-19,Paid
TXN_LOAN0282_1,LOAN0282,CUST0120,20278.75,11682.71,8596.04,2023-04-17,Paid
TXN_LOAN0282_2,LOAN0282,CUST0120,20278.75,11817.71,8461.04,2023-05-17,Paid
TXN_LOAN0282_3,LOAN0282,CUST0120,20278.75,11954.26,8324.49,2023-06-17,Paid
TXN_LOAN0282_4,LOAN0282,CUST0120,20278.75,12092.39,8186.36,2023-07-17,Paid
TXN_LOAN0282_5,LOAN0282,CUST0120,20278.75,12232.12,8046.63,2023-08-17,Missed
TXN_LOAN0282_6,LOAN0282,CUST0120,20278.75,12373.47,7905.28,2023-09-17,Paid
TXN_LOAN0282_7,LOAN0282,CUST0120,20278.75,12516.44,7762.31,2023-10-17,Paid
TXN_LOAN0282_8,LOAN0282,CUST0120,20278.75,12661.07,7617.68,2023-11-17,Paid
TXN_LOAN0282_9,LOAN0282,CUST0120,20278.75,12807.37,7471.38,2023-12-17,Paid
TXN_LOAN0282_10,LOAN0282,CUST0120,20278.75,12955.36,7323.39,2024-01-17,Paid
TXN_LOAN0282_11,LOAN0282,CUST0120,20278.75,13105.06,7173.69,2024-02-17,Paid
TXN_LOAN0282_12,LOAN0282,CUST0120,20278.75,13256.49,7022.26,2024-03-17,Paid
TXN_LOAN0282_13,LOAN0282,CUST0120,20278.75,13409.67,6869.08,2024-04-17,Paid
TXN_LOAN0282_14,LOAN0282,CUST0120,20278.75,13564.62,6714.13,2024-05-17,Paid
TXN_LOAN0282_15,LOAN0282,CUST0120,20278.75,13721.36,6557.39,2024-06-17,Missed
TXN_LOAN0282_16,LOAN0282,CUST0120,20278.75,13879.91,6398.84,2024-07-17,Paid
TXN_LOAN0282_17,LOAN0282,CUST0120,20278.75,14040.29,6238.46,2024-08-17,Paid
TXN_LOAN0282_18,LOAN0282,CUST0120,20278.75,14202.53,6076.22,2024-09-17,Missed
TXN_LOAN0282_19,LOAN0282,CUST0120,20278.75,14366.64,5912.11,2024-10-17,Paid
TXN_LOAN0282_20,LOAN0282,CUST0120,20278.75,14532.65,5746.1,2024-11-17,Paid
TXN_LOAN0282_21,LOAN0282,CUST0120,20278.75,14700.58,5578.17,2024-12-17,Paid
TXN_LOAN0282_22,LOAN0282,CUST0120,20278.75,14870.44,5408.31,2025-01-17,Paid
TXN_LOAN0282_23,LOAN0282,CUST0120,20278.75,15042.27,5236.48,2025-02-17,Paid
TXN_LOAN0282_24,LOAN0282,CUST0120,20278.75,15216.09,5062.66,2025-03-17,Paid
TXN_LOAN0282_25,LOAN0282,CUST0120,20278.75,15391.91,4886.84,2025-04-17,Paid
TXN_LOAN0282_26,LOAN0282,CUST0120,20278.75,15569.76,4708.99,2025-05-17,Paid
TXN_LOAN0282_27,LOAN0282,CUST0120,20278.75,15749.67,4529.08,2025-06-17,Paid
TXN_LOAN0282_28,LOAN0282,CUST0120,20278.75,15931.66,4347.09,2025-07-17,Paid
TXN_LOAN0282_29,LOAN0282,CUST0120,20278.75,16115.75,4163.0,2025-08-17,Paid
TXN_LOAN0282_30,LOAN0282,CUST0120,20278.75,16301.97,3976.78,2025-09-17,Paid
TXN_LOAN0282_31,LOAN0282,CUST0120,20278.75,16490.34,3788.41,2025-10-17,Paid
TXN_LOAN0282_32,LOAN0282,CUST0120,20278.75,16680.89,3597.86,2025-11-17,Paid
TXN_LOAN0282_33,LOAN0282,CUST0120,20278.75,16873.64,3405.11,2025-12-17,Paid
TXN_LOAN0282_34,LOAN0282,CUST0120,20278.75,17068.61,3210.14,2026-01-17,Paid
TXN_LOAN0282_35,LOAN0282,CUST0120,20278.75,17265.84,3012.91,2026-02-17,Paid
TXN_LOAN0282_36,LOAN0282,CUST0120,20278.75,17465.35,2813.4,2026-03-17,Paid
TXN_LOAN0282_37,LOAN0282,CUST0120,20278.75,17667.16,2611.59,2026-04-17,Paid
TXN_LOAN0282_38,LOAN0282,CUST0120,20278.75,17871.31,2407.44,2026-05-17,Paid
TXN_LOAN0282_39,LOAN0282,CUST0120,20278.75,18077.81,2200.94,2026-06-17,Paid
TXN_LOAN0282_40,LOAN0282,CUST0120,20278.75,18286.7,1992.05,2026-07-17,Paid
TXN_LOAN0282_41,LOAN0282,CUST0120,20278.75,18498.01,1780.74,2026-08-17,Paid
TXN_LOAN0282_42,LOAN0282,CUST0120,20278.75,18711.75,1567.0,2026-09-17,Paid
TXN_LOAN0282_43,LOAN0282,CUST0120,20278.75,18927.97,1350.78,2026-10-17,Paid
TXN_LOAN0282_44,LOAN0282,CUST0120,20278.75,19146.68,1132.07,2026-11-17,Paid
TXN_LOAN0282_45,LOAN0282,CUST0120,20278.75,19367.92,910.83,2026-12-17,Paid
TXN_LOAN0282_46,LOAN0282,CUST0120,20278.75,19591.72,687.03,2027-01-17,Paid
TXN_LOAN0282_47,LOAN0282,CUST0120,20278.75,19818.11,460.64,2027-02-17,Paid
TXN_LOAN0282_48,LOAN0282,CUST0120,20278.75,20046.97,231.78,2027-03-17,Paid
TXN_LOAN0283_1,LOAN0283,CUST0059,7441.72,5060.42,2381.3,2023-02-28,Paid
TXN_LOAN0283_2,LOAN0283,CUST0059,7441.72,5101.24,2340.48,2023-03-30,Paid
TXN_LOAN0283_3,LOAN0283,CUST0059,7441.72,5142.39,2299.33,2023-04-30,Paid
TXN_LOAN0283_4,LOAN0283,CUST0059,7441.72,5183.88,2257.84,2023-05-30,Paid
TXN_LOAN0283_5,LOAN0283,CUST0059,7441.72,5225.69,2216.03,2023-06-30,Paid
TXN_LOAN0283_6,LOAN0283,CUST0059,7441.72,5267.85,2173.87,2023-07-30,Paid
TXN_LOAN0283_7,LOAN0283,CUST0059,7441.72,5310.34,2131.38,2023-08-30,Paid
TXN_LOAN0283_8,LOAN0283,CUST0059,7441.72,5353.18,2088.54,2023-09-30,Paid
TXN_LOAN0283_9,LOAN0283,CUST0059,7441.72,5396.36,2045.36,2023-10-30,Paid
TXN_LOAN0283_10,LOAN0283,CUST0059,7441.72,5439.89,2001.83,2023-11-30,Paid
TXN_LOAN0283_11,LOAN0283,CUST0059,7441.72,5483.78,1957.94,2023-12-30,Missed
TXN_LOAN0283_12,LOAN0283,CUST0059,7441.72,5528.01,1913.71,2024-01-30,Paid
TXN_LOAN0283_13,LOAN0283,CUST0059,7441.72,5572.61,1869.11,2024-02-29,Missed
TXN_LOAN0283_14,LOAN0283,CUST0059,7441.72,5617.56,1824.16,2024-03-30,Paid
TXN_LOAN0283_15,LOAN0283,CUST0059,7441.72,5662.87,1778.85,2024-04-30,Paid
TXN_LOAN0283_16,LOAN0283,CUST0059,7441.72,5708.56,1733.16,2024-05-30,Paid
TXN_LOAN0283_17,LOAN0283,CUST0059,7441.72,5754.61,1687.11,2024-06-30,Paid
TXN_LOAN0283_18,LOAN0283,CUST0059,7441.72,5801.03,1640.69,2024-07-30,Paid
TXN_LOAN0283_19,LOAN0283,CUST0059,7441.72,5847.82,1593.9,2024-08-30,Paid
TXN_LOAN0283_20,LOAN0283,CUST0059,7441.72,5895.0,1546.72,2024-09-30,Paid
TXN_LOAN0283_21,LOAN0283,CUST0059,7441.72,5942.55,1499.17,2024-10-30,Paid
TXN_LOAN0283_22,LOAN0283,CUST0059,7441.72,5990.49,1451.23,2024-11-30,Paid
TXN_LOAN0283_23,LOAN0283,CUST0059,7441.72,6038.81,1402.91,2024-12-30,Paid
TXN_LOAN0283_24,LOAN0283,CUST0059,7441.72,6087.52,1354.2,2025-01-30,Paid
TXN_LOAN0283_25,LOAN0283,CUST0059,7441.72,6136.63,1305.09,2025-02-28,Paid
TXN_LOAN0283_26,LOAN0283,CUST0059,7441.72,6186.13,1255.59,2025-03-30,Paid
TXN_LOAN0283_27,LOAN0283,CUST0059,7441.72,6236.04,1205.68,2025-04-30,Paid
TXN_LOAN0283_28,LOAN0283,CUST0059,7441.72,6286.34,1155.38,2025-05-30,Paid
TXN_LOAN0283_29,LOAN0283,CUST0059,7441.72,6337.05,1104.67,2025-06-30,Missed
TXN_LOAN0283_30,LOAN0283,CUST0059,7441.72,6388.17,1053.55,2025-07-30,Paid
TXN_LOAN0283_31,LOAN0283,CUST0059,7441.72,6439.7,1002.02,2025-08-30,Paid
TXN_LOAN0283_32,LOAN0283,CUST0059,7441.72,6491.65,950.07,2025-09-30,Paid
TXN_LOAN0283_33,LOAN0283,CUST0059,7441.72,6544.02,897.7,2025-10-30,Paid
TXN_LOAN0283_34,LOAN0283,CUST0059,7441.72,6596.81,844.91,2025-11-30,Paid
TXN_LOAN0283_35,LOAN0283,CUST0059,7441.72,6650.02,791.7,2025-12-30,Paid
TXN_LOAN0283_36,LOAN0283,CUST0059,7441.72,6703.67,738.05,2026-01-30,Paid
TXN_LOAN0283_37,LOAN0283,CUST0059,7441.72,6757.74,683.98,2026-02-28,Paid
TXN_LOAN0283_38,LOAN0283,CUST0059,7441.72,6812.26,629.46,2026-03-30,Paid
TXN_LOAN0283_39,LOAN0283,CUST0059,7441.72,6867.21,574.51,2026-04-30,Paid
TXN_LOAN0283_40,LOAN0283,CUST0059,7441.72,6922.61,519.11,2026-05-30,Paid
TXN_LOAN0283_41,LOAN0283,CUST0059,7441.72,6978.45,463.27,2026-06-30,Paid
TXN_LOAN0283_42,LOAN0283,CUST0059,7441.72,7034.74,406.98,2026-07-30,Paid
TXN_LOAN0283_43,LOAN0283,CUST0059,7441.72,7091.49,350.23,2026-08-30,Paid
TXN_LOAN0283_44,LOAN0283,CUST0059,7441.72,7148.7,293.02,2026-09-30,Paid
TXN_LOAN0283_45,LOAN0283,CUST0059,7441.72,7206.36,235.36,2026-10-30,Paid
TXN_LOAN0283_46,LOAN0283,CUST0059,7441.72,7264.49,177.23,2026-11-30,Paid
TXN_LOAN0283_47,LOAN0283,CUST0059,7441.72,7323.1,118.62,2026-12-30,Paid
TXN_LOAN0283_48,LOAN0283,CUST0059,7441.72,7382.16,59.56,2027-01-30,Paid
TXN_LOAN0284_1,LOAN0284,CUST0128,46801.93,40173.71,6628.22,2023-12-10,Paid
TXN_LOAN0284_2,LOAN0284,CUST0128,46801.93,40688.23,6113.7,2024-01-10,Paid
TXN_LOAN0284_3,LOAN0284,CUST0128,46801.93,41209.34,5592.59,2024-02-10,Paid
TXN_LOAN0284_4,LOAN0284,CUST0128,46801.93,41737.11,5064.82,2024-03-10,Paid
TXN_LOAN0284_5,LOAN0284,CUST0128,46801.93,42271.65,4530.28,2024-04-10,Paid
TXN_LOAN0284_6,LOAN0284,CUST0128,46801.93,42813.04,3988.89,2024-05-10,Missed
TXN_LOAN0284_7,LOAN0284,CUST0128,46801.93,43361.36,3440.57,2024-06-10,Paid
TXN_LOAN0284_8,LOAN0284,CUST0128,46801.93,43916.7,2885.23,2024-07-10,Missed
TXN_LOAN0284_9,LOAN0284,CUST0128,46801.93,44479.15,2322.78,2024-08-10,Paid
TXN_LOAN0284_10,LOAN0284,CUST0128,46801.93,45048.81,1753.12,2024-09-10,Paid
TXN_LOAN0284_11,LOAN0284,CUST0128,46801.93,45625.76,1176.17,2024-10-10,Paid
TXN_LOAN0284_12,LOAN0284,CUST0128,46801.93,46210.14,591.79,2024-11-10,Paid
TXN_LOAN0285_1,LOAN0285,CUST0114,23425.78,12100.95,11324.83,2023-05-27,Paid
TXN_LOAN0285_2,LOAN0285,CUST0114,23425.78,12268.63,11157.15,2023-06-27,Paid
TXN_LOAN0285_3,LOAN0285,CUST0114,23425.78,12438.63,10987.15,2023-07-27,Paid
TXN_LOAN0285_4,LOAN0285,CUST0114,23425.78,12610.99,10814.79,2023-08-27,Paid
TXN_LOAN0285_5,LOAN0285,CUST0114,23425.78,12785.74,10640.04,2023-09-27,Paid
TXN_LOAN0285_6,LOAN0285,CUST0114,23425.78,12962.91,10462.87,2023-10-27,Paid
TXN_LOAN0285_7,LOAN0285,CUST0114,23425.78,13142.53,10283.25,2023-11-27,Paid
TXN_LOAN0285_8,LOAN0285,CUST0114,23425.78,13324.64,10101.14,2023-12-27,Paid
TXN_LOAN0285_9,LOAN0285,CUST0114,23425.78,13509.27,9916.51,2024-01-27,Paid
TXN_LOAN0285_10,LOAN0285,CUST0114,23425.78,13696.47,9729.31,2024-02-27,Paid
TXN_LOAN0285_11,LOAN0285,CUST0114,23425.78,13886.25,9539.53,2024-03-27,Paid
TXN_LOAN0285_12,LOAN0285,CUST0114,23425.78,14078.67,9347.11,2024-04-27,Paid
TXN_LOAN0285_13,LOAN0285,CUST0114,23425.78,14273.75,9152.03,2024-05-27,Paid
TXN_LOAN0285_14,LOAN0285,CUST0114,23425.78,14471.54,8954.24,2024-06-27,Paid
TXN_LOAN0285_15,LOAN0285,CUST0114,23425.78,14672.07,8753.71,2024-07-27,Paid
TXN_LOAN0285_16,LOAN0285,CUST0114,23425.78,14875.37,8550.41,2024-08-27,Paid
TXN_LOAN0285_17,LOAN0285,CUST0114,23425.78,15081.5,8344.28,2024-09-27,Paid
TXN_LOAN0285_18,LOAN0285,CUST0114,23425.78,15290.47,8135.31,2024-10-27,Paid
TXN_LOAN0285_19,LOAN0285,CUST0114,23425.78,15502.35,7923.43,2024-11-27,Paid
TXN_LOAN0285_20,LOAN0285,CUST0114,23425.78,15717.16,7708.62,2024-12-27,Paid
TXN_LOAN0285_21,LOAN0285,CUST0114,23425.78,15934.95,7490.83,2025-01-27,Paid
TXN_LOAN0285_22,LOAN0285,CUST0114,23425.78,16155.75,7270.03,2025-02-27,Paid
TXN_LOAN0285_23,LOAN0285,CUST0114,23425.78,16379.62,7046.16,2025-03-27,Paid
TXN_LOAN0285_24,LOAN0285,CUST0114,23425.78,16606.58,6819.2,2025-04-27,Paid
TXN_LOAN0285_25,LOAN0285,CUST0114,23425.78,16836.69,6589.09,2025-05-27,Paid
TXN_LOAN0285_26,LOAN0285,CUST0114,23425.78,17069.99,6355.79,2025-06-27,Paid
TXN_LOAN0285_27,LOAN0285,CUST0114,23425.78,17306.53,6119.25,2025-07-27,Paid
TXN_LOAN0285_28,LOAN0285,CUST0114,23425.78,17546.34,5879.44,2025-08-27,Paid
TXN_LOAN0285_29,LOAN0285,CUST0114,23425.78,17789.47,5636.31,2025-09-27,Paid
TXN_LOAN0285_30,LOAN0285,CUST0114,23425.78,18035.97,5389.81,2025-10-27,Paid
TXN_LOAN0285_31,LOAN0285,CUST0114,23425.78,18285.89,5139.89,2025-11-27,Paid
TXN_LOAN0285_32,LOAN0285,CUST0114,23425.78,18539.27,4886.51,2025-12-27,Paid
TXN_LOAN0285_33,LOAN0285,CUST0114,23425.78,18796.16,4629.62,2026-01-27,Missed
TXN_LOAN0285_34,LOAN0285,CUST0114,23425.78,19056.62,4369.16,2026-02-27,Paid
TXN_LOAN0285_35,LOAN0285,CUST0114,23425.78,19320.68,4105.1,2026-03-27,Paid
TXN_LOAN0285_36,LOAN0285,CUST0114,23425.78,19588.4,3837.38,2026-04-27,Missed
TXN_LOAN0285_37,LOAN0285,CUST0114,23425.78,19859.83,3565.95,2026-05-27,Paid
TXN_LOAN0285_38,LOAN0285,CUST0114,23425.78,20135.02,3290.76,2026-06-27,Missed
TXN_LOAN0285_39,LOAN0285,CUST0114,23425.78,20414.02,3011.76,2026-07-27,Paid
TXN_LOAN0285_40,LOAN0285,CUST0114,23425.78,20696.89,2728.89,2026-08-27,Paid
TXN_LOAN0285_41,LOAN0285,CUST0114,23425.78,20983.68,2442.1,2026-09-27,Paid
TXN_LOAN0285_42,LOAN0285,CUST0114,23425.78,21274.44,2151.34,2026-10-27,Paid
TXN_LOAN0285_43,LOAN0285,CUST0114,23425.78,21569.23,1856.55,2026-11-27,Paid
TXN_LOAN0285_44,LOAN0285,CUST0114,23425.78,21868.11,1557.67,2026-12-27,Missed
TXN_LOAN0285_45,LOAN0285,CUST0114,23425.78,22171.13,1254.65,2027-01-27,Paid
TXN_LOAN0285_46,LOAN0285,CUST0114,23425.78,22478.35,947.43,2027-02-27,Paid
TXN_LOAN0285_47,LOAN0285,CUST0114,23425.78,22789.82,635.96,2027-03-27,Paid
TXN_LOAN0285_48,LOAN0285,CUST0114,23425.78,23105.68,320.1,2027-04-27,Paid
TXN_LOAN0286_1,LOAN0286,CUST0115,17063.0,11380.82,5682.18,2024-01-22,Missed
TXN_LOAN0286_2,LOAN0286,CUST0115,17063.0,11477.25,5585.75,2024-02-22,Missed
TXN_LOAN0286_3,LOAN0286,CUST0115,17063.0,11574.5,5488.5,2024-03-22,Paid
TXN_LOAN0286_4,LOAN0286,CUST0115,17063.0,11672.56,5390.44,2024-04-22,Paid
TXN_LOAN0286_5,LOAN0286,CUST0115,17063.0,11771.46,5291.54,2024-05-22,Paid
TXN_LOAN0286_6,LOAN0286,CUST0115,17063.0,11871.2,5191.8,2024-06-22,Paid
TXN_LOAN0286_7,LOAN0286,CUST0115,17063.0,11971.78,5091.22,2024-07-22,Paid
TXN_LOAN0286_8,LOAN0286,CUST0115,17063.0,12073.22,4989.78,2024-08-22,Paid
TXN_LOAN0286_9,LOAN0286,CUST0115,17063.0,12175.51,4887.49,2024-09-22,Paid
TXN_LOAN0286_10,LOAN0286,CUST0115,17063.0,12278.67,4784.33,2024-10-22,Paid
TXN_LOAN0286_11,LOAN0286,CUST0115,17063.0,12382.71,4680.29,2024-11-22,Paid
TXN_LOAN0286_12,LOAN0286,CUST0115,17063.0,12487.63,4575.37,2024-12-22,Paid
TXN_LOAN0286_13,LOAN0286,CUST0115,17063.0,12593.43,4469.57,2025-01-22,Paid
TXN_LOAN0286_14,LOAN0286,CUST0115,17063.0,12700.13,4362.87,2025-02-22,Paid
TXN_LOAN0286_15,LOAN0286,CUST0115,17063.0,12807.74,4255.26,2025-03-22,Paid
TXN_LOAN0286_16,LOAN0286,CUST0115,17063.0,12916.26,4146.74,2025-04-22,Paid
TXN_LOAN0286_17,LOAN0286,CUST0115,17063.0,13025.69,4037.31,2025-05-22,Paid
TXN_LOAN0286_18,LOAN0286,CUST0115,17063.0,13136.06,3926.94,2025-06-22,Paid
TXN_LOAN0286_19,LOAN0286,CUST0115,17063.0,13247.36,3815.64,2025-07-22,Paid
TXN_LOAN0286_20,LOAN0286,CUST0115,17063.0,13359.6,3703.4,2025-08-22,Missed
TXN_LOAN0286_21,LOAN0286,CUST0115,17063.0,13472.8,3590.2,2025-09-22,Paid
TXN_LOAN0286_22,LOAN0286,CUST0115,17063.0,13586.95,3476.05,2025-10-22,Paid
TXN_LOAN0286_23,LOAN0286,CUST0115,17063.0,13702.07,3360.93,2025-11-22,Paid
TXN_LOAN0286_24,LOAN0286,CUST0115,17063.0,13818.16,3244.84,2025-12-22,Paid
TXN_LOAN0286_25,LOAN0286,CUST0115,17063.0,13935.24,3127.76,2026-01-22,Paid
TXN_LOAN0286_26,LOAN0286,CUST0115,17063.0,14053.31,3009.69,2026-02-22,Paid
TXN_LOAN0286_27,LOAN0286,CUST0115,17063.0,14172.38,2890.62,2026-03-22,Paid
TXN_LOAN0286_28,LOAN0286,CUST0115,17063.0,14292.46,2770.54,2026-04-22,Paid
TXN_LOAN0286_29,LOAN0286,CUST0115,17063.0,14413.56,2649.44,2026-05-22,Paid
TXN_LOAN0286_30,LOAN0286,CUST0115,17063.0,14535.69,2527.31,2026-06-22,Paid
TXN_LOAN0286_31,LOAN0286,CUST0115,17063.0,14658.84,2404.16,2026-07-22,Paid
TXN_LOAN0286_32,LOAN0286,CUST0115,17063.0,14783.05,2279.95,2026-08-22,Missed
TXN_LOAN0286_33,LOAN0286,CUST0115,17063.0,14908.3,2154.7,2026-09-22,Paid
TXN_LOAN0286_34,LOAN0286,CUST0115,17063.0,15034.62,2028.38,2026-10-22,Paid
TXN_LOAN0286_35,LOAN0286,CUST0115,17063.0,15162.0,1901.0,2026-11-22,Paid
TXN_LOAN0286_36,LOAN0286,CUST0115,17063.0,15290.47,1772.53,2026-12-22,Paid
TXN_LOAN0286_37,LOAN0286,CUST0115,17063.0,15420.02,1642.98,2027-01-22,Paid
TXN_LOAN0286_38,LOAN0286,CUST0115,17063.0,15550.67,1512.33,2027-02-22,Paid
TXN_LOAN0286_39,LOAN0286,CUST0115,17063.0,15682.43,1380.57,2027-03-22,Paid
TXN_LOAN0286_40,LOAN0286,CUST0115,17063.0,15815.3,1247.7,2027-04-22,Paid
TXN_LOAN0286_41,LOAN0286,CUST0115,17063.0,15949.3,1113.7,2027-05-22,Paid
TXN_LOAN0286_42,LOAN0286,CUST0115,17063.0,16084.44,978.56,2027-06-22,Paid
TXN_LOAN0286_43,LOAN0286,CUST0115,17063.0,16220.72,842.28,2027-07-22,Paid
TXN_LOAN0286_44,LOAN0286,CUST0115,17063.0,16358.16,704.84,2027-08-22,Paid
TXN_LOAN0286_45,LOAN0286,CUST0115,17063.0,16496.76,566.24,2027-09-22,Paid
TXN_LOAN0286_46,LOAN0286,CUST0115,17063.0,16636.53,426.47,2027-10-22,Paid
TXN_LOAN0286_47,LOAN0286,CUST0115,17063.0,16777.49,285.51,2027-11-22,Paid
TXN_LOAN0286_48,LOAN0286,CUST0115,17063.0,16919.7,143.3,2027-12-22,Paid
TXN_LOAN0287_1,LOAN0287,CUST0014,8974.44,6280.35,2694.09,2023-08-11,Paid
TXN_LOAN0287_2,LOAN0287,CUST0014,8974.44,6327.23,2647.21,2023-09-11,Paid
TXN_LOAN0287_3,LOAN0287,CUST0014,8974.44,6374.45,2599.99,2023-10-11,Paid
TXN_LOAN0287_4,LOAN0287,CUST0014,8974.44,6422.03,2552.41,2023-11-11,Paid
TXN_LOAN0287_5,LOAN0287,CUST0014,8974.44,6469.97,2504.47,2023-12-11,Paid
TXN_LOAN0287_6,LOAN0287,CUST0014,8974.44,6518.26,2456.18,2024-01-11,Paid
TXN_LOAN0287_7,LOAN0287,CUST0014,8974.44,6566.92,2407.52,2024-02-11,Paid
TXN_LOAN0287_8,LOAN0287,CUST0014,8974.44,6615.94,2358.5,2024-03-11,Paid
TXN_LOAN0287_9,LOAN0287,CUST0014,8974.44,6665.32,2309.12,2024-04-11,Paid
TXN_LOAN0287_10,LOAN0287,CUST0014,8974.44,6715.07,2259.37,2024-05-11,Paid
TXN_LOAN0287_11,LOAN0287,CUST0014,8974.44,6765.19,2209.25,2024-06-11,Paid
TXN_LOAN0287_12,LOAN0287,CUST0014,8974.44,6815.69,2158.75,2024-07-11,Paid
TXN_LOAN0287_13,LOAN0287,CUST0014,8974.44,6866.57,2107.87,2024-08-11,Paid
TXN_LOAN0287_14,LOAN0287,CUST0014,8974.44,6917.82,2056.62,2024-09-11,Missed
TXN_LOAN0287_15,LOAN0287,CUST0014,8974.44,6969.46,2004.98,2024-10-11,Paid
TXN_LOAN0287_16,LOAN0287,CUST0014,8974.44,7021.48,1952.96,2024-11-11,Paid
TXN_LOAN0287_17,LOAN0287,CUST0014,8974.44,7073.89,1900.55,2024-12-11,Paid
TXN_LOAN0287_18,LOAN0287,CUST0014,8974.44,7126.69,1847.75,2025-01-11,Paid
TXN_LOAN0287_19,LOAN0287,CUST0014,8974.44,7179.89,1794.55,2025-02-11,Missed
TXN_LOAN0287_20,LOAN0287,CUST0014,8974.44,7233.48,1740.96,2025-03-11,Paid
TXN_LOAN0287_21,LOAN0287,CUST0014,8974.44,7287.47,1686.97,2025-04-11,Paid
TXN_LOAN0287_22,LOAN0287,CUST0014,8974.44,7341.87,1632.57,2025-05-11,Paid
TXN_LOAN0287_23,LOAN0287,CUST0014,8974.44,7396.67,1577.77,2025-06-11,Paid
TXN_LOAN0287_24,LOAN0287,CUST0014,8974.44,7451.88,1522.56,2025-07-11,Paid
TXN_LOAN0287_25,LOAN0287,CUST0014,8974.44,7507.5,1466.94,2025-08-11,Missed
TXN_LOAN0287_26,LOAN0287,CUST0014,8974.44,7563.54,1410.9,2025-09-11,Paid
TXN_LOAN0287_27,LOAN0287,CUST0014,8974.44,7620.0,1354.44,2025-10-11,Paid
TXN_LOAN0287_28,LOAN0287,CUST0014,8974.44,7676.88,1297.56,2025-11-11,Paid
TXN_LOAN0287_29,LOAN0287,CUST0014,8974.44,7734.18,1240.26,2025-12-11,Paid
TXN_LOAN0287_30,LOAN0287,CUST0014,8974.44,7791.91,1182.53,2026-01-11,Paid
TXN_LOAN0287_31,LOAN0287,CUST0014,8974.44,7850.07,1124.37,2026-02-11,Paid
TXN_LOAN0287_32,LOAN0287,CUST0014,8974.44,7908.66,1065.78,2026-03-11,Paid
TXN_LOAN0287_33,LOAN0287,CUST0014,8974.44,7967.7,1006.74,2026-04-11,Paid
TXN_LOAN0287_34,LOAN0287,CUST0014,8974.44,8027.17,947.27,2026-05-11,Paid
TXN_LOAN0287_35,LOAN0287,CUST0014,8974.44,8087.09,887.35,2026-06-11,Paid
TXN_LOAN0287_36,LOAN0287,CUST0014,8974.44,8147.45,826.99,2026-07-11,Paid
TXN_LOAN0287_37,LOAN0287,CUST0014,8974.44,8208.27,766.17,2026-08-11,Paid
TXN_LOAN0287_38,LOAN0287,CUST0014,8974.44,8269.54,704.9,2026-09-11,Paid
TXN_LOAN0287_39,LOAN0287,CUST0014,8974.44,8331.26,643.18,2026-10-11,Paid
TXN_LOAN0287_40,LOAN0287,CUST0014,8974.44,8393.45,580.99,2026-11-11,Paid
TXN_LOAN0287_41,LOAN0287,CUST0014,8974.44,8456.1,518.34,2026-12-11,Paid
TXN_LOAN0287_42,LOAN0287,CUST0014,8974.44,8519.22,455.22,2027-01-11,Paid
TXN_LOAN0287_43,LOAN0287,CUST0014,8974.44,8582.81,391.63,2027-02-11,Paid
TXN_LOAN0287_44,LOAN0287,CUST0014,8974.44,8646.87,327.57,2027-03-11,Paid
TXN_LOAN0287_45,LOAN0287,CUST0014,8974.44,8711.42,263.02,2027-04-11,Paid
TXN_LOAN0287_46,LOAN0287,CUST0014,8974.44,8776.44,198.0,2027-05-11,Paid
TXN_LOAN0287_47,LOAN0287,CUST0014,8974.44,8841.95,132.49,2027-06-11,Paid
TXN_LOAN0287_48,LOAN0287,CUST0014,8974.44,8907.93,66.51,2027-07-11,Paid
TXN_LOAN0288_1,LOAN0288,CUST0009,15759.96,13373.93,2386.03,2023-02-19,Paid
TXN_LOAN0288_2,LOAN0288,CUST0009,15759.96,13465.73,2294.23,2023-03-19,Paid
TXN_LOAN0288_3,LOAN0288,CUST0009,15759.96,13558.15,2201.81,2023-04-19,Paid
TXN_LOAN0288_4,LOAN0288,CUST0009,15759.96,13651.21,2108.75,2023-05-19,Missed
TXN_LOAN0288_5,LOAN0288,CUST0009,15759.96,13744.91,2015.05,2023-06-19,Paid
TXN_LOAN0288_6,LOAN0288,CUST0009,15759.96,13839.25,1920.71,2023-07-19,Paid
TXN_LOAN0288_7,LOAN0288,CUST0009,15759.96,13934.24,1825.72,2023-08-19,Missed
TXN_LOAN0288_8,LOAN0288,CUST0009,15759.96,14029.88,1730.08,2023-09-19,Paid
TXN_LOAN0288_9,LOAN0288,CUST0009,15759.96,14126.17,1633.79,2023-10-19,Paid
TXN_LOAN0288_10,LOAN0288,CUST0009,15759.96,14223.13,1536.83,2023-11-19,Missed
TXN_LOAN0288_11,LOAN0288,CUST0009,15759.96,14320.75,1439.21,2023-12-19,Paid
TXN_LOAN0288_12,LOAN0288,CUST0009,15759.96,14419.04,1340.92,2024-01-19,Paid
TXN_LOAN0288_13,LOAN0288,CUST0009,15759.96,14518.01,1241.95,2024-02-19,Paid
TXN_LOAN0288_14,LOAN0288,CUST0009,15759.96,14617.66,1142.3,2024-03-19,Paid
TXN_LOAN0288_15,LOAN0288,CUST0009,15759.96,14717.99,1041.97,2024-04-19,Paid
TXN_LOAN0288_16,LOAN0288,CUST0009,15759.96,14819.01,940.95,2024-05-19,Missed
TXN_LOAN0288_17,LOAN0288,CUST0009,15759.96,14920.72,839.24,2024-06-19,Paid
TXN_LOAN0288_18,LOAN0288,CUST0009,15759.96,15023.13,736.83,2024-07-19,Paid
TXN_LOAN0288_19,LOAN0288,CUST0009,15759.96,15126.24,633.72,2024-08-19,Paid
TXN_LOAN0288_20,LOAN0288,CUST0009,15759.96,15230.07,529.89,2024-09-19,Paid
TXN_LOAN0288_21,LOAN0288,CUST0009,15759.96,15334.6,425.36,2024-10-19,Paid
TXN_LOAN0288_22,LOAN0288,CUST0009,15759.96,15439.85,320.11,2024-11-19,Paid
TXN_LOAN0288_23,LOAN0288,CUST0009,15759.96,15545.83,214.13,2024-12-19,Paid
TXN_LOAN0288_24,LOAN0288,CUST0009,15759.96,15652.5,107.46,2025-01-19,Paid
TXN_LOAN0289_1,LOAN0289,CUST0040,13291.5,8646.13,4645.37,2023-07-22,Paid
TXN_LOAN0289_2,LOAN0289,CUST0040,13291.5,8750.02,4541.48,2023-08-22,Paid
TXN_LOAN0289_3,LOAN0289,CUST0040,13291.5,8855.17,4436.33,2023-09-22,Paid
TXN_LOAN0289_4,LOAN0289,CUST0040,13291.5,8961.58,4329.92,2023-10-22,Paid
TXN_LOAN0289_5,LOAN0289,CUST0040,13291.5,9069.26,4222.24,2023-11-22,Paid
TXN_LOAN0289_6,LOAN0289,CUST0040,13291.5,9178.24,4113.26,2023-12-22,Paid
TXN_LOAN0289_7,LOAN0289,CUST0040,13291.5,9288.53,4002.97,2024-01-22,Paid
TXN_LOAN0289_8,LOAN0289,CUST0040,13291.5,9400.15,3891.35,2024-02-22,Paid
TXN_LOAN0289_9,LOAN0289,CUST0040,13291.5,9513.1,3778.4,2024-03-22,Paid
TXN_LOAN0289_10,LOAN0289,CUST0040,13291.5,9627.42,3664.08,2024-04-22,Paid
TXN_LOAN0289_11,LOAN0289,CUST0040,13291.5,9743.1,3548.4,2024-05-22,Paid
TXN_LOAN0289_12,LOAN0289,CUST0040,13291.5,9860.18,3431.32,2024-06-22,Paid
TXN_LOAN0289_13,LOAN0289,CUST0040,13291.5,9978.67,3312.83,2024-07-22,Paid
TXN_LOAN0289_14,LOAN0289,CUST0040,13291.5,10098.57,3192.93,2024-08-22,Paid
TXN_LOAN0289_15,LOAN0289,CUST0040,13291.5,10219.92,3071.58,2024-09-22,Paid
TXN_LOAN0289_16,LOAN0289,CUST0040,13291.5,10342.73,2948.77,2024-10-22,Paid
TXN_LOAN0289_17,LOAN0289,CUST0040,13291.5,10467.01,2824.49,2024-11-22,Paid
TXN_LOAN0289_18,LOAN0289,CUST0040,13291.5,10592.79,2698.71,2024-12-22,Paid
TXN_LOAN0289_19,LOAN0289,CUST0040,13291.5,10720.08,2571.42,2025-01-22,Paid
TXN_LOAN0289_20,LOAN0289,CUST0040,13291.5,10848.89,2442.61,2025-02-22,Paid
TXN_LOAN0289_21,LOAN0289,CUST0040,13291.5,10979.26,2312.24,2025-03-22,Paid
TXN_LOAN0289_22,LOAN0289,CUST0040,13291.5,11111.19,2180.31,2025-04-22,Paid
TXN_LOAN0289_23,LOAN0289,CUST0040,13291.5,11244.71,2046.79,2025-05-22,Paid
TXN_LOAN0289_24,LOAN0289,CUST0040,13291.5,11379.83,1911.67,2025-06-22,Missed
TXN_LOAN0289_25,LOAN0289,CUST0040,13291.5,11516.57,1774.93,2025-07-22,Missed
TXN_LOAN0289_26,LOAN0289,CUST0040,13291.5,11654.96,1636.54,2025-08-22,Paid
TXN_LOAN0289_27,LOAN0289,CUST0040,13291.5,11795.01,1496.49,2025-09-22,Paid
TXN_LOAN0289_28,LOAN0289,CUST0040,13291.5,11936.74,1354.76,2025-10-22,Paid
TXN_LOAN0289_29,LOAN0289,CUST0040,13291.5,12080.18,1211.32,2025-11-22,Paid
TXN_LOAN0289_30,LOAN0289,CUST0040,13291.5,12225.34,1066.16,2025-12-22,Paid
TXN_LOAN0289_31,LOAN0289,CUST0040,13291.5,12372.25,919.25,2026-01-22,Missed
TXN_LOAN0289_32,LOAN0289,CUST0040,13291.5,12520.92,770.58,2026-02-22,Paid
TXN_LOAN0289_33,LOAN0289,CUST0040,13291.5,12671.37,620.13,2026-03-22,Missed
TXN_LOAN0289_34,LOAN0289,CUST0040,13291.5,12823.64,467.86,2026-04-22,Paid
TXN_LOAN0289_35,LOAN0289,CUST0040,13291.5,12977.73,313.77,2026-05-22,Paid
TXN_LOAN0289_36,LOAN0289,CUST0040,13291.5,13133.76,157.74,2026-06-22,Paid
TXN_LOAN0290_1,LOAN0290,CUST0194,37477.3,28330.92,9146.38,2023-09-16,Paid
TXN_LOAN0290_2,LOAN0290,CUST0194,37477.3,28663.12,8814.18,2023-10-16,Paid
TXN_LOAN0290_3,LOAN0290,CUST0194,37477.3,28999.22,8478.08,2023-11-16,Paid
TXN_LOAN0290_4,LOAN0290,CUST0194,37477.3,29339.26,8138.04,2023-12-16,Paid
TXN_LOAN0290_5,LOAN0290,CUST0194,37477.3,29683.28,7794.02,2024-01-16,Paid
TXN_LOAN0290_6,LOAN0290,CUST0194,37477.3,30031.34,7445.96,2024-02-16,Paid
TXN_LOAN0290_7,LOAN0290,CUST0194,37477.3,30383.48,7093.82,2024-03-16,Paid
TXN_LOAN0290_8,LOAN0290,CUST0194,37477.3,30739.75,6737.55,2024-04-16,Paid
TXN_LOAN0290_9,LOAN0290,CUST0194,37477.3,31100.2,6377.1,2024-05-16,Paid
TXN_LOAN0290_10,LOAN0290,CUST0194,37477.3,31464.88,6012.42,2024-06-16,Paid
TXN_LOAN0290_11,LOAN0290,CUST0194,37477.3,31833.83,5643.47,2024-07-16,Paid
TXN_LOAN0290_12,LOAN0290,CUST0194,37477.3,32207.1,5270.2,2024-08-16,Paid
TXN_LOAN0290_13,LOAN0290,CUST0194,37477.3,32584.76,4892.54,2024-09-16,Paid
TXN_LOAN0290_14,LOAN0290,CUST0194,37477.3,32966.84,4510.46,2024-10-16,Paid
TXN_LOAN0290_15,LOAN0290,CUST0194,37477.3,33353.4,4123.9,2024-11-16,Paid
TXN_LOAN0290_16,LOAN0290,CUST0194,37477.3,33744.5,3732.8,2024-12-16,Paid
TXN_LOAN0290_17,LOAN0290,CUST0194,37477.3,34140.18,3337.12,2025-01-16,Paid
TXN_LOAN0290_18,LOAN0290,CUST0194,37477.3,34540.5,2936.8,2025-02-16,Paid
TXN_LOAN0290_19,LOAN0290,CUST0194,37477.3,34945.51,2531.79,2025-03-16,Paid
TXN_LOAN0290_20,LOAN0290,CUST0194,37477.3,35355.27,2122.03,2025-04-16,Paid
TXN_LOAN0290_21,LOAN0290,CUST0194,37477.3,35769.84,1707.46,2025-05-16,Paid
TXN_LOAN0290_22,LOAN0290,CUST0194,37477.3,36189.27,1288.03,2025-06-16,Paid
TXN_LOAN0290_23,LOAN0290,CUST0194,37477.3,36613.62,863.68,2025-07-16,Paid
TXN_LOAN0290_24,LOAN0290,CUST0194,37477.3,37042.93,434.37,2025-08-16,Paid
TXN_LOAN0291_1,LOAN0291,CUST0025,2456.81,1643.95,812.86,2024-01-16,Paid
TXN_LOAN0291_2,LOAN0291,CUST0025,2456.81,1662.4,794.41,2024-02-16,Paid
TXN_LOAN0291_3,LOAN0291,CUST0025,2456.81,1681.06,775.75,2024-03-16,Paid
TXN_LOAN0291_4,LOAN0291,CUST0025,2456.81,1699.93,756.88,2024-04-16,Paid
TXN_LOAN0291_5,LOAN0291,CUST0025,2456.81,1719.0,737.81,2024-05-16,Paid
TXN_LOAN0291_6,LOAN0291,CUST0025,2456.81,1738.29,718.52,2024-06-16,Missed
TXN_LOAN0291_7,LOAN0291,CUST0025,2456.81,1757.8,699.01,2024-07-16,Paid
TXN_LOAN0291_8,LOAN0291,CUST0025,2456.81,1777.53,679.28,2024-08-16,Paid
TXN_LOAN0291_9,LOAN0291,CUST0025,2456.81,1797.48,659.33,2024-09-16,Paid
TXN_LOAN0291_10,LOAN0291,CUST0025,2456.81,1817.65,639.16,2024-10-16,Paid
TXN_LOAN0291_11,LOAN0291,CUST0025,2456.81,1838.05,618.76,2024-11-16,Paid
TXN_LOAN0291_12,LOAN0291,CUST0025,2456.81,1858.68,598.13,2024-12-16,Paid
TXN_LOAN0291_13,LOAN0291,CUST0025,2456.81,1879.53,577.28,2025-01-16,Paid
TXN_LOAN0291_14,LOAN0291,CUST0025,2456.81,1900.63,556.18,2025-02-16,Paid
TXN_LOAN0291_15,LOAN0291,CUST0025,2456.81,1921.96,534.85,2025-03-16,Paid
TXN_LOAN0291_16,LOAN0291,CUST0025,2456.81,1943.53,513.28,2025-04-16,Paid
TXN_LOAN0291_17,LOAN0291,CUST0025,2456.81,1965.34,491.47,2025-05-16,Paid
TXN_LOAN0291_18,LOAN0291,CUST0025,2456.81,1987.39,469.42,2025-06-16,Missed
TXN_LOAN0291_19,LOAN0291,CUST0025,2456.81,2009.7,447.11,2025-07-16,Paid
TXN_LOAN0291_20,LOAN0291,CUST0025,2456.81,2032.25,424.56,2025-08-16,Paid
TXN_LOAN0291_21,LOAN0291,CUST0025,2456.81,2055.06,401.75,2025-09-16,Paid
TXN_LOAN0291_22,LOAN0291,CUST0025,2456.81,2078.12,378.69,2025-10-16,Paid
TXN_LOAN0291_23,LOAN0291,CUST0025,2456.81,2101.44,355.37,2025-11-16,Paid
TXN_LOAN0291_24,LOAN0291,CUST0025,2456.81,2125.03,331.78,2025-12-16,Paid
TXN_LOAN0291_25,LOAN0291,CUST0025,2456.81,2148.87,307.94,2026-01-16,Paid
TXN_LOAN0291_26,LOAN0291,CUST0025,2456.81,2172.99,283.82,2026-02-16,Paid
TXN_LOAN0291_27,LOAN0291,CUST0025,2456.81,2197.38,259.43,2026-03-16,Paid
TXN_LOAN0291_28,LOAN0291,CUST0025,2456.81,2222.04,234.77,2026-04-16,Paid
TXN_LOAN0291_29,LOAN0291,CUST0025,2456.81,2246.97,209.84,2026-05-16,Paid
TXN_LOAN0291_30,LOAN0291,CUST0025,2456.81,2272.19,184.62,2026-06-16,Paid
TXN_LOAN0291_31,LOAN0291,CUST0025,2456.81,2297.69,159.12,2026-07-16,Paid
TXN_LOAN0291_32,LOAN0291,CUST0025,2456.81,2323.47,133.34,2026-08-16,Paid
TXN_LOAN0291_33,LOAN0291,CUST0025,2456.81,2349.55,107.26,2026-09-16,Missed
TXN_LOAN0291_34,LOAN0291,CUST0025,2456.81,2375.92,80.89,2026-10-16,Paid
TXN_LOAN0291_35,LOAN0291,CUST0025,2456.81,2402.58,54.23,2026-11-16,Paid
TXN_LOAN0291_36,LOAN0291,CUST0025,2456.81,2429.55,27.26,2026-12-16,Missed
TXN_LOAN0292_1,LOAN0292,CUST0103,32920.73,29706.0,3214.73,2023-08-02,Paid
TXN_LOAN0292_2,LOAN0292,CUST0103,32920.73,29961.46,2959.27,2023-09-02,Paid
TXN_LOAN0292_3,LOAN0292,CUST0103,32920.73,30219.11,2701.62,2023-10-02,Paid
TXN_LOAN0292_4,LOAN0292,CUST0103,32920.73,30478.98,2441.75,2023-11-02,Paid
TXN_LOAN0292_5,LOAN0292,CUST0103,32920.73,30741.09,2179.64,2023-12-02,Paid
TXN_LOAN0292_6,LOAN0292,CUST0103,32920.73,31005.45,1915.28,2024-01-02,Paid
TXN_LOAN0292_7,LOAN0292,CUST0103,32920.73,31272.08,1648.65,2024-02-02,Paid
TXN_LOAN0292_8,LOAN0292,CUST0103,32920.73,31541.01,1379.72,2024-03-02,Paid
TXN_LOAN0292_9,LOAN0292,CUST0103,32920.73,31812.25,1108.48,2024-04-02,Paid
TXN_LOAN0292_10,LOAN0292,CUST0103,32920.73,32085.82,834.91,2024-05-02,Paid
TXN_LOAN0292_11,LOAN0292,CUST0103,32920.73,32361.74,558.99,2024-06-02,Paid
TXN_LOAN0292_12,LOAN0292,CUST0103,32920.73,32640.01,280.72,2024-07-02,Paid
TXN_LOAN0293_1,LOAN0293,CUST0022,6429.16,4002.14,2427.02,2023-05-23,Paid
TXN_LOAN0293_2,LOAN0293,CUST0022,6429.16,4041.86,2387.3,2023-06-23,Paid
TXN_LOAN0293_3,LOAN0293,CUST0022,6429.16,4081.97,2347.19,2023-07-23,Paid
TXN_LOAN0293_4,LOAN0293,CUST0022,6429.16,4122.48,2306.68,2023-08-23,Missed
TXN_LOAN0293_5,LOAN0293,CUST0022,6429.16,4163.4,2265.76,2023-09-23,Paid
TXN_LOAN0293_6,LOAN0293,CUST0022,6429.16,4204.71,2224.45,2023-10-23,Paid
TXN_LOAN0293_7,LOAN0293,CUST0022,6429.16,4246.44,2182.72,2023-11-23,Paid
TXN_LOAN0293_8,LOAN0293,CUST0022,6429.16,4288.59,2140.57,2023-12-23,Paid
TXN_LOAN0293_9,LOAN0293,CUST0022,6429.16,4331.15,2098.01,2024-01-23,Paid
TXN_LOAN0293_10,LOAN0293,CUST0022,6429.16,4374.13,2055.03,2024-02-23,Paid
TXN_LOAN0293_11,LOAN0293,CUST0022,6429.16,4417.54,2011.62,2024-03-23,Paid
TXN_LOAN0293_12,LOAN0293,CUST0022,6429.16,4461.38,1967.78,2024-04-23,Paid
TXN_LOAN0293_13,LOAN0293,CUST0022,6429.16,4505.66,1923.5,2024-05-23,Paid
TXN_LOAN0293_14,LOAN0293,CUST0022,6429.16,4550.37,1878.79,2024-06-23,Paid
TXN_LOAN0293_15,LOAN0293,CUST0022,6429.16,4595.53,1833.63,2024-07-23,Paid
TXN_LOAN0293_16,LOAN0293,CUST0022,6429.16,4641.14,1788.02,2024-08-23,Paid
TXN_LOAN0293_17,LOAN0293,CUST0022,6429.16,4687.2,1741.96,2024-09-23,Paid
TXN_LOAN0293_18,LOAN0293,CUST0022,6429.16,4733.71,1695.45,2024-10-23,Paid
TXN_LOAN0293_19,LOAN0293,CUST0022,6429.16,4780.69,1648.47,2024-11-23,Paid
TXN_LOAN0293_20,LOAN0293,CUST0022,6429.16,4828.14,1601.02,2024-12-23,Paid
TXN_LOAN0293_21,LOAN0293,CUST0022,6429.16,4876.05,1553.11,2025-01-23,Paid
TXN_LOAN0293_22,LOAN0293,CUST0022,6429.16,4924.44,1504.72,2025-02-23,Paid
TXN_LOAN0293_23,LOAN0293,CUST0022,6429.16,4973.31,1455.85,2025-03-23,Paid
TXN_LOAN0293_24,LOAN0293,CUST0022,6429.16,5022.67,1406.49,2025-04-23,Paid
TXN_LOAN0293_25,LOAN0293,CUST0022,6429.16,5072.52,1356.64,2025-05-23,Paid
TXN_LOAN0293_26,LOAN0293,CUST0022,6429.16,5122.86,1306.3,2025-06-23,Paid
TXN_LOAN0293_27,LOAN0293,CUST0022,6429.16,5173.7,1255.46,2025-07-23,Missed
TXN_LOAN0293_28,LOAN0293,CUST0022,6429.16,5225.04,1204.12,2025-08-23,Missed
TXN_LOAN0293_29,LOAN0293,CUST0022,6429.16,5276.9,1152.26,2025-09-23,Paid
TXN_LOAN0293_30,LOAN0293,CUST0022,6429.16,5329.27,1099.89,2025-10-23,Paid
TXN_LOAN0293_31,LOAN0293,CUST0022,6429.16,5382.16,1047.0,2025-11-23,Paid
TXN_LOAN0293_32,LOAN0293,CUST0022,6429.16,5435.57,993.59,2025-12-23,Paid
TXN_LOAN0293_33,LOAN0293,CUST0022,6429.16,5489.51,939.65,2026-01-23,Paid
TXN_LOAN0293_34,LOAN0293,CUST0022,6429.16,5543.99,885.17,2026-02-23,Missed
TXN_LOAN0293_35,LOAN0293,CUST0022,6429.16,5599.01,830.15,2026-03-23,Paid
TXN_LOAN0293_36,LOAN0293,CUST0022,6429.16,5654.58,774.58,2026-04-23,Paid
TXN_LOAN0293_37,LOAN0293,CUST0022,6429.16,5710.69,718.47,2026-05-23,Paid
TXN_LOAN0293_38,LOAN0293,CUST0022,6429.16,5767.37,661.79,2026-06-23,Paid
TXN_LOAN0293_39,LOAN0293,CUST0022,6429.16,5824.61,604.55,2026-07-23,Paid
TXN_LOAN0293_40,LOAN0293,CUST0022,6429.16,5882.41,546.75,2026-08-23,Paid
TXN_LOAN0293_41,LOAN0293,CUST0022,6429.16,5940.79,488.37,2026-09-23,Paid
TXN_LOAN0293_42,LOAN0293,CUST0022,6429.16,5999.75,429.41,2026-10-23,Paid
TXN_LOAN0293_43,LOAN0293,CUST0022,6429.16,6059.29,369.87,2026-11-23,Paid
TXN_LOAN0293_44,LOAN0293,CUST0022,6429.16,6119.42,309.74,2026-12-23,Paid
TXN_LOAN0293_45,LOAN0293,CUST0022,6429.16,6180.15,249.01,2027-01-23,Paid
TXN_LOAN0293_46,LOAN0293,CUST0022,6429.16,6241.49,187.67,2027-02-23,Paid
TXN_LOAN0293_47,LOAN0293,CUST0022,6429.16,6303.43,125.73,2027-03-23,Paid
TXN_LOAN0293_48,LOAN0293,CUST0022,6429.16,6365.79,63.37,2027-04-23,Paid
TXN_LOAN0294_1,LOAN0294,CUST0004,23803.39,15703.71,8099.68,2023-08-02,Paid
TXN_LOAN0294_2,LOAN0294,CUST0004,23803.39,15886.2,7917.19,2023-09-02,Paid
TXN_LOAN0294_3,LOAN0294,CUST0004,23803.39,16070.81,7732.58,2023-10-02,Paid
TXN_LOAN0294_4,LOAN0294,CUST0004,23803.39,16257.56,7545.83,2023-11-02,Paid
TXN_LOAN0294_5,LOAN0294,CUST0004,23803.39,16446.48,7356.91,2023-12-02,Paid
TXN_LOAN0294_6,LOAN0294,CUST0004,23803.39,16637.6,7165.79,2024-01-02,Missed
TXN_LOAN0294_7,LOAN0294,CUST0004,23803.39,16830.94,6972.45,2024-02-02,Paid
TXN_LOAN0294_8,LOAN0294,CUST0004,23803.39,17026.53,6776.86,2024-03-02,Paid
TXN_LOAN0294_9,LOAN0294,CUST0004,23803.39,17224.39,6579.0,2024-04-02,Paid
TXN_LOAN0294_10,LOAN0294,CUST0004,23803.39,17424.55,6378.84,2024-05-02,Paid
TXN_LOAN0294_11,LOAN0294,CUST0004,23803.39,17627.03,6176.36,2024-06-02,Paid
TXN_LOAN0294_12,LOAN0294,CUST0004,23803.39,17831.87,5971.52,2024-07-02,Paid
TXN_LOAN0294_13,LOAN0294,CUST0004,23803.39,18039.09,5764.3,2024-08-02,Paid
TXN_LOAN0294_14,LOAN0294,CUST0004,23803.39,18248.71,5554.68,2024-09-02,Paid
TXN_LOAN0294_15,LOAN0294,CUST0004,23803.39,18460.77,5342.62,2024-10-02,Missed
TXN_LOAN0294_16,LOAN0294,CUST0004,23803.39,18675.3,5128.09,2024-11-02,Paid
TXN_LOAN0294_17,LOAN0294,CUST0004,23803.39,18892.32,4911.07,2024-12-02,Paid
TXN_LOAN0294_18,LOAN0294,CUST0004,23803.39,19111.86,4691.53,2025-01-02,Paid
TXN_LOAN0294_19,LOAN0294,CUST0004,23803.39,19333.95,4469.44,2025-02-02,Paid
TXN_LOAN0294_20,LOAN0294,CUST0004,23803.39,19558.62,4244.77,2025-03-02,Paid
TXN_LOAN0294_21,LOAN0294,CUST0004,23803.39,19785.91,4017.48,2025-04-02,Paid
TXN_LOAN0294_22,LOAN0294,CUST0004,23803.39,20015.83,3787.56,2025-05-02,Paid
TXN_LOAN0294_23,LOAN0294,CUST0004,23803.39,20248.43,3554.96,2025-06-02,Paid
TXN_LOAN0294_24,LOAN0294,CUST0004,23803.39,20483.73,3319.66,2025-07-02,Paid
TXN_LOAN0294_25,LOAN0294,CUST0004,23803.39,20721.76,3081.63,2025-08-02,Paid
TXN_LOAN0294_26,LOAN0294,CUST0004,23803.39,20962.56,2840.83,2025-09-02,Paid
TXN_LOAN0294_27,LOAN0294,CUST0004,23803.39,21206.16,2597.23,2025-10-02,Paid
TXN_LOAN0294_28,LOAN0294,CUST0004,23803.39,21452.59,2350.8,2025-11-02,Missed
TXN_LOAN0294_29,LOAN0294,CUST0004,23803.39,21701.88,2101.51,2025-12-02,Paid
TXN_LOAN0294_30,LOAN0294,CUST0004,23803.39,21954.07,1849.32,2026-01-02,Paid
TXN_LOAN0294_31,LOAN0294,CUST0004,23803.39,22209.19,1594.2,2026-02-02,Paid
TXN_LOAN0294_32,LOAN0294,CUST0004,23803.39,22467.28,1336.11,2026-03-02,Paid
TXN_LOAN0294_33,LOAN0294,CUST0004,23803.39,22728.36,1075.03,2026-04-02,Paid
TXN_LOAN0294_34,LOAN0294,CUST0004,23803.39,22992.48,810.91,2026-05-02,Missed
TXN_LOAN0294_35,LOAN0294,CUST0004,23803.39,23259.67,543.72,2026-06-02,Paid
TXN_LOAN0294_36,LOAN0294,CUST0004,23803.39,23529.81,273.58,2026-07-02,Paid
TXN_LOAN0295_1,LOAN0295,CUST0154,29630.05,22892.9,6737.15,2023-06-26,Paid
TXN_LOAN0295_2,LOAN0295,CUST0154,29630.05,23140.29,6489.76,2023-07-26,Paid
TXN_LOAN0295_3,LOAN0295,CUST0154,29630.05,23390.36,6239.69,2023-08-26,Paid
TXN_LOAN0295_4,LOAN0295,CUST0154,29630.05,23643.12,5986.93,2023-09-26,Paid
TXN_LOAN0295_5,LOAN0295,CUST0154,29630.05,23898.62,5731.43,2023-10-26,Paid
TXN_LOAN0295_6,LOAN0295,CUST0154,29630.05,24156.88,5473.17,2023-11-26,Missed
TXN_LOAN0295_7,LOAN0295,CUST0154,29630.05,24417.92,5212.13,2023-12-26,Paid
TXN_LOAN0295_8,LOAN0295,CUST0154,29630.05,24681.79,4948.26,2024-01-26,Paid
TXN_LOAN0295_9,LOAN0295,CUST0154,29630.05,24948.52,4681.53,2024-02-26,Paid
TXN_LOAN0295_10,LOAN0295,CUST0154,29630.05,25218.12,4411.93,2024-03-26,Paid
TXN_LOAN0295_11,LOAN0295,CUST0154,29630.05,25490.64,4139.41,2024-04-26,Paid
TXN_LOAN0295_12,LOAN0295,CUST0154,29630.05,25766.1,3863.95,2024-05-26,Paid
TXN_LOAN0295_13,LOAN0295,CUST0154,29630.05,26044.54,3585.51,2024-06-26,Paid
TXN_LOAN0295_14,LOAN0295,CUST0154,29630.05,26325.98,3304.07,2024-07-26,Missed
TXN_LOAN0295_15,LOAN0295,CUST0154,29630.05,26610.47,3019.58,2024-08-26,Missed
TXN_LOAN0295_16,LOAN0295,CUST0154,29630.05,26898.04,2732.01,2024-09-26,Missed
TXN_LOAN0295_17,LOAN0295,CUST0154,29630.05,27188.71,2441.34,2024-10-26,Paid
TXN_LOAN0295_18,LOAN0295,CUST0154,29630.05,27482.52,2147.53,2024-11-26,Paid
TXN_LOAN0295_19,LOAN0295,CUST0154,29630.05,27779.5,1850.55,2024-12-26,Missed
TXN_LOAN0295_20,LOAN0295,CUST0154,29630.05,28079.7,1550.35,2025-01-26,Missed
TXN_LOAN0295_21,LOAN0295,CUST0154,29630.05,28383.14,1246.91,2025-02-26,Paid
TXN_LOAN0295_22,LOAN0295,CUST0154,29630.05,28689.86,940.19,2025-03-26,Paid
TXN_LOAN0295_23,LOAN0295,CUST0154,29630.05,28999.89,630.16,2025-04-26,Paid
TXN_LOAN0295_24,LOAN0295,CUST0154,29630.05,29313.39,316.66,2025-05-26,Paid
TXN_LOAN0296_1,LOAN0296,CUST0186,9335.97,4590.71,4745.26,2023-12-15,Paid
TXN_LOAN0296_2,LOAN0296,CUST0186,9335.97,4659.1,4676.87,2024-01-15,Missed
TXN_LOAN0296_3,LOAN0296,CUST0186,9335.97,4728.52,4607.45,2024-02-15,Missed
TXN_LOAN0296_4,LOAN0296,CUST0186,9335.97,4798.96,4537.01,2024-03-15,Paid
TXN_LOAN0296_5,LOAN0296,CUST0186,9335.97,4870.46,4465.51,2024-04-15,Paid
TXN_LOAN0296_6,LOAN0296,CUST0186,9335.97,4943.02,4392.95,2024-05-15,Paid
TXN_LOAN0296_7,LOAN0296,CUST0186,9335.97,5016.66,4319.31,2024-06-15,Paid
TXN_LOAN0296_8,LOAN0296,CUST0186,9335.97,5091.4,4244.57,2024-07-15,Paid
TXN_LOAN0296_9,LOAN0296,CUST0186,9335.97,5167.25,4168.72,2024-08-15,Paid
TXN_LOAN0296_10,LOAN0296,CUST0186,9335.97,5244.24,4091.73,2024-09-15,Paid
TXN_LOAN0296_11,LOAN0296,CUST0186,9335.97,5322.37,4013.6,2024-10-15,Missed
TXN_LOAN0296_12,LOAN0296,CUST0186,9335.97,5401.66,3934.31,2024-11-15,Paid
TXN_LOAN0296_13,LOAN0296,CUST0186,9335.97,5482.14,3853.83,2024-12-15,Paid
TXN_LOAN0296_14,LOAN0296,CUST0186,9335.97,5563.81,3772.16,2025-01-15,Missed
TXN_LOAN0296_15,LOAN0296,CUST0186,9335.97,5646.7,3689.27,2025-02-15,Paid
TXN_LOAN0296_16,LOAN0296,CUST0186,9335.97,5730.83,3605.14,2025-03-15,Paid
TXN_LOAN0296_17,LOAN0296,CUST0186,9335.97,5816.21,3519.76,2025-04-15,Paid
TXN_LOAN0296_18,LOAN0296,CUST0186,9335.97,5902.86,3433.11,2025-05-15,Paid
TXN_LOAN0296_19,LOAN0296,CUST0186,9335.97,5990.8,3345.17,2025-06-15,Paid
TXN_LOAN0296_20,LOAN0296,CUST0186,9335.97,6080.05,3255.92,2025-07-15,Paid
TXN_LOAN0296_21,LOAN0296,CUST0186,9335.97,6170.63,3165.34,2025-08-15,Missed
TXN_LOAN0296_22,LOAN0296,CUST0186,9335.97,6262.56,3073.41,2025-09-15,Paid
TXN_LOAN0296_23,LOAN0296,CUST0186,9335.97,6355.86,2980.11,2025-10-15,Paid
TXN_LOAN0296_24,LOAN0296,CUST0186,9335.97,6450.56,2885.41,2025-11-15,Paid
TXN_LOAN0296_25,LOAN0296,CUST0186,9335.97,6546.66,2789.31,2025-12-15,Paid
TXN_LOAN0296_26,LOAN0296,CUST0186,9335.97,6644.19,2691.78,2026-01-15,Paid
TXN_LOAN0296_27,LOAN0296,CUST0186,9335.97,6743.18,2592.79,2026-02-15,Paid
TXN_LOAN0296_28,LOAN0296,CUST0186,9335.97,6843.64,2492.33,2026-03-15,Paid
TXN_LOAN0296_29,LOAN0296,CUST0186,9335.97,6945.6,2390.37,2026-04-15,Paid
TXN_LOAN0296_30,LOAN0296,CUST0186,9335.97,7049.07,2286.9,2026-05-15,Paid
TXN_LOAN0296_31,LOAN0296,CUST0186,9335.97,7154.09,2181.88,2026-06-15,Paid
TXN_LOAN0296_32,LOAN0296,CUST0186,9335.97,7260.68,2075.29,2026-07-15,Paid
TXN_LOAN0296_33,LOAN0296,CUST0186,9335.97,7368.85,1967.12,2026-08-15,Missed
TXN_LOAN0296_34,LOAN0296,CUST0186,9335.97,7478.63,1857.34,2026-09-15,Paid
TXN_LOAN0296_35,LOAN0296,CUST0186,9335.97,7590.05,1745.92,2026-10-15,Paid
TXN_LOAN0296_36,LOAN0296,CUST0186,9335.97,7703.13,1632.84,2026-11-15,Paid
TXN_LOAN0296_37,LOAN0296,CUST0186,9335.97,7817.89,1518.08,2026-12-15,Paid
TXN_LOAN0296_38,LOAN0296,CUST0186,9335.97,7934.36,1401.61,2027-01-15,Paid
TXN_LOAN0296_39,LOAN0296,CUST0186,9335.97,8052.57,1283.4,2027-02-15,Paid
TXN_LOAN0296_40,LOAN0296,CUST0186,9335.97,8172.54,1163.43,2027-03-15,Paid
TXN_LOAN0296_41,LOAN0296,CUST0186,9335.97,8294.29,1041.68,2027-04-15,Paid
TXN_LOAN0296_42,LOAN0296,CUST0186,9335.97,8417.86,918.11,2027-05-15,Paid
TXN_LOAN0296_43,LOAN0296,CUST0186,9335.97,8543.28,792.69,2027-06-15,Paid
TXN_LOAN0296_44,LOAN0296,CUST0186,9335.97,8670.56,665.41,2027-07-15,Paid
TXN_LOAN0296_45,LOAN0296,CUST0186,9335.97,8799.73,536.24,2027-08-15,Paid
TXN_LOAN0296_46,LOAN0296,CUST0186,9335.97,8930.83,405.14,2027-09-15,Paid
TXN_LOAN0296_47,LOAN0296,CUST0186,9335.97,9063.88,272.09,2027-10-15,Paid
TXN_LOAN0296_48,LOAN0296,CUST0186,9335.97,9199.08,136.89,2027-11-15,Missed
TXN_LOAN0297_1,LOAN0297,CUST0029,87176.14,79412.06,7764.08,2023-05-26,Paid
TXN_LOAN0297_2,LOAN0297,CUST0029,87176.14,80031.76,7144.38,2023-06-26,Paid
TXN_LOAN0297_3,LOAN0297,CUST0029,87176.14,80656.3,6519.84,2023-07-26,Paid
TXN_LOAN0297_4,LOAN0297,CUST0029,87176.14,81285.72,5890.42,2023-08-26,Paid
TXN_LOAN0297_5,LOAN0297,CUST0029,87176.14,81920.04,5256.1,2023-09-26,Paid
TXN_LOAN0297_6,LOAN0297,CUST0029,87176.14,82559.32,4616.82,2023-10-26,Paid
TXN_LOAN0297_7,LOAN0297,CUST0029,87176.14,83203.58,3972.56,2023-11-26,Paid
TXN_LOAN0297_8,LOAN0297,CUST0029,87176.14,83852.88,3323.26,2023-12-26,Missed
TXN_LOAN0297_9,LOAN0297,CUST0029,87176.14,84507.24,2668.9,2024-01-26,Paid
TXN_LOAN0297_10,LOAN0297,CUST0029,87176.14,85166.7,2009.44,2024-02-26,Paid
TXN_LOAN0297_11,LOAN0297,CUST0029,87176.14,85831.32,1344.82,2024-03-26,Paid
TXN_LOAN0297_12,LOAN0297,CUST0029,87176.14,86501.08,675.06,2024-04-26,Paid
TXN_LOAN0298_1,LOAN0298,CUST0109,32867.63,21046.12,11821.51,2023-05-23,Paid
TXN_LOAN0298_2,LOAN0298,CUST0109,32867.63,21308.34,11559.29,2023-06-23,Paid
TXN_LOAN0298_3,LOAN0298,CUST0109,32867.63,21573.84,11293.79,2023-07-23,Paid
TXN_LOAN0298_4,LOAN0298,CUST0109,32867.63,21842.64,11024.99,2023-08-23,Paid
TXN_LOAN0298_5,LOAN0298,CUST0109,32867.63,22114.79,10752.84,2023-09-23,Paid
TXN_LOAN0298_6,LOAN0298,CUST0109,32867.63,22390.33,10477.3,2023-10-23,Paid
TXN_LOAN0298_7,LOAN0298,CUST0109,32867.63,22669.3,10198.33,2023-11-23,Paid
TXN_LOAN0298_8,LOAN0298,CUST0109,32867.63,22951.75,9915.88,2023-12-23,Paid
TXN_LOAN0298_9,LOAN0298,CUST0109,32867.63,23237.72,9629.91,2024-01-23,Paid
TXN_LOAN0298_10,LOAN0298,CUST0109,32867.63,23527.25,9340.38,2024-02-23,Paid
TXN_LOAN0298_11,LOAN0298,CUST0109,32867.63,23820.39,9047.24,2024-03-23,Paid
TXN_LOAN0298_12,LOAN0298,CUST0109,32867.63,24117.18,8750.45,2024-04-23,Paid
TXN_LOAN0298_13,LOAN0298,CUST0109,32867.63,24417.67,8449.96,2024-05-23,Paid
TXN_LOAN0298_14,LOAN0298,CUST0109,32867.63,24721.9,8145.73,2024-06-23,Paid
TXN_LOAN0298_15,LOAN0298,CUST0109,32867.63,25029.92,7837.71,2024-07-23,Paid
TXN_LOAN0298_16,LOAN0298,CUST0109,32867.63,25341.78,7525.85,2024-08-23,Paid
TXN_LOAN0298_17,LOAN0298,CUST0109,32867.63,25657.53,7210.1,2024-09-23,Paid
TXN_LOAN0298_18,LOAN0298,CUST0109,32867.63,25977.21,6890.42,2024-10-23,Paid
TXN_LOAN0298_19,LOAN0298,CUST0109,32867.63,26300.88,6566.75,2024-11-23,Paid
TXN_LOAN0298_20,LOAN0298,CUST0109,32867.63,26628.57,6239.06,2024-12-23,Paid
TXN_LOAN0298_21,LOAN0298,CUST0109,32867.63,26960.35,5907.28,2025-01-23,Paid
TXN_LOAN0298_22,LOAN0298,CUST0109,32867.63,27296.27,5571.36,2025-02-23,Paid
TXN_LOAN0298_23,LOAN0298,CUST0109,32867.63,27636.37,5231.26,2025-03-23,Paid
TXN_LOAN0298_24,LOAN0298,CUST0109,32867.63,27980.7,4886.93,2025-04-23,Paid
TXN_LOAN0298_25,LOAN0298,CUST0109,32867.63,28329.33,4538.3,2025-05-23,Paid
TXN_LOAN0298_26,LOAN0298,CUST0109,32867.63,28682.3,4185.33,2025-06-23,Paid
TXN_LOAN0298_27,LOAN0298,CUST0109,32867.63,29039.67,3827.96,2025-07-23,Missed
TXN_LOAN0298_28,LOAN0298,CUST0109,32867.63,29401.49,3466.14,2025-08-23,Paid
TXN_LOAN0298_29,LOAN0298,CUST0109,32867.63,29767.82,3099.81,2025-09-23,Paid
TXN_LOAN0298_30,LOAN0298,CUST0109,32867.63,30138.71,2728.92,2025-10-23,Paid
TXN_LOAN0298_31,LOAN0298,CUST0109,32867.63,30514.22,2353.41,2025-11-23,Missed
TXN_LOAN0298_32,LOAN0298,CUST0109,32867.63,30894.42,1973.21,2025-12-23,Paid
TXN_LOAN0298_33,LOAN0298,CUST0109,32867.63,31279.35,1588.28,2026-01-23,Paid
TXN_LOAN0298_34,LOAN0298,CUST0109,32867.63,31669.07,1198.56,2026-02-23,Paid
TXN_LOAN0298_35,LOAN0298,CUST0109,32867.63,32063.66,803.97,2026-03-23,Paid
TXN_LOAN0298_36,LOAN0298,CUST0109,32867.63,32463.16,404.47,2026-04-23,Paid
TXN_LOAN0299_1,LOAN0299,CUST0098,7513.62,5244.72,2268.9,2023-10-08,Paid
TXN_LOAN0299_2,LOAN0299,CUST0098,7513.62,5297.36,2216.26,2023-11-08,Paid
TXN_LOAN0299_3,LOAN0299,CUST0098,7513.62,5350.52,2163.1,2023-12-08,Paid
TXN_LOAN0299_4,LOAN0299,CUST0098,7513.62,5404.22,2109.4,2024-01-08,Paid
TXN_LOAN0299_5,LOAN0299,CUST0098,7513.62,5458.46,2055.16,2024-02-08,Paid
TXN_LOAN0299_6,LOAN0299,CUST0098,7513.62,5513.24,2000.38,2024-03-08,Paid
TXN_LOAN0299_7,LOAN0299,CUST0098,7513.62,5568.57,1945.05,2024-04-08,Paid
TXN_LOAN0299_8,LOAN0299,CUST0098,7513.62,5624.46,1889.16,2024-05-08,Paid
TXN_LOAN0299_9,LOAN0299,CUST0098,7513.62,5680.9,1832.72,2024-06-08,Paid
TXN_LOAN0299_10,LOAN0299,CUST0098,7513.62,5737.92,1775.7,2024-07-08,Paid
TXN_LOAN0299_11,LOAN0299,CUST0098,7513.62,5795.5,1718.12,2024-08-08,Paid
TXN_LOAN0299_12,LOAN0299,CUST0098,7513.62,5853.67,1659.95,2024-09-08,Paid
TXN_LOAN0299_13,LOAN0299,CUST0098,7513.62,5912.41,1601.21,2024-10-08,Paid
TXN_LOAN0299_14,LOAN0299,CUST0098,7513.62,5971.75,1541.87,2024-11-08,Paid
TXN_LOAN0299_15,LOAN0299,CUST0098,7513.62,6031.68,1481.94,2024-12-08,Paid
TXN_LOAN0299_16,LOAN0299,CUST0098,7513.62,6092.22,1421.4,2025-01-08,Paid
TXN_LOAN0299_17,LOAN0299,CUST0098,7513.62,6153.36,1360.26,2025-02-08,Paid
TXN_LOAN0299_18,LOAN0299,CUST0098,7513.62,6215.11,1298.51,2025-03-08,Paid
TXN_LOAN0299_19,LOAN0299,CUST0098,7513.62,6277.49,1236.13,2025-04-08,Paid
TXN_LOAN0299_20,LOAN0299,CUST0098,7513.62,6340.49,1173.13,2025-05-08,Paid
TXN_LOAN0299_21,LOAN0299,CUST0098,7513.62,6404.12,1109.5,2025-06-08,Paid
TXN_LOAN0299_22,LOAN0299,CUST0098,7513.62,6468.39,1045.23,2025-07-08,Paid
TXN_LOAN0299_23,LOAN0299,CUST0098,7513.62,6533.31,980.31,2025-08-08,Missed
TXN_LOAN0299_24,LOAN0299,CUST0098,7513.62,6598.88,914.74,2025-09-08,Missed
TXN_LOAN0299_25,LOAN0299,CUST0098,7513.62,6665.1,848.52,2025-10-08,Paid
TXN_LOAN0299_26,LOAN0299,CUST0098,7513.62,6732.0,781.62,2025-11-08,Paid
TXN_LOAN0299_27,LOAN0299,CUST0098,7513.62,6799.56,714.06,2025-12-08,Paid
TXN_LOAN0299_28,LOAN0299,CUST0098,7513.62,6867.8,645.82,2026-01-08,Paid
TXN_LOAN0299_29,LOAN0299,CUST0098,7513.62,6936.72,576.9,2026-02-08,Paid
TXN_LOAN0299_30,LOAN0299,CUST0098,7513.62,7006.34,507.28,2026-03-08,Paid
TXN_LOAN0299_31,LOAN0299,CUST0098,7513.62,7076.66,436.96,2026-04-08,Paid
TXN_LOAN0299_32,LOAN0299,CUST0098,7513.62,7147.68,365.94,2026-05-08,Paid
TXN_LOAN0299_33,LOAN0299,CUST0098,7513.62,7219.41,294.21,2026-06-08,Paid
TXN_LOAN0299_34,LOAN0299,CUST0098,7513.62,7291.86,221.76,2026-07-08,Paid
TXN_LOAN0299_35,LOAN0299,CUST0098,7513.62,7365.05,148.57,2026-08-08,Paid
TXN_LOAN0299_36,LOAN0299,CUST0098,7513.62,7439.07,74.55,2026-09-08,Paid
TXN_LOAN0300_1,LOAN0300,CUST0037,8995.07,6234.45,2760.62,2023-10-08,Paid
TXN_LOAN0300_2,LOAN0300,CUST0037,8995.07,6298.26,2696.81,2023-11-08,Paid
TXN_LOAN0300_3,LOAN0300,CUST0037,8995.07,6362.72,2632.35,2023-12-08,Paid
TXN_LOAN0300_4,LOAN0300,CUST0037,8995.07,6427.84,2567.23,2024-01-08,Paid
TXN_LOAN0300_5,LOAN0300,CUST0037,8995.07,6493.63,2501.44,2024-02-08,Paid
TXN_LOAN0300_6,LOAN0300,CUST0037,8995.07,6560.09,2434.98,2024-03-08,Paid
TXN_LOAN0300_7,LOAN0300,CUST0037,8995.07,6627.23,2367.84,2024-04-08,Paid
TXN_LOAN0300_8,LOAN0300,CUST0037,8995.07,6695.06,2300.01,2024-05-08,Paid
TXN_LOAN0300_9,LOAN0300,CUST0037,8995.07,6763.59,2231.48,2024-06-08,Paid
TXN_LOAN0300_10,LOAN0300,CUST0037,8995.07,6832.81,2162.26,2024-07-08,Paid
TXN_LOAN0300_11,LOAN0300,CUST0037,8995.07,6902.75,2092.32,2024-08-08,Missed
TXN_LOAN0300_12,LOAN0300,CUST0037,8995.07,6973.4,2021.67,2024-09-08,Paid
TXN_LOAN0300_13,LOAN0300,CUST0037,8995.07,7044.77,1950.3,2024-10-08,Paid
TXN_LOAN0300_14,LOAN0300,CUST0037,8995.07,7116.87,1878.2,2024-11-08,Paid
TXN_LOAN0300_15,LOAN0300,CUST0037,8995.07,7189.71,1805.36,2024-12-08,Missed
TXN_LOAN0300_16,LOAN0300,CUST0037,8995.07,7263.3,1731.77,2025-01-08,Paid
TXN_LOAN0300_17,LOAN0300,CUST0037,8995.07,7337.64,1657.43,2025-02-08,Paid
TXN_LOAN0300_18,LOAN0300,CUST0037,8995.07,7412.74,1582.33,2025-03-08,Paid
TXN_LOAN0300_19,LOAN0300,CUST0037,8995.07,7488.61,1506.46,2025-04-08,Missed
TXN_LOAN0300_20,LOAN0300,CUST0037,8995.07,7565.26,1429.81,2025-05-08,Paid
TXN_LOAN0300_21,LOAN0300,CUST0037,8995.07,7642.69,1352.38,2025-06-08,Paid
TXN_LOAN0300_22,LOAN0300,CUST0037,8995.07,7720.91,1274.16,2025-07-08,Paid
TXN_LOAN0300_23,LOAN0300,CUST0037,8995.07,7799.93,1195.14,2025-08-08,Paid
TXN_LOAN0300_24,LOAN0300,CUST0037,8995.07,7879.77,1115.3,2025-09-08,Paid
TXN_LOAN0300_25,LOAN0300,CUST0037,8995.07,7960.41,1034.66,2025-10-08,Paid
TXN_LOAN0300_26,LOAN0300,CUST0037,8995.07,8041.89,953.18,2025-11-08,Paid
TXN_LOAN0300_27,LOAN0300,CUST0037,8995.07,8124.2,870.87,2025-12-08,Paid
TXN_LOAN0300_28,LOAN0300,CUST0037,8995.07,8207.35,787.72,2026-01-08,Missed
TXN_LOAN0300_29,LOAN0300,CUST0037,8995.07,8291.35,703.72,2026-02-08,Paid
TXN_LOAN0300_30,LOAN0300,CUST0037,8995.07,8376.21,618.86,2026-03-08,Paid
TXN_LOAN0300_31,LOAN0300,CUST0037,8995.07,8461.94,533.13,2026-04-08,Paid
TXN_LOAN0300_32,LOAN0300,CUST0037,8995.07,8548.55,446.52,2026-05-08,Paid
TXN_LOAN0300_33,LOAN0300,CUST0037,8995.07,8636.05,359.02,2026-06-08,Missed
TXN_LOAN0300_34,LOAN0300,CUST0037,8995.07,8724.44,270.63,2026-07-08,Missed
TXN_LOAN0300_35,LOAN0300,CUST0037,8995.07,8813.73,181.34,2026-08-08,Paid
TXN_LOAN0300_36,LOAN0300,CUST0037,8995.07,8903.85,91.22,2026-09-08,Missed
